solid OpenSCAD_Model
  facet normal -0 0 1
    outer loop
      vertex 0 60.6 19.8
      vertex 2.39998 51.4 19.8
      vertex 2.39998 60.6 19.8
    endloop
  endfacet
  facet normal 0 0 1
    outer loop
      vertex 2.39998 51.4 19.8
      vertex 0 60.6 19.8
      vertex 0 51.4 19.8
    endloop
  endfacet
  facet normal 0 0 -1
    outer loop
      vertex 0 51.4 23
      vertex 2.39998 60.6 23
      vertex 2.39998 51.4 23
    endloop
  endfacet
  facet normal -0 0 -1
    outer loop
      vertex 2.39998 60.6 23
      vertex 0 51.4 23
      vertex 0 60.6 23
    endloop
  endfacet
  facet normal 0 -1 0
    outer loop
      vertex 0 60.6 19.8
      vertex 2.39998 60.6 23
      vertex 0 60.6 23
    endloop
  endfacet
  facet normal 0 -1 -0
    outer loop
      vertex 2.39998 60.6 23
      vertex 0 60.6 19.8
      vertex 2.39998 60.6 19.8
    endloop
  endfacet
  facet normal 0 1 -0
    outer loop
      vertex 2.39998 51.4 19.8
      vertex 0 51.4 23
      vertex 2.39998 51.4 23
    endloop
  endfacet
  facet normal 0 1 0
    outer loop
      vertex 0 51.4 23
      vertex 2.39998 51.4 19.8
      vertex 0 51.4 19.8
    endloop
  endfacet
  facet normal -0 0 1
    outer loop
      vertex 0 22.6 19.8
      vertex 2.39998 13.4 19.8
      vertex 2.39998 22.6 19.8
    endloop
  endfacet
  facet normal 0 0 1
    outer loop
      vertex 2.39998 13.4 19.8
      vertex 0 22.6 19.8
      vertex 0 13.4 19.8
    endloop
  endfacet
  facet normal 0 0 -1
    outer loop
      vertex 0 13.4 23
      vertex 2.39998 22.6 23
      vertex 2.39998 13.4 23
    endloop
  endfacet
  facet normal -0 0 -1
    outer loop
      vertex 2.39998 22.6 23
      vertex 0 13.4 23
      vertex 0 22.6 23
    endloop
  endfacet
  facet normal 0 -1 0
    outer loop
      vertex 0 22.6 19.8
      vertex 2.39998 22.6 23
      vertex 0 22.6 23
    endloop
  endfacet
  facet normal 0 -1 -0
    outer loop
      vertex 2.39998 22.6 23
      vertex 0 22.6 19.8
      vertex 2.39998 22.6 19.8
    endloop
  endfacet
  facet normal 0 1 -0
    outer loop
      vertex 2.39998 13.4 19.8
      vertex 0 13.4 23
      vertex 2.39998 13.4 23
    endloop
  endfacet
  facet normal 0 1 0
    outer loop
      vertex 0 13.4 23
      vertex 2.39998 13.4 19.8
      vertex 0 13.4 19.8
    endloop
  endfacet
  facet normal -0 0 1
    outer loop
      vertex 93.6 60.6 19.8
      vertex 96 51.4 19.8
      vertex 96 60.6 19.8
    endloop
  endfacet
  facet normal 0 0 1
    outer loop
      vertex 96 51.4 19.8
      vertex 93.6 60.6 19.8
      vertex 93.6 51.4 19.8
    endloop
  endfacet
  facet normal 0 0 -1
    outer loop
      vertex 93.6 51.4 23
      vertex 96 60.6 23
      vertex 96 51.4 23
    endloop
  endfacet
  facet normal -0 0 -1
    outer loop
      vertex 96 60.6 23
      vertex 93.6 51.4 23
      vertex 93.6 60.6 23
    endloop
  endfacet
  facet normal 0 -1 0
    outer loop
      vertex 93.6 60.6 19.8
      vertex 96 60.6 23
      vertex 93.6 60.6 23
    endloop
  endfacet
  facet normal 0 -1 -0
    outer loop
      vertex 96 60.6 23
      vertex 93.6 60.6 19.8
      vertex 96 60.6 19.8
    endloop
  endfacet
  facet normal 0 1 -0
    outer loop
      vertex 96 51.4 19.8
      vertex 93.6 51.4 23
      vertex 96 51.4 23
    endloop
  endfacet
  facet normal 0 1 0
    outer loop
      vertex 93.6 51.4 23
      vertex 96 51.4 19.8
      vertex 93.6 51.4 19.8
    endloop
  endfacet
  facet normal -0 0 1
    outer loop
      vertex 93.6 22.6 19.8
      vertex 96 13.4 19.8
      vertex 96 22.6 19.8
    endloop
  endfacet
  facet normal 0 0 1
    outer loop
      vertex 96 13.4 19.8
      vertex 93.6 22.6 19.8
      vertex 93.6 13.4 19.8
    endloop
  endfacet
  facet normal 0 0 -1
    outer loop
      vertex 93.6 13.4 23
      vertex 96 22.6 23
      vertex 96 13.4 23
    endloop
  endfacet
  facet normal -0 0 -1
    outer loop
      vertex 96 22.6 23
      vertex 93.6 13.4 23
      vertex 93.6 22.6 23
    endloop
  endfacet
  facet normal 0 -1 0
    outer loop
      vertex 93.6 22.6 19.8
      vertex 96 22.6 23
      vertex 93.6 22.6 23
    endloop
  endfacet
  facet normal 0 -1 -0
    outer loop
      vertex 96 22.6 23
      vertex 93.6 22.6 19.8
      vertex 96 22.6 19.8
    endloop
  endfacet
  facet normal 0 1 -0
    outer loop
      vertex 96 13.4 19.8
      vertex 93.6 13.4 23
      vertex 96 13.4 23
    endloop
  endfacet
  facet normal 0 1 0
    outer loop
      vertex 93.6 13.4 23
      vertex 96 13.4 19.8
      vertex 93.6 13.4 19.8
    endloop
  endfacet
  facet normal 1 -0 0
    outer loop
      vertex 20 0 36
      vertex 20 2.4 24
      vertex 20 2.4 36
    endloop
  endfacet
  facet normal 1 0 0
    outer loop
      vertex 20 2.4 24
      vertex 20 0 36
      vertex 20 0 24
    endloop
  endfacet
  facet normal -0 0 1
    outer loop
      vertex 20 2.4 24
      vertex 22 0 24
      vertex 22 2.4 24
    endloop
  endfacet
  facet normal 0 0 1
    outer loop
      vertex 22 0 24
      vertex 20 2.4 24
      vertex 20 0 24
    endloop
  endfacet
  facet normal -1 0 0
    outer loop
      vertex 22 0 24
      vertex 22 2.4 36
      vertex 22 2.4 24
    endloop
  endfacet
  facet normal -1 -0 0
    outer loop
      vertex 22 2.4 36
      vertex 22 0 24
      vertex 22 0 36
    endloop
  endfacet
  facet normal 0 0 -1
    outer loop
      vertex 20 0 36
      vertex 22 2.4 36
      vertex 22 0 36
    endloop
  endfacet
  facet normal -0 0 -1
    outer loop
      vertex 22 2.4 36
      vertex 20 0 36
      vertex 20 2.4 36
    endloop
  endfacet
  facet normal 1 -0 0
    outer loop
      vertex 28 0 36
      vertex 28 2.4 24
      vertex 28 2.4 36
    endloop
  endfacet
  facet normal 1 0 0
    outer loop
      vertex 28 2.4 24
      vertex 28 0 36
      vertex 28 0 24
    endloop
  endfacet
  facet normal -0 0 1
    outer loop
      vertex 28 2.4 24
      vertex 30 0 24
      vertex 30 2.4 24
    endloop
  endfacet
  facet normal 0 0 1
    outer loop
      vertex 30 0 24
      vertex 28 2.4 24
      vertex 28 0 24
    endloop
  endfacet
  facet normal -1 0 0
    outer loop
      vertex 30 0 24
      vertex 30 2.4 36
      vertex 30 2.4 24
    endloop
  endfacet
  facet normal -1 -0 0
    outer loop
      vertex 30 2.4 36
      vertex 30 0 24
      vertex 30 0 36
    endloop
  endfacet
  facet normal 0 0 -1
    outer loop
      vertex 28 0 36
      vertex 30 2.4 36
      vertex 30 0 36
    endloop
  endfacet
  facet normal -0 0 -1
    outer loop
      vertex 30 2.4 36
      vertex 28 0 36
      vertex 28 2.4 36
    endloop
  endfacet
  facet normal 1 -0 0
    outer loop
      vertex 36 0 36
      vertex 36 2.4 24
      vertex 36 2.4 36
    endloop
  endfacet
  facet normal 1 0 0
    outer loop
      vertex 36 2.4 24
      vertex 36 0 36
      vertex 36 0 24
    endloop
  endfacet
  facet normal -0 0 1
    outer loop
      vertex 36 2.4 24
      vertex 38 0 24
      vertex 38 2.4 24
    endloop
  endfacet
  facet normal 0 0 1
    outer loop
      vertex 38 0 24
      vertex 36 2.4 24
      vertex 36 0 24
    endloop
  endfacet
  facet normal -1 0 0
    outer loop
      vertex 38 0 24
      vertex 38 2.4 36
      vertex 38 2.4 24
    endloop
  endfacet
  facet normal -1 -0 0
    outer loop
      vertex 38 2.4 36
      vertex 38 0 24
      vertex 38 0 36
    endloop
  endfacet
  facet normal 0 0 -1
    outer loop
      vertex 36 0 36
      vertex 38 2.4 36
      vertex 38 0 36
    endloop
  endfacet
  facet normal -0 0 -1
    outer loop
      vertex 38 2.4 36
      vertex 36 0 36
      vertex 36 2.4 36
    endloop
  endfacet
  facet normal 1 -0 0
    outer loop
      vertex 44 0 36
      vertex 44 2.4 24
      vertex 44 2.4 36
    endloop
  endfacet
  facet normal 1 0 0
    outer loop
      vertex 44 2.4 24
      vertex 44 0 36
      vertex 44 0 24
    endloop
  endfacet
  facet normal -0 0 1
    outer loop
      vertex 44 2.4 24
      vertex 46 0 24
      vertex 46 2.4 24
    endloop
  endfacet
  facet normal 0 0 1
    outer loop
      vertex 46 0 24
      vertex 44 2.4 24
      vertex 44 0 24
    endloop
  endfacet
  facet normal -1 0 0
    outer loop
      vertex 46 0 24
      vertex 46 2.4 36
      vertex 46 2.4 24
    endloop
  endfacet
  facet normal -1 -0 0
    outer loop
      vertex 46 2.4 36
      vertex 46 0 24
      vertex 46 0 36
    endloop
  endfacet
  facet normal 0 0 -1
    outer loop
      vertex 44 0 36
      vertex 46 2.4 36
      vertex 46 0 36
    endloop
  endfacet
  facet normal -0 0 -1
    outer loop
      vertex 46 2.4 36
      vertex 44 0 36
      vertex 44 2.4 36
    endloop
  endfacet
  facet normal 1 -0 0
    outer loop
      vertex 52 0 36
      vertex 52 2.4 24
      vertex 52 2.4 36
    endloop
  endfacet
  facet normal 1 0 0
    outer loop
      vertex 52 2.4 24
      vertex 52 0 36
      vertex 52 0 24
    endloop
  endfacet
  facet normal -0 0 1
    outer loop
      vertex 52 2.4 24
      vertex 54 0 24
      vertex 54 2.4 24
    endloop
  endfacet
  facet normal 0 0 1
    outer loop
      vertex 54 0 24
      vertex 52 2.4 24
      vertex 52 0 24
    endloop
  endfacet
  facet normal -1 0 0
    outer loop
      vertex 54 0 24
      vertex 54 2.4 36
      vertex 54 2.4 24
    endloop
  endfacet
  facet normal -1 -0 0
    outer loop
      vertex 54 2.4 36
      vertex 54 0 24
      vertex 54 0 36
    endloop
  endfacet
  facet normal 0 0 -1
    outer loop
      vertex 52 0 36
      vertex 54 2.4 36
      vertex 54 0 36
    endloop
  endfacet
  facet normal -0 0 -1
    outer loop
      vertex 54 2.4 36
      vertex 52 0 36
      vertex 52 2.4 36
    endloop
  endfacet
  facet normal 1 -0 0
    outer loop
      vertex 60 0 36
      vertex 60 2.4 24
      vertex 60 2.4 36
    endloop
  endfacet
  facet normal 1 0 0
    outer loop
      vertex 60 2.4 24
      vertex 60 0 36
      vertex 60 0 24
    endloop
  endfacet
  facet normal -0 0 1
    outer loop
      vertex 60 2.4 24
      vertex 62 0 24
      vertex 62 2.4 24
    endloop
  endfacet
  facet normal 0 0 1
    outer loop
      vertex 62 0 24
      vertex 60 2.4 24
      vertex 60 0 24
    endloop
  endfacet
  facet normal -1 0 0
    outer loop
      vertex 62 0 24
      vertex 62 2.4 36
      vertex 62 2.4 24
    endloop
  endfacet
  facet normal -1 -0 0
    outer loop
      vertex 62 2.4 36
      vertex 62 0 24
      vertex 62 0 36
    endloop
  endfacet
  facet normal 0 0 -1
    outer loop
      vertex 60 0 36
      vertex 62 2.4 36
      vertex 62 0 36
    endloop
  endfacet
  facet normal -0 0 -1
    outer loop
      vertex 62 2.4 36
      vertex 60 0 36
      vertex 60 2.4 36
    endloop
  endfacet
  facet normal 1 -0 0
    outer loop
      vertex 68 0 36
      vertex 68 2.4 24
      vertex 68 2.4 36
    endloop
  endfacet
  facet normal 1 0 0
    outer loop
      vertex 68 2.4 24
      vertex 68 0 36
      vertex 68 0 24
    endloop
  endfacet
  facet normal -0 0 1
    outer loop
      vertex 68 2.4 24
      vertex 70 0 24
      vertex 70 2.4 24
    endloop
  endfacet
  facet normal 0 0 1
    outer loop
      vertex 70 0 24
      vertex 68 2.4 24
      vertex 68 0 24
    endloop
  endfacet
  facet normal -1 0 0
    outer loop
      vertex 70 0 24
      vertex 70 2.4 36
      vertex 70 2.4 24
    endloop
  endfacet
  facet normal -1 -0 0
    outer loop
      vertex 70 2.4 36
      vertex 70 0 24
      vertex 70 0 36
    endloop
  endfacet
  facet normal 0 0 -1
    outer loop
      vertex 68 0 36
      vertex 70 2.4 36
      vertex 70 0 36
    endloop
  endfacet
  facet normal -0 0 -1
    outer loop
      vertex 70 2.4 36
      vertex 68 0 36
      vertex 68 2.4 36
    endloop
  endfacet
  facet normal 1 -0 0
    outer loop
      vertex 76 0 36
      vertex 76 2.4 24
      vertex 76 2.4 36
    endloop
  endfacet
  facet normal 1 0 0
    outer loop
      vertex 76 2.4 24
      vertex 76 0 36
      vertex 76 0 24
    endloop
  endfacet
  facet normal -0 0 1
    outer loop
      vertex 76 2.4 24
      vertex 78 0 24
      vertex 78 2.4 24
    endloop
  endfacet
  facet normal 0 0 1
    outer loop
      vertex 78 0 24
      vertex 76 2.4 24
      vertex 76 0 24
    endloop
  endfacet
  facet normal -1 0 0
    outer loop
      vertex 78 0 24
      vertex 78 2.4 36
      vertex 78 2.4 24
    endloop
  endfacet
  facet normal -1 -0 0
    outer loop
      vertex 78 2.4 36
      vertex 78 0 24
      vertex 78 0 36
    endloop
  endfacet
  facet normal 0 0 -1
    outer loop
      vertex 76 0 36
      vertex 78 2.4 36
      vertex 78 0 36
    endloop
  endfacet
  facet normal -0 0 -1
    outer loop
      vertex 78 2.4 36
      vertex 76 0 36
      vertex 76 2.4 36
    endloop
  endfacet
  facet normal 0.321498 0.94691 -0
    outer loop
      vertex 93.5307 81.6955 0
      vertex 93.0353 81.8637 41.6
      vertex 93.5307 81.6955 41.6
    endloop
  endfacet
  facet normal 0.321498 0.94691 0
    outer loop
      vertex 93.0353 81.8637 41.6
      vertex 93.5307 81.6955 0
      vertex 93.0353 81.8637 0
    endloop
  endfacet
  facet normal 0.195124 0.980779 -0
    outer loop
      vertex 93.0353 81.8637 0
      vertex 92.5221 81.9658 41.6
      vertex 93.0353 81.8637 41.6
    endloop
  endfacet
  facet normal 0.195124 0.980779 0
    outer loop
      vertex 92.5221 81.9658 41.6
      vertex 93.0353 81.8637 0
      vertex 92.5221 81.9658 0
    endloop
  endfacet
  facet normal 0.997861 0.0653646 0
    outer loop
      vertex 96 78 41.6
      vertex 95.9658 78.5221 0
      vertex 95.9658 78.5221 41.6
    endloop
  endfacet
  facet normal 0.997861 0.0653646 0
    outer loop
      vertex 95.9658 78.5221 0
      vertex 96 78 41.6
      vertex 96 78 0
    endloop
  endfacet
  facet normal -1 0 0
    outer loop
      vertex 0 78 0
      vertex 0 60.6 19.8
      vertex 0 78 41.6
    endloop
  endfacet
  facet normal -1 0 0
    outer loop
      vertex 0 78 0
      vertex 0 51.4 19.8
      vertex 0 60.6 19.8
    endloop
  endfacet
  facet normal -1 0 0
    outer loop
      vertex 0 51.4 19.8
      vertex 0 22.6 19.8
      vertex 0 51.4 23
    endloop
  endfacet
  facet normal -1 0 0
    outer loop
      vertex 0 4 0
      vertex 0 51.4 19.8
      vertex 0 78 0
    endloop
  endfacet
  facet normal -1 -0 0
    outer loop
      vertex 0 51.4 19.8
      vertex 0 4 0
      vertex 0 22.6 19.8
    endloop
  endfacet
  facet normal -1 0 0
    outer loop
      vertex 0 4 41.6
      vertex 0 13.4 19.8
      vertex 0 4 0
    endloop
  endfacet
  facet normal -1 -0 0
    outer loop
      vertex 0 22.6 19.8
      vertex 0 4 0
      vertex 0 13.4 19.8
    endloop
  endfacet
  facet normal -1 0 0
    outer loop
      vertex 0 60.6 23
      vertex 0 78 41.6
      vertex 0 60.6 19.8
    endloop
  endfacet
  facet normal -1 0 0
    outer loop
      vertex 0 51.4 23
      vertex 0 78 41.6
      vertex 0 60.6 23
    endloop
  endfacet
  facet normal -1 0 0
    outer loop
      vertex 0 22.6 23
      vertex 0 51.4 23
      vertex 0 22.6 19.8
    endloop
  endfacet
  facet normal -1 0 0
    outer loop
      vertex 0 4 41.6
      vertex 0 51.4 23
      vertex 0 22.6 23
    endloop
  endfacet
  facet normal -1 0 0
    outer loop
      vertex 0 4 41.6
      vertex 0 22.6 23
      vertex 0 13.4 23
    endloop
  endfacet
  facet normal -1 0 0
    outer loop
      vertex 0 51.4 23
      vertex 0 4 41.6
      vertex 0 78 41.6
    endloop
  endfacet
  facet normal -1 0 0
    outer loop
      vertex 0 13.4 19.8
      vertex 0 4 41.6
      vertex 0 13.4 23
    endloop
  endfacet
  facet normal 0.0653646 0.997861 -0
    outer loop
      vertex 92.5221 81.9658 0
      vertex 92 82 41.6
      vertex 92.5221 81.9658 41.6
    endloop
  endfacet
  facet normal 0.0653646 0.997861 0
    outer loop
      vertex 92 82 41.6
      vertex 92.5221 81.9658 0
      vertex 92 82 0
    endloop
  endfacet
  facet normal 0.659328 -0.751855 0
    outer loop
      vertex 94.435 0.826584 0
      vertex 94.8284 1.17157 41.6
      vertex 94.435 0.826584 41.6
    endloop
  endfacet
  facet normal 0.659328 -0.751855 0
    outer loop
      vertex 94.8284 1.17157 41.6
      vertex 94.435 0.826584 0
      vertex 94.8284 1.17157 0
    endloop
  endfacet
  facet normal 0 1 0
    outer loop
      vertex 92 82 41.6
      vertex 38 82 6
      vertex 38 82 41.6
    endloop
  endfacet
  facet normal 0 1 0
    outer loop
      vertex 4 82 0
      vertex 38 82 6
      vertex 92 82 0
    endloop
  endfacet
  facet normal 0 1 -0
    outer loop
      vertex 92 82 0
      vertex 38 82 6
      vertex 92 82 41.6
    endloop
  endfacet
  facet normal 0 1 -0
    outer loop
      vertex 10 82 6
      vertex 4 82 41.6
      vertex 10 82 41.6
    endloop
  endfacet
  facet normal 0 1 0
    outer loop
      vertex 10 82 6
      vertex 4 82 0
      vertex 4 82 41.6
    endloop
  endfacet
  facet normal 0 1 0
    outer loop
      vertex 38 82 6
      vertex 4 82 0
      vertex 10 82 6
    endloop
  endfacet
  facet normal 1 0 0
    outer loop
      vertex 96 60.6 19.8
      vertex 96 78 41.6
      vertex 96 60.6 23
    endloop
  endfacet
  facet normal 1 0 0
    outer loop
      vertex 96 78 41.6
      vertex 96 51.4 23
      vertex 96 60.6 23
    endloop
  endfacet
  facet normal 1 0 0
    outer loop
      vertex 96 51.4 23
      vertex 96 22.6 23
      vertex 96 51.4 19.8
    endloop
  endfacet
  facet normal 1 -0 0
    outer loop
      vertex 96 4 41.6
      vertex 96 51.4 23
      vertex 96 78 41.6
    endloop
  endfacet
  facet normal 1 0 0
    outer loop
      vertex 96 51.4 23
      vertex 96 4 41.6
      vertex 96 22.6 23
    endloop
  endfacet
  facet normal 1 0 0
    outer loop
      vertex 96 13.4 23
      vertex 96 4 41.6
      vertex 96 13.4 19.8
    endloop
  endfacet
  facet normal 1 0 0
    outer loop
      vertex 96 22.6 23
      vertex 96 4 41.6
      vertex 96 13.4 23
    endloop
  endfacet
  facet normal 1 0 0
    outer loop
      vertex 96 78 41.6
      vertex 96 60.6 19.8
      vertex 96 78 0
    endloop
  endfacet
  facet normal 1 -0 0
    outer loop
      vertex 96 51.4 19.8
      vertex 96 78 0
      vertex 96 60.6 19.8
    endloop
  endfacet
  facet normal 1 0 0
    outer loop
      vertex 96 22.6 19.8
      vertex 96 51.4 19.8
      vertex 96 22.6 23
    endloop
  endfacet
  facet normal 1 0 0
    outer loop
      vertex 96 4 0
      vertex 96 51.4 19.8
      vertex 96 22.6 19.8
    endloop
  endfacet
  facet normal 1 0 0
    outer loop
      vertex 96 4 0
      vertex 96 22.6 19.8
      vertex 96 13.4 19.8
    endloop
  endfacet
  facet normal 1 0 0
    outer loop
      vertex 96 51.4 19.8
      vertex 96 4 0
      vertex 96 78 0
    endloop
  endfacet
  facet normal 1 0 0
    outer loop
      vertex 96 4 0
      vertex 96 13.4 19.8
      vertex 96 4 41.6
    endloop
  endfacet
  facet normal 0.751842 0.659343 0
    outer loop
      vertex 95.1734 80.435 41.6
      vertex 94.8284 80.8284 0
      vertex 94.8284 80.8284 41.6
    endloop
  endfacet
  facet normal 0.751842 0.659343 0
    outer loop
      vertex 94.8284 80.8284 0
      vertex 95.1734 80.435 41.6
      vertex 95.1734 80.435 0
    endloop
  endfacet
  facet normal 0 0 -1
    outer loop
      vertex 92 0 0
      vertex 96 4 0
      vertex 95.9658 3.47789 0
    endloop
  endfacet
  facet normal 0 0 -1
    outer loop
      vertex 96 4 0
      vertex 81 42 0
      vertex 96 78 0
    endloop
  endfacet
  facet normal 0 0 -1
    outer loop
      vertex 92 0 0
      vertex 95.9658 3.47789 0
      vertex 95.8637 2.96472 0
    endloop
  endfacet
  facet normal 0 0 -1
    outer loop
      vertex 80.8888 43.6968 0
      vertex 96 78 0
      vertex 81 42 0
    endloop
  endfacet
  facet normal 0 0 -1
    outer loop
      vertex 92 0 0
      vertex 95.8637 2.96472 0
      vertex 95.6955 2.46927 0
    endloop
  endfacet
  facet normal 0 0 -1
    outer loop
      vertex 80.557 45.3646 0
      vertex 96 78 0
      vertex 80.8888 43.6968 0
    endloop
  endfacet
  facet normal 0 0 -1
    outer loop
      vertex 92 0 0
      vertex 95.6955 2.46927 0
      vertex 95.4641 2 0
    endloop
  endfacet
  facet normal 0 0 -1
    outer loop
      vertex 80.0104 46.9749 0
      vertex 96 78 0
      vertex 80.557 45.3646 0
    endloop
  endfacet
  facet normal 0 0 -1
    outer loop
      vertex 92 0 0
      vertex 95.4641 2 0
      vertex 95.1734 1.56496 0
    endloop
  endfacet
  facet normal 0 0 -1
    outer loop
      vertex 79.2583 48.5 0
      vertex 96 78 0
      vertex 80.0104 46.9749 0
    endloop
  endfacet
  facet normal 0 0 -1
    outer loop
      vertex 92 0 0
      vertex 95.1734 1.56496 0
      vertex 94.8284 1.17157 0
    endloop
  endfacet
  facet normal 0 0 -1
    outer loop
      vertex 78.3136 49.9139 0
      vertex 96 78 0
      vertex 79.2583 48.5 0
    endloop
  endfacet
  facet normal 0 0 -1
    outer loop
      vertex 92 0 0
      vertex 94.8284 1.17157 0
      vertex 94.435 0.826584 0
    endloop
  endfacet
  facet normal 0 0 -1
    outer loop
      vertex 77.1924 51.1924 0
      vertex 96 78 0
      vertex 78.3136 49.9139 0
    endloop
  endfacet
  facet normal 0 0 -1
    outer loop
      vertex 92 0 0
      vertex 94.435 0.826584 0
      vertex 94 0.535904 0
    endloop
  endfacet
  facet normal 0 0 -1
    outer loop
      vertex 75.9139 52.3136 0
      vertex 96 78 0
      vertex 77.1924 51.1924 0
    endloop
  endfacet
  facet normal 0 0 -1
    outer loop
      vertex 92 0 0
      vertex 94 0.535904 0
      vertex 93.5307 0.304489 0
    endloop
  endfacet
  facet normal 0 0 -1
    outer loop
      vertex 74.5 53.2583 0
      vertex 96 78 0
      vertex 75.9139 52.3136 0
    endloop
  endfacet
  facet normal 0 0 -1
    outer loop
      vertex 92 0 0
      vertex 93.5307 0.304489 0
      vertex 93.0353 0.136292 0
    endloop
  endfacet
  facet normal 0 -0 -1
    outer loop
      vertex 92 82 0
      vertex 96 78 0
      vertex 74.5 53.2583 0
    endloop
  endfacet
  facet normal 0 0 -1
    outer loop
      vertex 92 0 0
      vertex 93.0353 0.136292 0
      vertex 92.5221 0.0342255 0
    endloop
  endfacet
  facet normal 0 0 -1
    outer loop
      vertex 96 78 0
      vertex 92 82 0
      vertex 95.9658 78.5221 0
    endloop
  endfacet
  facet normal -0 0 -1
    outer loop
      vertex 96 4 0
      vertex 92 0 0
      vertex 74.5 30.7417 0
    endloop
  endfacet
  facet normal 0 0 -1
    outer loop
      vertex 95.8637 79.0353 0
      vertex 92 82 0
      vertex 95.6955 79.5307 0
    endloop
  endfacet
  facet normal 0 0 -1
    outer loop
      vertex 95.6955 79.5307 0
      vertex 92 82 0
      vertex 95.4641 80 0
    endloop
  endfacet
  facet normal 0 0 -1
    outer loop
      vertex 96 4 0
      vertex 80.8888 40.3032 0
      vertex 81 42 0
    endloop
  endfacet
  facet normal 0 0 -1
    outer loop
      vertex 96 4 0
      vertex 80.557 38.6354 0
      vertex 80.8888 40.3032 0
    endloop
  endfacet
  facet normal 0 0 -1
    outer loop
      vertex 96 4 0
      vertex 80.0104 37.0251 0
      vertex 80.557 38.6354 0
    endloop
  endfacet
  facet normal 0 0 -1
    outer loop
      vertex 96 4 0
      vertex 79.2583 35.5 0
      vertex 80.0104 37.0251 0
    endloop
  endfacet
  facet normal 0 0 -1
    outer loop
      vertex 96 4 0
      vertex 78.3136 34.0861 0
      vertex 79.2583 35.5 0
    endloop
  endfacet
  facet normal 0 0 -1
    outer loop
      vertex 96 4 0
      vertex 77.1924 32.8076 0
      vertex 78.3136 34.0861 0
    endloop
  endfacet
  facet normal 0 0 -1
    outer loop
      vertex 96 4 0
      vertex 75.9139 31.6864 0
      vertex 77.1924 32.8076 0
    endloop
  endfacet
  facet normal 0 0 -1
    outer loop
      vertex 96 4 0
      vertex 74.5 30.7417 0
      vertex 75.9139 31.6864 0
    endloop
  endfacet
  facet normal 0 0 -1
    outer loop
      vertex 92 0 0
      vertex 72.9749 29.9896 0
      vertex 74.5 30.7417 0
    endloop
  endfacet
  facet normal 0 0 -1
    outer loop
      vertex 92 0 0
      vertex 71.3646 29.443 0
      vertex 72.9749 29.9896 0
    endloop
  endfacet
  facet normal 0 0 -1
    outer loop
      vertex 92 0 0
      vertex 69.6968 29.1112 0
      vertex 71.3646 29.443 0
    endloop
  endfacet
  facet normal 0 0 -1
    outer loop
      vertex 92 0 0
      vertex 68 29 0
      vertex 69.6968 29.1112 0
    endloop
  endfacet
  facet normal 0 0 -1
    outer loop
      vertex 92 0 0
      vertex 66.3032 29.1112 0
      vertex 68 29 0
    endloop
  endfacet
  facet normal 0 0 -1
    outer loop
      vertex 92 0 0
      vertex 64.6354 29.443 0
      vertex 66.3032 29.1112 0
    endloop
  endfacet
  facet normal 0 0 -1
    outer loop
      vertex 92 0 0
      vertex 63.0251 29.9896 0
      vertex 64.6354 29.443 0
    endloop
  endfacet
  facet normal 0 0 -1
    outer loop
      vertex 4 0 0
      vertex 63.0251 29.9896 0
      vertex 92 0 0
    endloop
  endfacet
  facet normal -0 0 -1
    outer loop
      vertex 63.0251 29.9896 0
      vertex 4 0 0
      vertex 61.5 30.7417 0
    endloop
  endfacet
  facet normal -0 0 -1
    outer loop
      vertex 61.5 30.7417 0
      vertex 4 0 0
      vertex 60.0861 31.6864 0
    endloop
  endfacet
  facet normal -0 0 -1
    outer loop
      vertex 55.443 38.6354 0
      vertex 0 4 0
      vertex 55.1112 40.3032 0
    endloop
  endfacet
  facet normal -0 0 -1
    outer loop
      vertex 55.9896 37.0251 0
      vertex 0 4 0
      vertex 55.443 38.6354 0
    endloop
  endfacet
  facet normal 0 0 -1
    outer loop
      vertex 0 4 0
      vertex 55.9896 37.0251 0
      vertex 4 0 0
    endloop
  endfacet
  facet normal -0 0 -1
    outer loop
      vertex 56.7417 35.5 0
      vertex 4 0 0
      vertex 55.9896 37.0251 0
    endloop
  endfacet
  facet normal -0 0 -1
    outer loop
      vertex 57.6864 34.0861 0
      vertex 4 0 0
      vertex 56.7417 35.5 0
    endloop
  endfacet
  facet normal -0 0 -1
    outer loop
      vertex 58.8076 32.8076 0
      vertex 4 0 0
      vertex 57.6864 34.0861 0
    endloop
  endfacet
  facet normal -0 0 -1
    outer loop
      vertex 60.0861 31.6864 0
      vertex 4 0 0
      vertex 58.8076 32.8076 0
    endloop
  endfacet
  facet normal 0 0 -1
    outer loop
      vertex 95.4641 80 0
      vertex 92 82 0
      vertex 95.1734 80.435 0
    endloop
  endfacet
  facet normal 0 0 -1
    outer loop
      vertex 95.1734 80.435 0
      vertex 92 82 0
      vertex 94.8284 80.8284 0
    endloop
  endfacet
  facet normal 0 0 -1
    outer loop
      vertex 94.435 81.1734 0
      vertex 92 82 0
      vertex 94 81.4641 0
    endloop
  endfacet
  facet normal 0 0 -1
    outer loop
      vertex 94 81.4641 0
      vertex 92 82 0
      vertex 93.5307 81.6955 0
    endloop
  endfacet
  facet normal 0 0 -1
    outer loop
      vertex 93.5307 81.6955 0
      vertex 92 82 0
      vertex 93.0353 81.8637 0
    endloop
  endfacet
  facet normal 0 0 -1
    outer loop
      vertex 93.0353 81.8637 0
      vertex 92 82 0
      vertex 92.5221 81.9658 0
    endloop
  endfacet
  facet normal 0 0 -1
    outer loop
      vertex 94.8284 80.8284 0
      vertex 92 82 0
      vertex 94.435 81.1734 0
    endloop
  endfacet
  facet normal 0 0 -1
    outer loop
      vertex 95.9658 78.5221 0
      vertex 92 82 0
      vertex 95.8637 79.0353 0
    endloop
  endfacet
  facet normal 0 0 -1
    outer loop
      vertex 72.9749 54.0104 0
      vertex 92 82 0
      vertex 74.5 53.2583 0
    endloop
  endfacet
  facet normal 0 0 -1
    outer loop
      vertex 71.3646 54.557 0
      vertex 92 82 0
      vertex 72.9749 54.0104 0
    endloop
  endfacet
  facet normal 0 0 -1
    outer loop
      vertex 69.6968 54.8888 0
      vertex 92 82 0
      vertex 71.3646 54.557 0
    endloop
  endfacet
  facet normal 0 0 -1
    outer loop
      vertex 68 55 0
      vertex 92 82 0
      vertex 69.6968 54.8888 0
    endloop
  endfacet
  facet normal 0 0 -1
    outer loop
      vertex 66.3032 54.8888 0
      vertex 92 82 0
      vertex 68 55 0
    endloop
  endfacet
  facet normal 0 0 -1
    outer loop
      vertex 64.6354 54.557 0
      vertex 92 82 0
      vertex 66.3032 54.8888 0
    endloop
  endfacet
  facet normal 0 0 -1
    outer loop
      vertex 63.0251 54.0104 0
      vertex 92 82 0
      vertex 64.6354 54.557 0
    endloop
  endfacet
  facet normal 0 0 -1
    outer loop
      vertex 4 82 0
      vertex 63.0251 54.0104 0
      vertex 61.5 53.2583 0
    endloop
  endfacet
  facet normal 0 0 -1
    outer loop
      vertex 4 82 0
      vertex 61.5 53.2583 0
      vertex 60.0861 52.3136 0
    endloop
  endfacet
  facet normal 0 0 -1
    outer loop
      vertex 4 82 0
      vertex 60.0861 52.3136 0
      vertex 58.8076 51.1924 0
    endloop
  endfacet
  facet normal -0 0 -1
    outer loop
      vertex 55.1112 40.3032 0
      vertex 0 4 0
      vertex 55 42 0
    endloop
  endfacet
  facet normal 0 0 -1
    outer loop
      vertex 0 78 0
      vertex 55 42 0
      vertex 0 4 0
    endloop
  endfacet
  facet normal 0 0 -1
    outer loop
      vertex 55 42 0
      vertex 0 78 0
      vertex 55.1112 43.6968 0
    endloop
  endfacet
  facet normal 0 0 -1
    outer loop
      vertex 55.1112 43.6968 0
      vertex 0 78 0
      vertex 55.443 45.3646 0
    endloop
  endfacet
  facet normal 0 0 -1
    outer loop
      vertex 55.443 45.3646 0
      vertex 0 78 0
      vertex 55.9896 46.9749 0
    endloop
  endfacet
  facet normal 0 -0 -1
    outer loop
      vertex 4 82 0
      vertex 55.9896 46.9749 0
      vertex 0 78 0
    endloop
  endfacet
  facet normal 0 0 -1
    outer loop
      vertex 63.0251 54.0104 0
      vertex 4 82 0
      vertex 92 82 0
    endloop
  endfacet
  facet normal 0 0 -1
    outer loop
      vertex 55.9896 46.9749 0
      vertex 4 82 0
      vertex 56.7417 48.5 0
    endloop
  endfacet
  facet normal 0 0 -1
    outer loop
      vertex 0 4 0
      vertex 4 0 0
      vertex 3.47789 0.0342255 0
    endloop
  endfacet
  facet normal 0 0 -1
    outer loop
      vertex 56.7417 48.5 0
      vertex 4 82 0
      vertex 57.6864 49.9139 0
    endloop
  endfacet
  facet normal 0 0 -1
    outer loop
      vertex 0 4 0
      vertex 3.47789 0.0342255 0
      vertex 2.96472 0.136292 0
    endloop
  endfacet
  facet normal 0 0 -1
    outer loop
      vertex 57.6864 49.9139 0
      vertex 4 82 0
      vertex 58.8076 51.1924 0
    endloop
  endfacet
  facet normal 0 0 -1
    outer loop
      vertex 0 4 0
      vertex 2.96472 0.136292 0
      vertex 2.46927 0.304489 0
    endloop
  endfacet
  facet normal 0 0 -1
    outer loop
      vertex 4 82 0
      vertex 0 78 0
      vertex 3.47789 81.9658 0
    endloop
  endfacet
  facet normal 0 0 -1
    outer loop
      vertex 0 4 0
      vertex 2.46927 0.304489 0
      vertex 2 0.535904 0
    endloop
  endfacet
  facet normal 0 0 -1
    outer loop
      vertex 3.47789 81.9658 0
      vertex 0 78 0
      vertex 2.96472 81.8637 0
    endloop
  endfacet
  facet normal 0 0 -1
    outer loop
      vertex 0 4 0
      vertex 2 0.535904 0
      vertex 1.56496 0.826584 0
    endloop
  endfacet
  facet normal 0 0 -1
    outer loop
      vertex 2.96472 81.8637 0
      vertex 0 78 0
      vertex 2.46927 81.6955 0
    endloop
  endfacet
  facet normal 0 0 -1
    outer loop
      vertex 0 4 0
      vertex 1.56496 0.826584 0
      vertex 1.17157 1.17157 0
    endloop
  endfacet
  facet normal 0 0 -1
    outer loop
      vertex 2.46927 81.6955 0
      vertex 0 78 0
      vertex 2 81.4641 0
    endloop
  endfacet
  facet normal 0 0 -1
    outer loop
      vertex 0 4 0
      vertex 1.17157 1.17157 0
      vertex 0.826584 1.56496 0
    endloop
  endfacet
  facet normal 0 0 -1
    outer loop
      vertex 2 81.4641 0
      vertex 0 78 0
      vertex 1.56496 81.1734 0
    endloop
  endfacet
  facet normal 0 0 -1
    outer loop
      vertex 0 4 0
      vertex 0.826584 1.56496 0
      vertex 0.535904 2 0
    endloop
  endfacet
  facet normal 0 0 -1
    outer loop
      vertex 1.56496 81.1734 0
      vertex 0 78 0
      vertex 1.17157 80.8284 0
    endloop
  endfacet
  facet normal 0 0 -1
    outer loop
      vertex 0 4 0
      vertex 0.535904 2 0
      vertex 0.304489 2.46927 0
    endloop
  endfacet
  facet normal 0 0 -1
    outer loop
      vertex 1.17157 80.8284 0
      vertex 0 78 0
      vertex 0.826584 80.435 0
    endloop
  endfacet
  facet normal 0 0 -1
    outer loop
      vertex 0 4 0
      vertex 0.304489 2.46927 0
      vertex 0.136292 2.96472 0
    endloop
  endfacet
  facet normal 0 0 -1
    outer loop
      vertex 0.826584 80.435 0
      vertex 0 78 0
      vertex 0.535904 80 0
    endloop
  endfacet
  facet normal 0 0 -1
    outer loop
      vertex 0 4 0
      vertex 0.136292 2.96472 0
      vertex 0.0342255 3.47789 0
    endloop
  endfacet
  facet normal 0 0 -1
    outer loop
      vertex 0.535904 80 0
      vertex 0 78 0
      vertex 0.304489 79.5307 0
    endloop
  endfacet
  facet normal 0 0 -1
    outer loop
      vertex 0.304489 79.5307 0
      vertex 0 78 0
      vertex 0.136292 79.0353 0
    endloop
  endfacet
  facet normal 0 0 -1
    outer loop
      vertex 0.136292 79.0353 0
      vertex 0 78 0
      vertex 0.0342255 78.5221 0
    endloop
  endfacet
  facet normal 0 0 -1
    outer loop
      vertex 67.2722 39.996 0
      vertex 70.2057 41.7701 0
      vertex 70.2994 39.996 0
    endloop
  endfacet
  facet normal -0 0 -1
    outer loop
      vertex 70.2057 41.7701 0
      vertex 67.2722 39.996 0
      vertex 67.2722 41.7701 0
    endloop
  endfacet
  facet normal 0 0 -1
    outer loop
      vertex 76.2021 40.5779 0
      vertex 80.3 42 0
      vertex 80.1948 40.3945 0
    endloop
  endfacet
  facet normal 0 0 -1
    outer loop
      vertex 76.2021 40.5779 0
      vertex 80.1948 40.3945 0
      vertex 79.8809 38.8165 0
    endloop
  endfacet
  facet normal -0 0 -1
    outer loop
      vertex 80.3 42 0
      vertex 76.2021 40.5779 0
      vertex 76.2753 43.2429 0
    endloop
  endfacet
  facet normal 0 0 -1
    outer loop
      vertex 75.9129 39.9747 0
      vertex 79.8809 38.8165 0
      vertex 79.3637 37.293 0
    endloop
  endfacet
  facet normal 0 0 -1
    outer loop
      vertex 80.3 42 0
      vertex 76.2753 43.2429 0
      vertex 80.1948 43.6055 0
    endloop
  endfacet
  facet normal 0 0 -1
    outer loop
      vertex 75.4846 39.5112 0
      vertex 79.3637 37.293 0
      vertex 78.6521 35.85 0
    endloop
  endfacet
  facet normal -0 0 -1
    outer loop
      vertex 80.1948 43.6055 0
      vertex 76.2753 43.2429 0
      vertex 79.8809 45.1835 0
    endloop
  endfacet
  facet normal 0 0 -1
    outer loop
      vertex 74.9178 39.1895 0
      vertex 78.6521 35.85 0
      vertex 77.7582 34.5122 0
    endloop
  endfacet
  facet normal 0 0 -1
    outer loop
      vertex 76.1724 43.4714 0
      vertex 79.8809 45.1835 0
      vertex 76.2753 43.2429 0
    endloop
  endfacet
  facet normal 0 0 -1
    outer loop
      vertex 74.4634 39.0573 0
      vertex 77.7582 34.5122 0
      vertex 76.6974 33.3026 0
    endloop
  endfacet
  facet normal 0 0 -1
    outer loop
      vertex 76.0566 43.6825 0
      vertex 79.8809 45.1835 0
      vertex 76.1724 43.4714 0
    endloop
  endfacet
  facet normal -0 0 -1
    outer loop
      vertex 79.8809 45.1835 0
      vertex 75.928 43.8763 0
      vertex 79.3637 46.707 0
    endloop
  endfacet
  facet normal 0 0 -1
    outer loop
      vertex 75.928 43.8763 0
      vertex 79.8809 45.1835 0
      vertex 76.0566 43.6825 0
    endloop
  endfacet
  facet normal 0 0 -1
    outer loop
      vertex 79.8809 38.8165 0
      vertex 76.1212 40.3613 0
      vertex 76.2021 40.5779 0
    endloop
  endfacet
  facet normal 0 0 -1
    outer loop
      vertex 79.8809 38.8165 0
      vertex 76.0247 40.1602 0
      vertex 76.1212 40.3613 0
    endloop
  endfacet
  facet normal 0 0 -1
    outer loop
      vertex 79.8809 38.8165 0
      vertex 75.9129 39.9747 0
      vertex 76.0247 40.1602 0
    endloop
  endfacet
  facet normal 0 0 -1
    outer loop
      vertex 79.3637 37.293 0
      vertex 75.7856 39.8047 0
      vertex 75.9129 39.9747 0
    endloop
  endfacet
  facet normal 0 0 -1
    outer loop
      vertex 79.3637 37.293 0
      vertex 75.6428 39.6502 0
      vertex 75.7856 39.8047 0
    endloop
  endfacet
  facet normal 0 0 -1
    outer loop
      vertex 73.6673 38.9829 0
      vertex 76.6974 33.3026 0
      vertex 75.4878 32.2418 0
    endloop
  endfacet
  facet normal 0 0 -1
    outer loop
      vertex 79.3637 37.293 0
      vertex 75.4846 39.5112 0
      vertex 75.6428 39.6502 0
    endloop
  endfacet
  facet normal 0 0 -1
    outer loop
      vertex 78.6521 35.85 0
      vertex 75.311 39.3878 0
      vertex 75.4846 39.5112 0
    endloop
  endfacet
  facet normal 0 0 -1
    outer loop
      vertex 78.6521 35.85 0
      vertex 75.122 39.2804 0
      vertex 75.311 39.3878 0
    endloop
  endfacet
  facet normal 0 0 -1
    outer loop
      vertex 78.6521 35.85 0
      vertex 74.9178 39.1895 0
      vertex 75.122 39.2804 0
    endloop
  endfacet
  facet normal 0 0 -1
    outer loop
      vertex 77.7582 34.5122 0
      vertex 74.6982 39.1151 0
      vertex 74.9178 39.1895 0
    endloop
  endfacet
  facet normal 0 0 -1
    outer loop
      vertex 77.7582 34.5122 0
      vertex 74.4634 39.0573 0
      vertex 74.6982 39.1151 0
    endloop
  endfacet
  facet normal 0 0 -1
    outer loop
      vertex 76.6974 33.3026 0
      vertex 74.2133 39.016 0
      vertex 74.4634 39.0573 0
    endloop
  endfacet
  facet normal 0 0 -1
    outer loop
      vertex 73.2854 38.9984 0
      vertex 75.4878 32.2418 0
      vertex 74.15 31.3479 0
    endloop
  endfacet
  facet normal 0 0 -1
    outer loop
      vertex 76.6974 33.3026 0
      vertex 73.9479 38.9912 0
      vertex 74.2133 39.016 0
    endloop
  endfacet
  facet normal 0 0 -1
    outer loop
      vertex 76.6974 33.3026 0
      vertex 73.6673 38.9829 0
      vertex 73.9479 38.9912 0
    endloop
  endfacet
  facet normal 0 0 -1
    outer loop
      vertex 75.4878 32.2418 0
      vertex 73.2854 38.9984 0
      vertex 73.6673 38.9829 0
    endloop
  endfacet
  facet normal 0 0 -1
    outer loop
      vertex 74.15 31.3479 0
      vertex 72.9302 39.0447 0
      vertex 73.2854 38.9984 0
    endloop
  endfacet
  facet normal 0 0 -1
    outer loop
      vertex 72.6018 39.1219 0
      vertex 74.15 31.3479 0
      vertex 72.707 30.6363 0
    endloop
  endfacet
  facet normal 0 0 -1
    outer loop
      vertex 74.15 31.3479 0
      vertex 72.6018 39.1219 0
      vertex 72.9302 39.0447 0
    endloop
  endfacet
  facet normal 0 0 -1
    outer loop
      vertex 70.2994 39.0684 0
      vertex 72.6018 39.1219 0
      vertex 72.707 30.6363 0
    endloop
  endfacet
  facet normal -0 0 -1
    outer loop
      vertex 72.6018 39.1219 0
      vertex 70.2994 39.0684 0
      vertex 72.3002 39.2301 0
    endloop
  endfacet
  facet normal -0 0 -1
    outer loop
      vertex 72.3002 39.2301 0
      vertex 70.2994 39.0684 0
      vertex 72.0252 39.369 0
    endloop
  endfacet
  facet normal -0 0 -1
    outer loop
      vertex 72.0252 39.369 0
      vertex 70.2994 39.0684 0
      vertex 71.777 39.5389 0
    endloop
  endfacet
  facet normal -0 0 -1
    outer loop
      vertex 71.777 39.5389 0
      vertex 70.2994 39.0684 0
      vertex 71.5556 39.7397 0
    endloop
  endfacet
  facet normal -0 0 -1
    outer loop
      vertex 71.5556 39.7397 0
      vertex 70.2994 39.0684 0
      vertex 71.3623 39.9693 0
    endloop
  endfacet
  facet normal 0 0 -1
    outer loop
      vertex 70.2994 39.0684 0
      vertex 72.707 30.6363 0
      vertex 71.1835 30.1191 0
    endloop
  endfacet
  facet normal 0 0 -1
    outer loop
      vertex 70.2994 39.996 0
      vertex 71.3623 39.9693 0
      vertex 70.2994 39.0684 0
    endloop
  endfacet
  facet normal 0 0 -1
    outer loop
      vertex 71.3623 39.9693 0
      vertex 70.2994 39.996 0
      vertex 71.1988 40.2256 0
    endloop
  endfacet
  facet normal -0 0 -1
    outer loop
      vertex 71.1988 40.2256 0
      vertex 70.2994 39.996 0
      vertex 71.0651 40.5087 0
    endloop
  endfacet
  facet normal -0 0 -1
    outer loop
      vertex 71.0651 40.5087 0
      vertex 70.2994 39.996 0
      vertex 70.961 40.8185 0
    endloop
  endfacet
  facet normal -0 0 -1
    outer loop
      vertex 70.961 40.8185 0
      vertex 70.2994 39.996 0
      vertex 70.8867 41.1551 0
    endloop
  endfacet
  facet normal 0 0 -1
    outer loop
      vertex 70.2057 41.7701 0
      vertex 70.8867 41.1551 0
      vertex 70.2994 39.996 0
    endloop
  endfacet
  facet normal 0 0 -1
    outer loop
      vertex 69.6055 29.8052 0
      vertex 70.2994 39.0684 0
      vertex 71.1835 30.1191 0
    endloop
  endfacet
  facet normal 0 0 -1
    outer loop
      vertex 68 29.7 0
      vertex 70.2994 39.0684 0
      vertex 69.6055 29.8052 0
    endloop
  endfacet
  facet normal 0 0 -1
    outer loop
      vertex 66.0719 39.0684 0
      vertex 68 29.7 0
      vertex 66.3945 29.8052 0
    endloop
  endfacet
  facet normal 0 0 -1
    outer loop
      vertex 68 29.7 0
      vertex 66.0719 39.0684 0
      vertex 70.2994 39.0684 0
    endloop
  endfacet
  facet normal 0 0 -1
    outer loop
      vertex 66.0719 39.0684 0
      vertex 65.0937 39.0684 0
      vertex 66.0719 44.8012 0
    endloop
  endfacet
  facet normal 0 0 -1
    outer loop
      vertex 64.8165 30.1191 0
      vertex 66.0719 39.0684 0
      vertex 66.3945 29.8052 0
    endloop
  endfacet
  facet normal -0 0 -1
    outer loop
      vertex 66.0719 39.0684 0
      vertex 64.8165 30.1191 0
      vertex 65.0937 39.0684 0
    endloop
  endfacet
  facet normal 0 0 -1
    outer loop
      vertex 63.293 30.6363 0
      vertex 65.0937 39.0684 0
      vertex 64.8165 30.1191 0
    endloop
  endfacet
  facet normal 0 0 -1
    outer loop
      vertex 61.85 31.3479 0
      vertex 64.0277 39.0684 0
      vertex 63.293 30.6363 0
    endloop
  endfacet
  facet normal -0 0 -1
    outer loop
      vertex 65.0937 39.0684 0
      vertex 63.293 30.6363 0
      vertex 64.0277 39.0684 0
    endloop
  endfacet
  facet normal 0 0 -1
    outer loop
      vertex 75.7864 44.0527 0
      vertex 79.3637 46.707 0
      vertex 75.928 43.8763 0
    endloop
  endfacet
  facet normal 0 0 -1
    outer loop
      vertex 75.632 44.2117 0
      vertex 79.3637 46.707 0
      vertex 75.7864 44.0527 0
    endloop
  endfacet
  facet normal 0 0 -1
    outer loop
      vertex 75.4648 44.3534 0
      vertex 79.3637 46.707 0
      vertex 75.632 44.2117 0
    endloop
  endfacet
  facet normal -0 0 -1
    outer loop
      vertex 79.3637 46.707 0
      vertex 75.4648 44.3534 0
      vertex 78.6521 48.15 0
    endloop
  endfacet
  facet normal 0 0 -1
    outer loop
      vertex 75.2846 44.4778 0
      vertex 78.6521 48.15 0
      vertex 75.4648 44.3534 0
    endloop
  endfacet
  facet normal 0 0 -1
    outer loop
      vertex 75.0928 44.5852 0
      vertex 78.6521 48.15 0
      vertex 75.2846 44.4778 0
    endloop
  endfacet
  facet normal 0 0 -1
    outer loop
      vertex 74.8904 44.6761 0
      vertex 78.6521 48.15 0
      vertex 75.0928 44.5852 0
    endloop
  endfacet
  facet normal -0 0 -1
    outer loop
      vertex 78.6521 48.15 0
      vertex 74.8904 44.6761 0
      vertex 77.7582 49.4878 0
    endloop
  endfacet
  facet normal 0 0 -1
    outer loop
      vertex 74.6774 44.7504 0
      vertex 77.7582 49.4878 0
      vertex 74.8904 44.6761 0
    endloop
  endfacet
  facet normal 0 0 -1
    outer loop
      vertex 74.4539 44.8082 0
      vertex 77.7582 49.4878 0
      vertex 74.6774 44.7504 0
    endloop
  endfacet
  facet normal -0 0 -1
    outer loop
      vertex 77.7582 49.4878 0
      vertex 74.4539 44.8082 0
      vertex 76.6974 50.6974 0
    endloop
  endfacet
  facet normal 0 0 -1
    outer loop
      vertex 74.2199 44.8495 0
      vertex 76.6974 50.6974 0
      vertex 74.4539 44.8082 0
    endloop
  endfacet
  facet normal 0 0 -1
    outer loop
      vertex 73.9753 44.8743 0
      vertex 76.6974 50.6974 0
      vertex 74.2199 44.8495 0
    endloop
  endfacet
  facet normal 0 0 -1
    outer loop
      vertex 73.7202 44.8826 0
      vertex 76.6974 50.6974 0
      vertex 73.9753 44.8743 0
    endloop
  endfacet
  facet normal -0 0 -1
    outer loop
      vertex 76.6974 50.6974 0
      vertex 73.7202 44.8826 0
      vertex 75.4878 51.7582 0
    endloop
  endfacet
  facet normal 0 0 -1
    outer loop
      vertex 73.3378 44.8666 0
      vertex 75.4878 51.7582 0
      vertex 73.7202 44.8826 0
    endloop
  endfacet
  facet normal -0 0 -1
    outer loop
      vertex 75.4878 51.7582 0
      vertex 73.3378 44.8666 0
      vertex 74.15 52.6521 0
    endloop
  endfacet
  facet normal 0 0 -1
    outer loop
      vertex 72.981 44.8187 0
      vertex 74.15 52.6521 0
      vertex 73.3378 44.8666 0
    endloop
  endfacet
  facet normal 0 0 -1
    outer loop
      vertex 72.6499 44.7387 0
      vertex 74.15 52.6521 0
      vertex 72.981 44.8187 0
    endloop
  endfacet
  facet normal -0 0 -1
    outer loop
      vertex 74.15 52.6521 0
      vertex 72.6499 44.7387 0
      vertex 72.707 53.3637 0
    endloop
  endfacet
  facet normal 0 0 -1
    outer loop
      vertex 72.3444 44.6268 0
      vertex 72.707 53.3637 0
      vertex 72.6499 44.7387 0
    endloop
  endfacet
  facet normal 0 0 -1
    outer loop
      vertex 71.1835 53.8809 0
      vertex 72.3444 44.6268 0
      vertex 72.0646 44.483 0
    endloop
  endfacet
  facet normal 0 0 -1
    outer loop
      vertex 67.2722 44.8012 0
      vertex 72.0646 44.483 0
      vertex 71.8105 44.3072 0
    endloop
  endfacet
  facet normal 0 0 -1
    outer loop
      vertex 67.2722 44.8012 0
      vertex 71.8105 44.3072 0
      vertex 71.582 44.0994 0
    endloop
  endfacet
  facet normal 0 0 -1
    outer loop
      vertex 67.2722 44.8012 0
      vertex 71.582 44.0994 0
      vertex 71.3818 43.8628 0
    endloop
  endfacet
  facet normal 0 0 -1
    outer loop
      vertex 67.2722 44.8012 0
      vertex 71.3818 43.8628 0
      vertex 71.2123 43.6008 0
    endloop
  endfacet
  facet normal 0 0 -1
    outer loop
      vertex 72.0646 44.483 0
      vertex 67.2722 44.8012 0
      vertex 71.1835 53.8809 0
    endloop
  endfacet
  facet normal 0 0 -1
    outer loop
      vertex 70.2057 42.6977 0
      vertex 71.2123 43.6008 0
      vertex 71.0737 43.3133 0
    endloop
  endfacet
  facet normal 0 0 -1
    outer loop
      vertex 70.2057 42.6977 0
      vertex 71.0737 43.3133 0
      vertex 70.9659 43.0003 0
    endloop
  endfacet
  facet normal 0 0 -1
    outer loop
      vertex 70.2057 42.6977 0
      vertex 70.9659 43.0003 0
      vertex 70.8889 42.6618 0
    endloop
  endfacet
  facet normal 0 0 -1
    outer loop
      vertex 70.2057 42.6977 0
      vertex 70.8889 42.6618 0
      vertex 70.8427 42.2978 0
    endloop
  endfacet
  facet normal 0 0 -1
    outer loop
      vertex 70.2057 41.7701 0
      vertex 70.8427 42.2978 0
      vertex 70.8273 41.9084 0
    endloop
  endfacet
  facet normal 0 0 -1
    outer loop
      vertex 70.8867 41.1551 0
      vertex 70.2057 41.7701 0
      vertex 70.8421 41.5183 0
    endloop
  endfacet
  facet normal 0 0 -1
    outer loop
      vertex 70.8421 41.5183 0
      vertex 70.2057 41.7701 0
      vertex 70.8273 41.9084 0
    endloop
  endfacet
  facet normal -0 0 -1
    outer loop
      vertex 70.8427 42.2978 0
      vertex 70.2057 41.7701 0
      vertex 70.2057 42.6977 0
    endloop
  endfacet
  facet normal -0 0 -1
    outer loop
      vertex 71.2123 43.6008 0
      vertex 70.2057 42.6977 0
      vertex 67.2722 44.8012 0
    endloop
  endfacet
  facet normal 0 0 -1
    outer loop
      vertex 72.3444 44.6268 0
      vertex 71.1835 53.8809 0
      vertex 72.707 53.3637 0
    endloop
  endfacet
  facet normal -0 0 -1
    outer loop
      vertex 71.1835 53.8809 0
      vertex 67.2722 44.8012 0
      vertex 69.6055 54.1948 0
    endloop
  endfacet
  facet normal 0 0 -1
    outer loop
      vertex 67.2722 44.8012 0
      vertex 70.2057 42.6977 0
      vertex 67.2722 42.6977 0
    endloop
  endfacet
  facet normal -0 0 -1
    outer loop
      vertex 69.6055 54.1948 0
      vertex 67.2722 44.8012 0
      vertex 68 54.3 0
    endloop
  endfacet
  facet normal 0 0 -1
    outer loop
      vertex 67.2722 44.8012 0
      vertex 66.3945 54.1948 0
      vertex 68 54.3 0
    endloop
  endfacet
  facet normal 0 0 -1
    outer loop
      vertex 66.0719 44.8012 0
      vertex 66.3945 54.1948 0
      vertex 67.2722 44.8012 0
    endloop
  endfacet
  facet normal 0 0 -1
    outer loop
      vertex 65.0937 44.8012 0
      vertex 66.0719 44.8012 0
      vertex 65.0937 39.0684 0
    endloop
  endfacet
  facet normal 0 0 -1
    outer loop
      vertex 64.8165 53.8809 0
      vertex 66.0719 44.8012 0
      vertex 65.0937 44.8012 0
    endloop
  endfacet
  facet normal 0 0 -1
    outer loop
      vertex 66.0719 44.8012 0
      vertex 64.8165 53.8809 0
      vertex 66.3945 54.1948 0
    endloop
  endfacet
  facet normal 0 0 -1
    outer loop
      vertex 61.85 52.6521 0
      vertex 65.0937 44.8012 0
      vertex 63.6859 44.8012 0
    endloop
  endfacet
  facet normal 0 0 -1
    outer loop
      vertex 65.0937 44.8012 0
      vertex 63.293 53.3637 0
      vertex 64.8165 53.8809 0
    endloop
  endfacet
  facet normal 0 0 -1
    outer loop
      vertex 65.0937 44.8012 0
      vertex 61.85 52.6521 0
      vertex 63.293 53.3637 0
    endloop
  endfacet
  facet normal 0 0 -1
    outer loop
      vertex 61.2609 44.8012 0
      vertex 63.6859 44.8012 0
      vertex 61.2609 41.4201 0
    endloop
  endfacet
  facet normal 0 0 -1
    outer loop
      vertex 63.6859 44.8012 0
      vertex 61.2594 41.3034 0
      vertex 61.2609 41.4201 0
    endloop
  endfacet
  facet normal 0 0 -1
    outer loop
      vertex 63.6859 44.8012 0
      vertex 61.2549 41.1763 0
      vertex 61.2594 41.3034 0
    endloop
  endfacet
  facet normal 0 0 -1
    outer loop
      vertex 63.6859 44.8012 0
      vertex 61.2475 41.039 0
      vertex 61.2549 41.1763 0
    endloop
  endfacet
  facet normal 0 0 -1
    outer loop
      vertex 63.6859 44.8012 0
      vertex 61.237 40.8914 0
      vertex 61.2475 41.039 0
    endloop
  endfacet
  facet normal 0 0 -1
    outer loop
      vertex 63.6859 44.8012 0
      vertex 61.2236 40.7334 0
      vertex 61.237 40.8914 0
    endloop
  endfacet
  facet normal 0 0 -1
    outer loop
      vertex 63.6859 44.8012 0
      vertex 61.2071 40.5652 0
      vertex 61.2236 40.7334 0
    endloop
  endfacet
  facet normal 0 -0 -1
    outer loop
      vertex 61.2071 40.5652 0
      vertex 63.6859 44.8012 0
      vertex 61.1877 40.3866 0
    endloop
  endfacet
  facet normal 0 0 -1
    outer loop
      vertex 76.2021 40.5779 0
      vertex 75.2296 42.8482 0
      vertex 76.2753 43.2429 0
    endloop
  endfacet
  facet normal 0 0 -1
    outer loop
      vertex 75.1442 40.8668 0
      vertex 75.2296 42.8482 0
      vertex 76.2021 40.5779 0
    endloop
  endfacet
  facet normal 0 0 -1
    outer loop
      vertex 74.6174 40.1812 0
      vertex 75.1442 40.8668 0
      vertex 75.1006 40.7471 0
    endloop
  endfacet
  facet normal 0 0 -1
    outer loop
      vertex 75.1442 40.8668 0
      vertex 72.0357 41.9084 0
      vertex 75.2296 42.8482 0
    endloop
  endfacet
  facet normal 0 0 -1
    outer loop
      vertex 74.6174 40.1812 0
      vertex 75.1006 40.7471 0
      vertex 75.0464 40.6348 0
    endloop
  endfacet
  facet normal 0 0 -1
    outer loop
      vertex 74.6174 40.1812 0
      vertex 75.0464 40.6348 0
      vertex 74.9817 40.5296 0
    endloop
  endfacet
  facet normal 0 -0 -1
    outer loop
      vertex 72.0446 42.1813 0
      vertex 75.2296 42.8482 0
      vertex 72.0357 41.9084 0
    endloop
  endfacet
  facet normal 0 0 -1
    outer loop
      vertex 74.6174 40.1812 0
      vertex 74.9817 40.5296 0
      vertex 74.9064 40.4317 0
    endloop
  endfacet
  facet normal 0 0 -1
    outer loop
      vertex 74.6174 40.1812 0
      vertex 74.9064 40.4317 0
      vertex 74.8206 40.3409 0
    endloop
  endfacet
  facet normal 0 -0 -1
    outer loop
      vertex 72.0711 42.4351 0
      vertex 75.2296 42.8482 0
      vertex 72.0446 42.1813 0
    endloop
  endfacet
  facet normal 0 0 -1
    outer loop
      vertex 74.6174 40.1812 0
      vertex 74.8206 40.3409 0
      vertex 74.7243 40.2575 0
    endloop
  endfacet
  facet normal 0 0 -1
    outer loop
      vertex 75.1442 40.8668 0
      vertex 74.6174 40.1812 0
      vertex 74.5023 40.1137 0
    endloop
  endfacet
  facet normal 0 -0 -1
    outer loop
      vertex 72.1153 42.6699 0
      vertex 75.2296 42.8482 0
      vertex 72.0711 42.4351 0
    endloop
  endfacet
  facet normal 0 0 -1
    outer loop
      vertex 75.1442 40.8668 0
      vertex 74.5023 40.1137 0
      vertex 74.3815 40.0567 0
    endloop
  endfacet
  facet normal 0 0 -1
    outer loop
      vertex 75.1442 40.8668 0
      vertex 74.3815 40.0567 0
      vertex 74.255 40.0099 0
    endloop
  endfacet
  facet normal -0 0 -1
    outer loop
      vertex 75.2296 42.8482 0
      vertex 72.1153 42.6699 0
      vertex 75.0952 43.1375 0
    endloop
  endfacet
  facet normal 0 0 -1
    outer loop
      vertex 75.1442 40.8668 0
      vertex 74.255 40.0099 0
      vertex 74.1228 39.9736 0
    endloop
  endfacet
  facet normal 0 0 -1
    outer loop
      vertex 75.1442 40.8668 0
      vertex 74.1228 39.9736 0
      vertex 73.9848 39.9477 0
    endloop
  endfacet
  facet normal 0 -0 -1
    outer loop
      vertex 73.7202 43.9387 0
      vertex 75.0952 43.1375 0
      vertex 72.1153 42.6699 0
    endloop
  endfacet
  facet normal 0 0 -1
    outer loop
      vertex 75.1442 40.8668 0
      vertex 73.9848 39.9477 0
      vertex 73.8411 39.9321 0
    endloop
  endfacet
  facet normal 0 0 -1
    outer loop
      vertex 75.1442 40.8668 0
      vertex 73.8411 39.9321 0
      vertex 73.6917 39.9269 0
    endloop
  endfacet
  facet normal 0 0 -1
    outer loop
      vertex 75.0952 43.1375 0
      vertex 73.7202 43.9387 0
      vertex 74.9337 43.3823 0
    endloop
  endfacet
  facet normal -0 0 -1
    outer loop
      vertex 75.1442 40.8668 0
      vertex 73.6917 39.9269 0
      vertex 72.1131 41.1608 0
    endloop
  endfacet
  facet normal 0 0 -1
    outer loop
      vertex 74.7452 43.5826 0
      vertex 74.017 43.9164 0
      vertex 74.5295 43.7384 0
    endloop
  endfacet
  facet normal 0 0 -1
    outer loop
      vertex 72.1131 41.1608 0
      vertex 73.6917 39.9269 0
      vertex 73.4672 39.9372 0
    endloop
  endfacet
  facet normal 0 0 -1
    outer loop
      vertex 74.5295 43.7384 0
      vertex 74.017 43.9164 0
      vertex 74.2868 43.8497 0
    endloop
  endfacet
  facet normal 0 0 -1
    outer loop
      vertex 72.1732 40.9498 0
      vertex 73.4672 39.9372 0
      vertex 73.2587 39.9681 0
    endloop
  endfacet
  facet normal 0 0 -1
    outer loop
      vertex 74.9337 43.3823 0
      vertex 74.017 43.9164 0
      vertex 74.7452 43.5826 0
    endloop
  endfacet
  facet normal 0 0 -1
    outer loop
      vertex 72.2506 40.7579 0
      vertex 73.2587 39.9681 0
      vertex 73.0663 40.0196 0
    endloop
  endfacet
  facet normal -0 -0 -1
    outer loop
      vertex 74.017 43.9164 0
      vertex 74.9337 43.3823 0
      vertex 73.7202 43.9387 0
    endloop
  endfacet
  facet normal 0 0 -1
    outer loop
      vertex 72.2506 40.7579 0
      vertex 73.0663 40.0196 0
      vertex 72.8899 40.0917 0
    endloop
  endfacet
  facet normal 0 0 -1
    outer loop
      vertex 73.7202 43.9387 0
      vertex 72.1153 42.6699 0
      vertex 73.4944 43.9281 0
    endloop
  endfacet
  facet normal 0 0 -1
    outer loop
      vertex 72.2506 40.7579 0
      vertex 72.8899 40.0917 0
      vertex 72.7295 40.1843 0
    endloop
  endfacet
  facet normal 0 -0 -1
    outer loop
      vertex 72.1772 42.8855 0
      vertex 73.4944 43.9281 0
      vertex 72.1153 42.6699 0
    endloop
  endfacet
  facet normal 0 0 -1
    outer loop
      vertex 72.2506 40.7579 0
      vertex 72.7295 40.1843 0
      vertex 72.5851 40.2976 0
    endloop
  endfacet
  facet normal 0 0 -1
    outer loop
      vertex 73.4944 43.9281 0
      vertex 72.1772 42.8855 0
      vertex 73.2842 43.8962 0
    endloop
  endfacet
  facet normal 0 0 -1
    outer loop
      vertex 72.2506 40.7579 0
      vertex 72.5851 40.2976 0
      vertex 72.4568 40.4315 0
    endloop
  endfacet
  facet normal 0 -0 -1
    outer loop
      vertex 72.2568 43.0821 0
      vertex 73.2842 43.8962 0
      vertex 72.1772 42.8855 0
    endloop
  endfacet
  facet normal 0 0 -1
    outer loop
      vertex 72.2506 40.7579 0
      vertex 72.4568 40.4315 0
      vertex 72.3451 40.5851 0
    endloop
  endfacet
  facet normal 0 0 -1
    outer loop
      vertex 73.2842 43.8962 0
      vertex 72.2568 43.0821 0
      vertex 73.0898 43.843 0
    endloop
  endfacet
  facet normal 0 0 -1
    outer loop
      vertex 73.2587 39.9681 0
      vertex 72.2506 40.7579 0
      vertex 72.1732 40.9498 0
    endloop
  endfacet
  facet normal 0 -0 -1
    outer loop
      vertex 72.3541 43.2595 0
      vertex 73.0898 43.843 0
      vertex 72.2568 43.0821 0
    endloop
  endfacet
  facet normal 0 0 -1
    outer loop
      vertex 73.4672 39.9372 0
      vertex 72.1732 40.9498 0
      vertex 72.1131 41.1608 0
    endloop
  endfacet
  facet normal 0 0 -1
    outer loop
      vertex 72.9111 43.7686 0
      vertex 72.3541 43.2595 0
      vertex 72.748 43.673 0
    endloop
  endfacet
  facet normal 0 0 -1
    outer loop
      vertex 75.1442 40.8668 0
      vertex 72.1131 41.1608 0
      vertex 72.0701 41.3909 0
    endloop
  endfacet
  facet normal 0 0 -1
    outer loop
      vertex 72.6007 43.5561 0
      vertex 72.3541 43.2595 0
      vertex 72.4691 43.4179 0
    endloop
  endfacet
  facet normal 0 0 -1
    outer loop
      vertex 75.1442 40.8668 0
      vertex 72.0701 41.3909 0
      vertex 72.0443 41.6401 0
    endloop
  endfacet
  facet normal 0 0 -1
    outer loop
      vertex 72.748 43.673 0
      vertex 72.3541 43.2595 0
      vertex 72.6007 43.5561 0
    endloop
  endfacet
  facet normal 0 0 -1
    outer loop
      vertex 75.1442 40.8668 0
      vertex 72.0443 41.6401 0
      vertex 72.0357 41.9084 0
    endloop
  endfacet
  facet normal 0 0 -1
    outer loop
      vertex 73.0898 43.843 0
      vertex 72.3541 43.2595 0
      vertex 72.9111 43.7686 0
    endloop
  endfacet
  facet normal 0 0 -1
    outer loop
      vertex 64.0277 39.0684 0
      vertex 61.5661 39.0684 0
      vertex 64.0277 42.4007 0
    endloop
  endfacet
  facet normal -0 0 -1
    outer loop
      vertex 64.0277 42.4007 0
      vertex 61.5661 39.0684 0
      vertex 64.0292 42.5471 0
    endloop
  endfacet
  facet normal -0 0 -1
    outer loop
      vertex 64.0292 42.5471 0
      vertex 61.5661 39.0684 0
      vertex 64.0337 42.698 0
    endloop
  endfacet
  facet normal 0 0 -1
    outer loop
      vertex 60.5122 32.2418 0
      vertex 64.0277 39.0684 0
      vertex 61.85 31.3479 0
    endloop
  endfacet
  facet normal -0 0 -1
    outer loop
      vertex 64.0337 42.698 0
      vertex 61.5661 39.0684 0
      vertex 64.0411 42.8533 0
    endloop
  endfacet
  facet normal -0 0 -1
    outer loop
      vertex 64.0411 42.8533 0
      vertex 61.5661 39.0684 0
      vertex 64.0516 43.0131 0
    endloop
  endfacet
  facet normal -0 0 -1
    outer loop
      vertex 64.0516 43.0131 0
      vertex 61.5661 39.0684 0
      vertex 64.065 43.1775 0
    endloop
  endfacet
  facet normal -0 0 -1
    outer loop
      vertex 64.065 43.1775 0
      vertex 61.5661 39.0684 0
      vertex 64.0815 43.3463 0
    endloop
  endfacet
  facet normal -0 0 -1
    outer loop
      vertex 64.0815 43.3463 0
      vertex 61.5661 39.0684 0
      vertex 64.1009 43.5196 0
    endloop
  endfacet
  facet normal -0 0 -1
    outer loop
      vertex 64.0277 39.0684 0
      vertex 60.5122 32.2418 0
      vertex 61.5661 39.0684 0
    endloop
  endfacet
  facet normal 0 0 -1
    outer loop
      vertex 59.3026 33.3026 0
      vertex 61.5661 39.0684 0
      vertex 60.5122 32.2418 0
    endloop
  endfacet
  facet normal -0 0 -1
    outer loop
      vertex 61.5661 39.0684 0
      vertex 58.2418 34.5122 0
      vertex 60.1949 39.0684 0
    endloop
  endfacet
  facet normal 0 0 -1
    outer loop
      vertex 58.2418 34.5122 0
      vertex 61.5661 39.0684 0
      vertex 59.3026 33.3026 0
    endloop
  endfacet
  facet normal 0 0 -1
    outer loop
      vertex 60.5122 51.7582 0
      vertex 63.6859 44.8012 0
      vertex 61.2609 44.8012 0
    endloop
  endfacet
  facet normal 0 0 -1
    outer loop
      vertex 63.6859 44.8012 0
      vertex 60.5122 51.7582 0
      vertex 61.85 52.6521 0
    endloop
  endfacet
  facet normal 0 0 -1
    outer loop
      vertex 58.2418 49.4878 0
      vertex 61.2609 44.8012 0
      vertex 60.1949 44.8012 0
    endloop
  endfacet
  facet normal 0 0 -1
    outer loop
      vertex 57.3479 35.85 0
      vertex 60.1949 39.0684 0
      vertex 58.2418 34.5122 0
    endloop
  endfacet
  facet normal 0 0 -1
    outer loop
      vertex 61.2609 44.8012 0
      vertex 59.3026 50.6974 0
      vertex 60.5122 51.7582 0
    endloop
  endfacet
  facet normal 0 0 -1
    outer loop
      vertex 56.6363 37.293 0
      vertex 60.1949 39.0684 0
      vertex 57.3479 35.85 0
    endloop
  endfacet
  facet normal 0 0 -1
    outer loop
      vertex 61.2609 44.8012 0
      vertex 58.2418 49.4878 0
      vertex 59.3026 50.6974 0
    endloop
  endfacet
  facet normal 0 0 -1
    outer loop
      vertex 56.1191 38.8165 0
      vertex 60.1949 39.0684 0
      vertex 56.6363 37.293 0
    endloop
  endfacet
  facet normal 0 0 -1
    outer loop
      vertex 60.1949 44.8012 0
      vertex 57.3479 48.15 0
      vertex 58.2418 49.4878 0
    endloop
  endfacet
  facet normal 0 0 -1
    outer loop
      vertex 55.8052 40.3945 0
      vertex 60.1949 39.0684 0
      vertex 56.1191 38.8165 0
    endloop
  endfacet
  facet normal 0 0 -1
    outer loop
      vertex 60.1949 44.8012 0
      vertex 56.6363 46.707 0
      vertex 57.3479 48.15 0
    endloop
  endfacet
  facet normal 0 0 -1
    outer loop
      vertex 55.7 42 0
      vertex 60.1949 39.0684 0
      vertex 55.8052 40.3945 0
    endloop
  endfacet
  facet normal 0 0 -1
    outer loop
      vertex 60.1949 44.8012 0
      vertex 56.1191 45.1835 0
      vertex 56.6363 46.707 0
    endloop
  endfacet
  facet normal 0 0 -1
    outer loop
      vertex 60.1949 39.0684 0
      vertex 55.7 42 0
      vertex 60.1949 44.8012 0
    endloop
  endfacet
  facet normal -0 0 -1
    outer loop
      vertex 60.1949 44.8012 0
      vertex 55.8052 43.6055 0
      vertex 56.1191 45.1835 0
    endloop
  endfacet
  facet normal 0 0 -1
    outer loop
      vertex 60.1949 44.8012 0
      vertex 55.7 42 0
      vertex 55.8052 43.6055 0
    endloop
  endfacet
  facet normal -0.659353 0.751834 0
    outer loop
      vertex 1.56496 81.1734 0
      vertex 1.17157 80.8284 41.6
      vertex 1.56496 81.1734 41.6
    endloop
  endfacet
  facet normal -0.659353 0.751834 0
    outer loop
      vertex 1.17157 80.8284 41.6
      vertex 1.56496 81.1734 0
      vertex 1.17157 80.8284 0
    endloop
  endfacet
  facet normal -0.44226 0.896887 0
    outer loop
      vertex 2.46927 81.6955 0
      vertex 2 81.4641 41.6
      vertex 2.46927 81.6955 41.6
    endloop
  endfacet
  facet normal -0.44226 0.896887 0
    outer loop
      vertex 2 81.4641 41.6
      vertex 2.46927 81.6955 0
      vertex 2 81.4641 0
    endloop
  endfacet
  facet normal -0.321469 0.94692 0
    outer loop
      vertex 2.96472 81.8637 0
      vertex 2.46927 81.6955 41.6
      vertex 2.96472 81.8637 41.6
    endloop
  endfacet
  facet normal -0.321469 0.94692 0
    outer loop
      vertex 2.46927 81.6955 41.6
      vertex 2.96472 81.8637 0
      vertex 2.46927 81.6955 0
    endloop
  endfacet
  facet normal -0.195073 -0.980789 0
    outer loop
      vertex 2.96472 0.136292 0
      vertex 3.47789 0.0342255 41.6
      vertex 2.96472 0.136292 41.6
    endloop
  endfacet
  facet normal -0.195073 -0.980789 -0
    outer loop
      vertex 3.47789 0.0342255 41.6
      vertex 2.96472 0.136292 0
      vertex 3.47789 0.0342255 0
    endloop
  endfacet
  facet normal 0.442261 -0.896886 0
    outer loop
      vertex 93.5307 0.304489 0
      vertex 94 0.535904 41.6
      vertex 93.5307 0.304489 41.6
    endloop
  endfacet
  facet normal 0.442261 -0.896886 0
    outer loop
      vertex 94 0.535904 41.6
      vertex 93.5307 0.304489 0
      vertex 94 0.535904 0
    endloop
  endfacet
  facet normal 0.321493 -0.946912 0
    outer loop
      vertex 93.0353 0.136292 0
      vertex 93.5307 0.304489 41.6
      vertex 93.0353 0.136292 41.6
    endloop
  endfacet
  facet normal 0.321493 -0.946912 0
    outer loop
      vertex 93.5307 0.304489 41.6
      vertex 93.0353 0.136292 0
      vertex 93.5307 0.304489 0
    endloop
  endfacet
  facet normal 0 -1 0
    outer loop
      vertex 70 0 24
      vertex 76 0 36
      vertex 70 0 36
    endloop
  endfacet
  facet normal 0 -1 -0
    outer loop
      vertex 76 0 36
      vertex 70 0 24
      vertex 76 0 24
    endloop
  endfacet
  facet normal 0 -1 0
    outer loop
      vertex 62 0 24
      vertex 68 0 36
      vertex 62 0 36
    endloop
  endfacet
  facet normal 0 -1 -0
    outer loop
      vertex 68 0 36
      vertex 62 0 24
      vertex 68 0 24
    endloop
  endfacet
  facet normal 0 -1 0
    outer loop
      vertex 54 0 24
      vertex 60 0 36
      vertex 54 0 36
    endloop
  endfacet
  facet normal 0 -1 -0
    outer loop
      vertex 60 0 36
      vertex 54 0 24
      vertex 60 0 24
    endloop
  endfacet
  facet normal 0 -1 0
    outer loop
      vertex 46 0 24
      vertex 52 0 36
      vertex 46 0 36
    endloop
  endfacet
  facet normal 0 -1 -0
    outer loop
      vertex 52 0 36
      vertex 46 0 24
      vertex 52 0 24
    endloop
  endfacet
  facet normal 0 -1 0
    outer loop
      vertex 38 0 24
      vertex 44 0 36
      vertex 38 0 36
    endloop
  endfacet
  facet normal 0 -1 -0
    outer loop
      vertex 44 0 36
      vertex 38 0 24
      vertex 44 0 24
    endloop
  endfacet
  facet normal 0 -1 0
    outer loop
      vertex 30 0 24
      vertex 36 0 36
      vertex 30 0 36
    endloop
  endfacet
  facet normal 0 -1 -0
    outer loop
      vertex 36 0 36
      vertex 30 0 24
      vertex 36 0 24
    endloop
  endfacet
  facet normal 0 -1 0
    outer loop
      vertex 22 0 24
      vertex 28 0 36
      vertex 22 0 36
    endloop
  endfacet
  facet normal 0 -1 -0
    outer loop
      vertex 28 0 36
      vertex 22 0 24
      vertex 28 0 24
    endloop
  endfacet
  facet normal 0 -1 0
    outer loop
      vertex 22 0 36
      vertex 4 0 41.6
      vertex 20 0 36
    endloop
  endfacet
  facet normal 0 -1 0
    outer loop
      vertex 4 0 41.6
      vertex 20 0 24
      vertex 20 0 36
    endloop
  endfacet
  facet normal 0 -1 0
    outer loop
      vertex 4 0 0
      vertex 22 0 24
      vertex 20 0 24
    endloop
  endfacet
  facet normal 0 -1 -0
    outer loop
      vertex 22 0 24
      vertex 4 0 0
      vertex 28 0 24
    endloop
  endfacet
  facet normal 0 -1 -0
    outer loop
      vertex 28 0 24
      vertex 4 0 0
      vertex 30 0 24
    endloop
  endfacet
  facet normal 0 -1 -0
    outer loop
      vertex 30 0 24
      vertex 4 0 0
      vertex 36 0 24
    endloop
  endfacet
  facet normal 0 -1 -0
    outer loop
      vertex 36 0 24
      vertex 4 0 0
      vertex 38 0 24
    endloop
  endfacet
  facet normal 0 -1 -0
    outer loop
      vertex 38 0 24
      vertex 4 0 0
      vertex 44 0 24
    endloop
  endfacet
  facet normal 0 -1 -0
    outer loop
      vertex 44 0 24
      vertex 4 0 0
      vertex 46 0 24
    endloop
  endfacet
  facet normal 0 -1 0
    outer loop
      vertex 92 0 0
      vertex 46 0 24
      vertex 4 0 0
    endloop
  endfacet
  facet normal 0 -1 0
    outer loop
      vertex 46 0 24
      vertex 92 0 0
      vertex 52 0 24
    endloop
  endfacet
  facet normal 0 -1 0
    outer loop
      vertex 52 0 24
      vertex 92 0 0
      vertex 54 0 24
    endloop
  endfacet
  facet normal 0 -1 0
    outer loop
      vertex 54 0 24
      vertex 92 0 0
      vertex 60 0 24
    endloop
  endfacet
  facet normal 0 -1 0
    outer loop
      vertex 60 0 24
      vertex 92 0 0
      vertex 62 0 24
    endloop
  endfacet
  facet normal 0 -1 0
    outer loop
      vertex 62 0 24
      vertex 92 0 0
      vertex 68 0 24
    endloop
  endfacet
  facet normal 0 -1 0
    outer loop
      vertex 70 0 24
      vertex 92 0 0
      vertex 76 0 24
    endloop
  endfacet
  facet normal 0 -1 0
    outer loop
      vertex 68 0 24
      vertex 92 0 0
      vertex 70 0 24
    endloop
  endfacet
  facet normal 0 -1 0
    outer loop
      vertex 4 0 0
      vertex 20 0 24
      vertex 4 0 41.6
    endloop
  endfacet
  facet normal 0 -1 0
    outer loop
      vertex 28 0 36
      vertex 4 0 41.6
      vertex 22 0 36
    endloop
  endfacet
  facet normal 0 -1 0
    outer loop
      vertex 30 0 36
      vertex 4 0 41.6
      vertex 28 0 36
    endloop
  endfacet
  facet normal 0 -1 0
    outer loop
      vertex 36 0 36
      vertex 4 0 41.6
      vertex 30 0 36
    endloop
  endfacet
  facet normal 0 -1 0
    outer loop
      vertex 38 0 36
      vertex 4 0 41.6
      vertex 36 0 36
    endloop
  endfacet
  facet normal 0 -1 0
    outer loop
      vertex 44 0 36
      vertex 4 0 41.6
      vertex 38 0 36
    endloop
  endfacet
  facet normal 0 -1 0
    outer loop
      vertex 46 0 36
      vertex 4 0 41.6
      vertex 44 0 36
    endloop
  endfacet
  facet normal 0 -1 0
    outer loop
      vertex 4 0 41.6
      vertex 46 0 36
      vertex 92 0 41.6
    endloop
  endfacet
  facet normal 0 -1 0
    outer loop
      vertex 52 0 36
      vertex 92 0 41.6
      vertex 46 0 36
    endloop
  endfacet
  facet normal 0 -1 0
    outer loop
      vertex 54 0 36
      vertex 92 0 41.6
      vertex 52 0 36
    endloop
  endfacet
  facet normal 0 -1 0
    outer loop
      vertex 60 0 36
      vertex 92 0 41.6
      vertex 54 0 36
    endloop
  endfacet
  facet normal 0 -1 0
    outer loop
      vertex 62 0 36
      vertex 92 0 41.6
      vertex 60 0 36
    endloop
  endfacet
  facet normal 0 -1 0
    outer loop
      vertex 68 0 36
      vertex 92 0 41.6
      vertex 62 0 36
    endloop
  endfacet
  facet normal 0 -1 0
    outer loop
      vertex 70 0 36
      vertex 92 0 41.6
      vertex 68 0 36
    endloop
  endfacet
  facet normal 0 -1 0
    outer loop
      vertex 76 0 36
      vertex 92 0 41.6
      vertex 70 0 36
    endloop
  endfacet
  facet normal 0 -1 0
    outer loop
      vertex 78 0 36
      vertex 92 0 41.6
      vertex 76 0 36
    endloop
  endfacet
  facet normal 0 -1 0
    outer loop
      vertex 78 0 24
      vertex 92 0 41.6
      vertex 78 0 36
    endloop
  endfacet
  facet normal 0 -1 0
    outer loop
      vertex 78 0 24
      vertex 92 0 0
      vertex 92 0 41.6
    endloop
  endfacet
  facet normal 0 -1 0
    outer loop
      vertex 76 0 24
      vertex 92 0 0
      vertex 78 0 24
    endloop
  endfacet
  facet normal 0.555626 0.831432 -0
    outer loop
      vertex 94.435 81.1734 0
      vertex 94 81.4641 41.6
      vertex 94.435 81.1734 41.6
    endloop
  endfacet
  facet normal 0.555626 0.831432 0
    outer loop
      vertex 94 81.4641 41.6
      vertex 94.435 81.1734 0
      vertex 94 81.4641 0
    endloop
  endfacet
  facet normal -0.751855 0.659328 0
    outer loop
      vertex 0.826584 80.435 0
      vertex 1.17157 80.8284 41.6
      vertex 1.17157 80.8284 0
    endloop
  endfacet
  facet normal -0.751855 0.659328 0
    outer loop
      vertex 1.17157 80.8284 41.6
      vertex 0.826584 80.435 0
      vertex 0.826584 80.435 41.6
    endloop
  endfacet
  facet normal -0 0 1
    outer loop
      vertex 4 82 41.6
      vertex 10 79.6 41.6
      vertex 10 82 41.6
    endloop
  endfacet
  facet normal 0 0 1
    outer loop
      vertex 4 82 41.6
      vertex 3.99999 79.6 41.6
      vertex 10 79.6 41.6
    endloop
  endfacet
  facet normal 0 0 1
    outer loop
      vertex 4 82 41.6
      vertex 3.79114 79.5863 41.6
      vertex 3.99999 79.6 41.6
    endloop
  endfacet
  facet normal -0 0 1
    outer loop
      vertex 3.47789 81.9658 41.6
      vertex 3.79114 79.5863 41.6
      vertex 4 82 41.6
    endloop
  endfacet
  facet normal 0 0 1
    outer loop
      vertex 3.79114 79.5863 41.6
      vertex 3.47789 81.9658 41.6
      vertex 3.58588 79.5455 41.6
    endloop
  endfacet
  facet normal -0 0 1
    outer loop
      vertex 2.96472 81.8637 41.6
      vertex 3.58588 79.5455 41.6
      vertex 3.47789 81.9658 41.6
    endloop
  endfacet
  facet normal 0 0 1
    outer loop
      vertex 3.58588 79.5455 41.6
      vertex 2.96472 81.8637 41.6
      vertex 3.3877 79.4782 41.6
    endloop
  endfacet
  facet normal -0 0 1
    outer loop
      vertex 2.46927 81.6955 41.6
      vertex 3.3877 79.4782 41.6
      vertex 2.96472 81.8637 41.6
    endloop
  endfacet
  facet normal 0 0 1
    outer loop
      vertex 3.3877 79.4782 41.6
      vertex 2.46927 81.6955 41.6
      vertex 3.19999 79.3856 41.6
    endloop
  endfacet
  facet normal -0 0 1
    outer loop
      vertex 2 81.4641 41.6
      vertex 3.19999 79.3856 41.6
      vertex 2.46927 81.6955 41.6
    endloop
  endfacet
  facet normal 0 0 1
    outer loop
      vertex 3.19999 79.3856 41.6
      vertex 2 81.4641 41.6
      vertex 3.02598 79.2694 41.6
    endloop
  endfacet
  facet normal -0 0 1
    outer loop
      vertex 1.56496 81.1734 41.6
      vertex 3.02598 79.2694 41.6
      vertex 2 81.4641 41.6
    endloop
  endfacet
  facet normal 0 0 1
    outer loop
      vertex 3.02598 79.2694 41.6
      vertex 1.56496 81.1734 41.6
      vertex 2.86861 79.1314 41.6
    endloop
  endfacet
  facet normal -0 0 1
    outer loop
      vertex 1.17157 80.8284 41.6
      vertex 2.86861 79.1314 41.6
      vertex 1.56496 81.1734 41.6
    endloop
  endfacet
  facet normal 0 0 1
    outer loop
      vertex 2.86861 79.1314 41.6
      vertex 1.17157 80.8284 41.6
      vertex 2.73063 78.974 41.6
    endloop
  endfacet
  facet normal -0 0 1
    outer loop
      vertex 0.826584 80.435 41.6
      vertex 2.73063 78.974 41.6
      vertex 1.17157 80.8284 41.6
    endloop
  endfacet
  facet normal 0 0 1
    outer loop
      vertex 2.73063 78.974 41.6
      vertex 0.826584 80.435 41.6
      vertex 2.61436 78.8 41.6
    endloop
  endfacet
  facet normal 0 0 1
    outer loop
      vertex 2.61436 78.8 41.6
      vertex 0.535904 80 41.6
      vertex 2.52178 78.6123 41.6
    endloop
  endfacet
  facet normal -0 0 1
    outer loop
      vertex 0.535904 80 41.6
      vertex 2.61436 78.8 41.6
      vertex 0.826584 80.435 41.6
    endloop
  endfacet
  facet normal 0 0 1
    outer loop
      vertex 93.6 78 41.6
      vertex 96 78 41.6
      vertex 95.9658 78.5221 41.6
    endloop
  endfacet
  facet normal 0 0 1
    outer loop
      vertex 96 78 41.6
      vertex 93.6 78 41.6
      vertex 96 4 41.6
    endloop
  endfacet
  facet normal 0 0 1
    outer loop
      vertex 93.5863 78.2089 41.6
      vertex 95.9658 78.5221 41.6
      vertex 95.8637 79.0353 41.6
    endloop
  endfacet
  facet normal -0 0 1
    outer loop
      vertex 93.6 4.00001 41.6
      vertex 96 4 41.6
      vertex 93.6 78 41.6
    endloop
  endfacet
  facet normal 0 0 1
    outer loop
      vertex 93.5455 78.4141 41.6
      vertex 95.8637 79.0353 41.6
      vertex 95.6955 79.5307 41.6
    endloop
  endfacet
  facet normal 0 0 1
    outer loop
      vertex 96 4 41.6
      vertex 93.6 4.00001 41.6
      vertex 95.9658 3.47789 41.6
    endloop
  endfacet
  facet normal 0 0 1
    outer loop
      vertex 93.4782 78.6123 41.6
      vertex 95.6955 79.5307 41.6
      vertex 95.4641 80 41.6
    endloop
  endfacet
  facet normal -0 0 1
    outer loop
      vertex 93.5863 3.79116 41.6
      vertex 95.9658 3.47789 41.6
      vertex 93.6 4.00001 41.6
    endloop
  endfacet
  facet normal 0 0 1
    outer loop
      vertex 93.3856 78.8 41.6
      vertex 95.4641 80 41.6
      vertex 95.1734 80.435 41.6
    endloop
  endfacet
  facet normal 0 0 1
    outer loop
      vertex 95.9658 3.47789 41.6
      vertex 93.5863 3.79116 41.6
      vertex 95.8637 2.96472 41.6
    endloop
  endfacet
  facet normal 0 0 1
    outer loop
      vertex 93.2694 78.974 41.6
      vertex 95.1734 80.435 41.6
      vertex 94.8284 80.8284 41.6
    endloop
  endfacet
  facet normal -0 0 1
    outer loop
      vertex 93.5455 3.5859 41.6
      vertex 95.8637 2.96472 41.6
      vertex 93.5863 3.79116 41.6
    endloop
  endfacet
  facet normal 0 0 1
    outer loop
      vertex 93.1314 79.1314 41.6
      vertex 94.8284 80.8284 41.6
      vertex 94.435 81.1734 41.6
    endloop
  endfacet
  facet normal 0 0 1
    outer loop
      vertex 95.8637 2.96472 41.6
      vertex 93.5455 3.5859 41.6
      vertex 95.6955 2.46927 41.6
    endloop
  endfacet
  facet normal 0 0 1
    outer loop
      vertex 92.974 79.2694 41.6
      vertex 94.435 81.1734 41.6
      vertex 94 81.4641 41.6
    endloop
  endfacet
  facet normal -0 0 1
    outer loop
      vertex 93.4782 3.38772 41.6
      vertex 95.6955 2.46927 41.6
      vertex 93.5455 3.5859 41.6
    endloop
  endfacet
  facet normal 0 0 1
    outer loop
      vertex 95.6955 2.46927 41.6
      vertex 93.4782 3.38772 41.6
      vertex 95.4641 2 41.6
    endloop
  endfacet
  facet normal 0 0 1
    outer loop
      vertex 95.9658 78.5221 41.6
      vertex 93.5863 78.2089 41.6
      vertex 93.6 78 41.6
    endloop
  endfacet
  facet normal 0 0 1
    outer loop
      vertex 95.8637 79.0353 41.6
      vertex 93.5455 78.4141 41.6
      vertex 93.5863 78.2089 41.6
    endloop
  endfacet
  facet normal 0 0 1
    outer loop
      vertex 92.8 79.3856 41.6
      vertex 94 81.4641 41.6
      vertex 93.5307 81.6955 41.6
    endloop
  endfacet
  facet normal 0 0 1
    outer loop
      vertex 95.6955 79.5307 41.6
      vertex 93.4782 78.6123 41.6
      vertex 93.5455 78.4141 41.6
    endloop
  endfacet
  facet normal 0 0 1
    outer loop
      vertex 95.4641 80 41.6
      vertex 93.3856 78.8 41.6
      vertex 93.4782 78.6123 41.6
    endloop
  endfacet
  facet normal 0 0 1
    outer loop
      vertex 95.1734 80.435 41.6
      vertex 93.2694 78.974 41.6
      vertex 93.3856 78.8 41.6
    endloop
  endfacet
  facet normal 0 0 1
    outer loop
      vertex 94.8284 80.8284 41.6
      vertex 93.1314 79.1314 41.6
      vertex 93.2694 78.974 41.6
    endloop
  endfacet
  facet normal 0 0 1
    outer loop
      vertex 92.6123 79.4782 41.6
      vertex 93.5307 81.6955 41.6
      vertex 93.0353 81.8637 41.6
    endloop
  endfacet
  facet normal 0 0 1
    outer loop
      vertex 94.435 81.1734 41.6
      vertex 92.974 79.2694 41.6
      vertex 93.1314 79.1314 41.6
    endloop
  endfacet
  facet normal 0 0 1
    outer loop
      vertex 94 81.4641 41.6
      vertex 92.8 79.3856 41.6
      vertex 92.974 79.2694 41.6
    endloop
  endfacet
  facet normal 0 0 1
    outer loop
      vertex 93.5307 81.6955 41.6
      vertex 92.6123 79.4782 41.6
      vertex 92.8 79.3856 41.6
    endloop
  endfacet
  facet normal 0 0 1
    outer loop
      vertex 92.4141 79.5455 41.6
      vertex 93.0353 81.8637 41.6
      vertex 92.5221 81.9658 41.6
    endloop
  endfacet
  facet normal 0 0 1
    outer loop
      vertex 93.0353 81.8637 41.6
      vertex 92.4141 79.5455 41.6
      vertex 92.6123 79.4782 41.6
    endloop
  endfacet
  facet normal 0 0 1
    outer loop
      vertex 92.5221 81.9658 41.6
      vertex 92.2088 79.5863 41.6
      vertex 92.4141 79.5455 41.6
    endloop
  endfacet
  facet normal 0 0 1
    outer loop
      vertex 92 82 41.6
      vertex 92.2088 79.5863 41.6
      vertex 92.5221 81.9658 41.6
    endloop
  endfacet
  facet normal 0 0 1
    outer loop
      vertex 92 82 41.6
      vertex 92 79.6 41.6
      vertex 92.2088 79.5863 41.6
    endloop
  endfacet
  facet normal -0 0 1
    outer loop
      vertex 38 82 41.6
      vertex 92 79.6 41.6
      vertex 92 82 41.6
    endloop
  endfacet
  facet normal 0 0 1
    outer loop
      vertex 92 79.6 41.6
      vertex 38 82 41.6
      vertex 38 79.6 41.6
    endloop
  endfacet
  facet normal -0 0 1
    outer loop
      vertex 93.3856 3.20001 41.6
      vertex 95.4641 2 41.6
      vertex 93.4782 3.38772 41.6
    endloop
  endfacet
  facet normal 0 0 1
    outer loop
      vertex 95.4641 2 41.6
      vertex 93.3856 3.20001 41.6
      vertex 95.1734 1.56496 41.6
    endloop
  endfacet
  facet normal -0 0 1
    outer loop
      vertex 93.2694 3.026 41.6
      vertex 95.1734 1.56496 41.6
      vertex 93.3856 3.20001 41.6
    endloop
  endfacet
  facet normal 0 0 1
    outer loop
      vertex 95.1734 1.56496 41.6
      vertex 93.2694 3.026 41.6
      vertex 94.8284 1.17157 41.6
    endloop
  endfacet
  facet normal -0 0 1
    outer loop
      vertex 93.1314 2.86863 41.6
      vertex 94.8284 1.17157 41.6
      vertex 93.2694 3.026 41.6
    endloop
  endfacet
  facet normal 0 0 1
    outer loop
      vertex 94.8284 1.17157 41.6
      vertex 93.1314 2.86863 41.6
      vertex 94.435 0.826584 41.6
    endloop
  endfacet
  facet normal -0 0 1
    outer loop
      vertex 92.974 2.73065 41.6
      vertex 94.435 0.826584 41.6
      vertex 93.1314 2.86863 41.6
    endloop
  endfacet
  facet normal 0 0 1
    outer loop
      vertex 94.435 0.826584 41.6
      vertex 92.974 2.73065 41.6
      vertex 94 0.535904 41.6
    endloop
  endfacet
  facet normal -0 0 1
    outer loop
      vertex 92.8 2.61437 41.6
      vertex 94 0.535904 41.6
      vertex 92.974 2.73065 41.6
    endloop
  endfacet
  facet normal 0 0 1
    outer loop
      vertex 94 0.535904 41.6
      vertex 92.8 2.61437 41.6
      vertex 93.5307 0.304489 41.6
    endloop
  endfacet
  facet normal -0 0 1
    outer loop
      vertex 92.6123 2.5218 41.6
      vertex 93.5307 0.304489 41.6
      vertex 92.8 2.61437 41.6
    endloop
  endfacet
  facet normal 0 0 1
    outer loop
      vertex 93.5307 0.304489 41.6
      vertex 92.6123 2.5218 41.6
      vertex 93.0353 0.136292 41.6
    endloop
  endfacet
  facet normal -0 0 1
    outer loop
      vertex 92.4141 2.45452 41.6
      vertex 93.0353 0.136292 41.6
      vertex 92.6123 2.5218 41.6
    endloop
  endfacet
  facet normal 0 0 1
    outer loop
      vertex 93.0353 0.136292 41.6
      vertex 92.4141 2.45452 41.6
      vertex 92.5221 0.0342255 41.6
    endloop
  endfacet
  facet normal -0 0 1
    outer loop
      vertex 92.2088 2.41369 41.6
      vertex 92.5221 0.0342255 41.6
      vertex 92.4141 2.45452 41.6
    endloop
  endfacet
  facet normal 0 0 1
    outer loop
      vertex 92.2088 2.41369 41.6
      vertex 92 0 41.6
      vertex 92.5221 0.0342255 41.6
    endloop
  endfacet
  facet normal -0 0 1
    outer loop
      vertex 92 2.4 41.6
      vertex 92 0 41.6
      vertex 92.2088 2.41369 41.6
    endloop
  endfacet
  facet normal 0 0 1
    outer loop
      vertex 92 2.4 41.6
      vertex 4 0 41.6
      vertex 92 0 41.6
    endloop
  endfacet
  facet normal -0 0 1
    outer loop
      vertex 3.99999 2.4 41.6
      vertex 4 0 41.6
      vertex 92 2.4 41.6
    endloop
  endfacet
  facet normal 0 0 1
    outer loop
      vertex 3.79114 2.41369 41.6
      vertex 4 0 41.6
      vertex 3.99999 2.4 41.6
    endloop
  endfacet
  facet normal 0 0 1
    outer loop
      vertex 3.47789 0.0342255 41.6
      vertex 3.79114 2.41369 41.6
      vertex 3.58588 2.45452 41.6
    endloop
  endfacet
  facet normal 0 0 1
    outer loop
      vertex 3.79114 2.41369 41.6
      vertex 3.47789 0.0342255 41.6
      vertex 4 0 41.6
    endloop
  endfacet
  facet normal 0 0 1
    outer loop
      vertex 2.96472 0.136292 41.6
      vertex 3.58588 2.45452 41.6
      vertex 3.3877 2.5218 41.6
    endloop
  endfacet
  facet normal 0 0 1
    outer loop
      vertex 2.46927 0.304489 41.6
      vertex 3.3877 2.5218 41.6
      vertex 3.19999 2.61437 41.6
    endloop
  endfacet
  facet normal 0 0 1
    outer loop
      vertex 2 0.535904 41.6
      vertex 3.19999 2.61437 41.6
      vertex 3.02598 2.73065 41.6
    endloop
  endfacet
  facet normal 0 0 1
    outer loop
      vertex 3.58588 2.45452 41.6
      vertex 2.96472 0.136292 41.6
      vertex 3.47789 0.0342255 41.6
    endloop
  endfacet
  facet normal 0 0 1
    outer loop
      vertex 1.56496 0.826584 41.6
      vertex 3.02598 2.73065 41.6
      vertex 2.86861 2.86863 41.6
    endloop
  endfacet
  facet normal 0 0 1
    outer loop
      vertex 1.17157 1.17157 41.6
      vertex 2.86861 2.86863 41.6
      vertex 2.73063 3.026 41.6
    endloop
  endfacet
  facet normal 0 0 1
    outer loop
      vertex 0.826584 1.56496 41.6
      vertex 2.73063 3.026 41.6
      vertex 2.61436 3.20001 41.6
    endloop
  endfacet
  facet normal 0 0 1
    outer loop
      vertex 0.535904 2 41.6
      vertex 2.61436 3.20001 41.6
      vertex 2.52178 3.38772 41.6
    endloop
  endfacet
  facet normal 0 0 1
    outer loop
      vertex 3.3877 2.5218 41.6
      vertex 2.46927 0.304489 41.6
      vertex 2.96472 0.136292 41.6
    endloop
  endfacet
  facet normal 0 0 1
    outer loop
      vertex 0.304489 2.46927 41.6
      vertex 2.52178 3.38772 41.6
      vertex 2.4545 3.5859 41.6
    endloop
  endfacet
  facet normal 0 0 1
    outer loop
      vertex 0.136292 2.96472 41.6
      vertex 2.4545 3.5859 41.6
      vertex 2.41367 3.79116 41.6
    endloop
  endfacet
  facet normal 0 0 1
    outer loop
      vertex 0.0342255 3.47789 41.6
      vertex 2.41367 3.79116 41.6
      vertex 2.39998 4.00001 41.6
    endloop
  endfacet
  facet normal 0 0 1
    outer loop
      vertex 3.19999 2.61437 41.6
      vertex 2 0.535904 41.6
      vertex 2.46927 0.304489 41.6
    endloop
  endfacet
  facet normal 0 0 1
    outer loop
      vertex 2.39998 78 41.6
      vertex 0 78 41.6
      vertex 2.39998 4.00001 41.6
    endloop
  endfacet
  facet normal -0 0 1
    outer loop
      vertex 0.304489 79.5307 41.6
      vertex 2.52178 78.6123 41.6
      vertex 0.535904 80 41.6
    endloop
  endfacet
  facet normal 0 0 1
    outer loop
      vertex 0 4 41.6
      vertex 2.39998 4.00001 41.6
      vertex 0 78 41.6
    endloop
  endfacet
  facet normal 0 0 1
    outer loop
      vertex 2.52178 78.6123 41.6
      vertex 0.304489 79.5307 41.6
      vertex 2.4545 78.4141 41.6
    endloop
  endfacet
  facet normal 0 -0 1
    outer loop
      vertex 0.0342255 3.47789 41.6
      vertex 2.39998 4.00001 41.6
      vertex 0 4 41.6
    endloop
  endfacet
  facet normal -0 0 1
    outer loop
      vertex 0.136292 79.0353 41.6
      vertex 2.4545 78.4141 41.6
      vertex 0.304489 79.5307 41.6
    endloop
  endfacet
  facet normal 0 0 1
    outer loop
      vertex 3.02598 2.73065 41.6
      vertex 1.56496 0.826584 41.6
      vertex 2 0.535904 41.6
    endloop
  endfacet
  facet normal 0 0 1
    outer loop
      vertex 2.4545 78.4141 41.6
      vertex 0.136292 79.0353 41.6
      vertex 2.41367 78.2089 41.6
    endloop
  endfacet
  facet normal 0 0 1
    outer loop
      vertex 2.86861 2.86863 41.6
      vertex 1.17157 1.17157 41.6
      vertex 1.56496 0.826584 41.6
    endloop
  endfacet
  facet normal -0 0 1
    outer loop
      vertex 0.0342255 78.5221 41.6
      vertex 2.41367 78.2089 41.6
      vertex 0.136292 79.0353 41.6
    endloop
  endfacet
  facet normal 0 0 1
    outer loop
      vertex 2.73063 3.026 41.6
      vertex 0.826584 1.56496 41.6
      vertex 1.17157 1.17157 41.6
    endloop
  endfacet
  facet normal 0 0 1
    outer loop
      vertex 2.41367 78.2089 41.6
      vertex 0.0342255 78.5221 41.6
      vertex 2.39998 78 41.6
    endloop
  endfacet
  facet normal 0 0 1
    outer loop
      vertex 2.61436 3.20001 41.6
      vertex 0.535904 2 41.6
      vertex 0.826584 1.56496 41.6
    endloop
  endfacet
  facet normal 0 0 1
    outer loop
      vertex 2.39998 78 41.6
      vertex 0.0342255 78.5221 41.6
      vertex 0 78 41.6
    endloop
  endfacet
  facet normal 0 0 1
    outer loop
      vertex 2.52178 3.38772 41.6
      vertex 0.304489 2.46927 41.6
      vertex 0.535904 2 41.6
    endloop
  endfacet
  facet normal 0 0 1
    outer loop
      vertex 2.4545 3.5859 41.6
      vertex 0.136292 2.96472 41.6
      vertex 0.304489 2.46927 41.6
    endloop
  endfacet
  facet normal 0 0 1
    outer loop
      vertex 2.41367 3.79116 41.6
      vertex 0.0342255 3.47789 41.6
      vertex 0.136292 2.96472 41.6
    endloop
  endfacet
  facet normal -0.555591 0.831456 0
    outer loop
      vertex 2 81.4641 0
      vertex 1.56496 81.1734 41.6
      vertex 2 81.4641 41.6
    endloop
  endfacet
  facet normal -0.555591 0.831456 0
    outer loop
      vertex 1.56496 81.1734 41.6
      vertex 2 81.4641 0
      vertex 1.56496 81.1734 0
    endloop
  endfacet
  facet normal -0.195135 0.980776 0
    outer loop
      vertex 3.47789 81.9658 0
      vertex 2.96472 81.8637 41.6
      vertex 3.47789 81.9658 41.6
    endloop
  endfacet
  facet normal -0.195135 0.980776 0
    outer loop
      vertex 2.96472 81.8637 41.6
      vertex 3.47789 81.9658 0
      vertex 2.96472 81.8637 0
    endloop
  endfacet
  facet normal 0.5556 -0.83145 0
    outer loop
      vertex 94 0.535904 0
      vertex 94.435 0.826584 41.6
      vertex 94 0.535904 41.6
    endloop
  endfacet
  facet normal 0.5556 -0.83145 0
    outer loop
      vertex 94.435 0.826584 41.6
      vertex 94 0.535904 0
      vertex 94.435 0.826584 0
    endloop
  endfacet
  facet normal 0.0654131 -0.997858 0
    outer loop
      vertex 92 0 0
      vertex 92.5221 0.0342255 41.6
      vertex 92 0 41.6
    endloop
  endfacet
  facet normal 0.0654131 -0.997858 0
    outer loop
      vertex 92.5221 0.0342255 41.6
      vertex 92 0 0
      vertex 92.5221 0.0342255 0
    endloop
  endfacet
  facet normal 0.195062 -0.980791 0
    outer loop
      vertex 92.5221 0.0342255 0
      vertex 93.0353 0.136292 41.6
      vertex 92.5221 0.0342255 41.6
    endloop
  endfacet
  facet normal 0.195062 -0.980791 0
    outer loop
      vertex 93.0353 0.136292 41.6
      vertex 92.5221 0.0342255 0
      vertex 93.0353 0.136292 0
    endloop
  endfacet
  facet normal -0.0654119 -0.997858 0
    outer loop
      vertex 3.47789 0.0342255 0
      vertex 4 0 41.6
      vertex 3.47789 0.0342255 41.6
    endloop
  endfacet
  facet normal -0.0654119 -0.997858 -0
    outer loop
      vertex 4 0 41.6
      vertex 3.47789 0.0342255 0
      vertex 4 0 0
    endloop
  endfacet
  facet normal 0.831432 0.555626 0
    outer loop
      vertex 95.4641 80 41.6
      vertex 95.1734 80.435 0
      vertex 95.1734 80.435 41.6
    endloop
  endfacet
  facet normal 0.831432 0.555626 0
    outer loop
      vertex 95.1734 80.435 0
      vertex 95.4641 80 41.6
      vertex 95.4641 80 0
    endloop
  endfacet
  facet normal 0.980779 0.195124 0
    outer loop
      vertex 95.9658 78.5221 41.6
      vertex 95.8637 79.0353 0
      vertex 95.8637 79.0353 41.6
    endloop
  endfacet
  facet normal 0.980779 0.195124 0
    outer loop
      vertex 95.8637 79.0353 0
      vertex 95.9658 78.5221 41.6
      vertex 95.9658 78.5221 0
    endloop
  endfacet
  facet normal 0.659343 0.751842 -0
    outer loop
      vertex 94.8284 80.8284 0
      vertex 94.435 81.1734 41.6
      vertex 94.8284 80.8284 41.6
    endloop
  endfacet
  facet normal 0.659343 0.751842 0
    outer loop
      vertex 94.435 81.1734 41.6
      vertex 94.8284 80.8284 0
      vertex 94.435 81.1734 0
    endloop
  endfacet
  facet normal 0.442238 0.896898 -0
    outer loop
      vertex 94 81.4641 0
      vertex 93.5307 81.6955 41.6
      vertex 94 81.4641 41.6
    endloop
  endfacet
  facet normal 0.442238 0.896898 0
    outer loop
      vertex 93.5307 81.6955 41.6
      vertex 94 81.4641 0
      vertex 93.5307 81.6955 0
    endloop
  endfacet
  facet normal 0.94692 -0.321469 0
    outer loop
      vertex 95.6955 2.46927 41.6
      vertex 95.8637 2.96472 0
      vertex 95.8637 2.96472 41.6
    endloop
  endfacet
  facet normal 0.94692 -0.321469 0
    outer loop
      vertex 95.8637 2.96472 0
      vertex 95.6955 2.46927 41.6
      vertex 95.6955 2.46927 0
    endloop
  endfacet
  facet normal 0.980776 -0.195135 0
    outer loop
      vertex 95.8637 2.96472 41.6
      vertex 95.9658 3.47789 0
      vertex 95.9658 3.47789 41.6
    endloop
  endfacet
  facet normal 0.980776 -0.195135 0
    outer loop
      vertex 95.9658 3.47789 0
      vertex 95.8637 2.96472 41.6
      vertex 95.8637 2.96472 0
    endloop
  endfacet
  facet normal 0.751834 -0.659353 0
    outer loop
      vertex 94.8284 1.17157 41.6
      vertex 95.1734 1.56496 0
      vertex 95.1734 1.56496 41.6
    endloop
  endfacet
  facet normal 0.751834 -0.659353 0
    outer loop
      vertex 95.1734 1.56496 0
      vertex 94.8284 1.17157 41.6
      vertex 94.8284 1.17157 0
    endloop
  endfacet
  facet normal -0.751847 -0.659337 0
    outer loop
      vertex 1.17157 1.17157 0
      vertex 0.826584 1.56496 41.6
      vertex 0.826584 1.56496 0
    endloop
  endfacet
  facet normal -0.751847 -0.659337 0
    outer loop
      vertex 0.826584 1.56496 41.6
      vertex 1.17157 1.17157 0
      vertex 1.17157 1.17157 41.6
    endloop
  endfacet
  facet normal -0.321464 -0.946922 0
    outer loop
      vertex 2.46927 0.304489 0
      vertex 2.96472 0.136292 41.6
      vertex 2.46927 0.304489 41.6
    endloop
  endfacet
  facet normal -0.321464 -0.946922 -0
    outer loop
      vertex 2.96472 0.136292 41.6
      vertex 2.46927 0.304489 0
      vertex 2.96472 0.136292 0
    endloop
  endfacet
  facet normal -0.831474 -0.555564 0
    outer loop
      vertex 0.826584 1.56496 0
      vertex 0.535904 2 41.6
      vertex 0.535904 2 0
    endloop
  endfacet
  facet normal -0.831474 -0.555564 0
    outer loop
      vertex 0.535904 2 41.6
      vertex 0.826584 1.56496 0
      vertex 0.826584 1.56496 41.6
    endloop
  endfacet
  facet normal -0.997858 -0.0654119 0
    outer loop
      vertex 0.0342255 3.47789 0
      vertex 0 4 41.6
      vertex 0 4 0
    endloop
  endfacet
  facet normal -0.997858 -0.0654119 0
    outer loop
      vertex 0 4 41.6
      vertex 0.0342255 3.47789 0
      vertex 0.0342255 3.47789 41.6
    endloop
  endfacet
  facet normal -0.980789 -0.195073 0
    outer loop
      vertex 0.136292 2.96472 0
      vertex 0.0342255 3.47789 41.6
      vertex 0.0342255 3.47789 0
    endloop
  endfacet
  facet normal -0.980789 -0.195073 0
    outer loop
      vertex 0.0342255 3.47789 41.6
      vertex 0.136292 2.96472 0
      vertex 0.136292 2.96472 41.6
    endloop
  endfacet
  facet normal -0.997858 0.0654131 0
    outer loop
      vertex 0 78 0
      vertex 0.0342255 78.5221 41.6
      vertex 0.0342255 78.5221 0
    endloop
  endfacet
  facet normal -0.997858 0.0654131 0
    outer loop
      vertex 0.0342255 78.5221 41.6
      vertex 0 78 0
      vertex 0 78 41.6
    endloop
  endfacet
  facet normal -0.896886 0.442261 0
    outer loop
      vertex 0.304489 79.5307 0
      vertex 0.535904 80 41.6
      vertex 0.535904 80 0
    endloop
  endfacet
  facet normal -0.896886 0.442261 0
    outer loop
      vertex 0.535904 80 41.6
      vertex 0.304489 79.5307 0
      vertex 0.304489 79.5307 41.6
    endloop
  endfacet
  facet normal -0.946912 0.321493 0
    outer loop
      vertex 0.136292 79.0353 0
      vertex 0.304489 79.5307 41.6
      vertex 0.304489 79.5307 0
    endloop
  endfacet
  facet normal -0.946912 0.321493 0
    outer loop
      vertex 0.304489 79.5307 41.6
      vertex 0.136292 79.0353 0
      vertex 0.136292 79.0353 41.6
    endloop
  endfacet
  facet normal -0.0653634 0.997862 0
    outer loop
      vertex 4 82 0
      vertex 3.47789 81.9658 41.6
      vertex 4 82 41.6
    endloop
  endfacet
  facet normal -0.0653634 0.997862 0
    outer loop
      vertex 3.47789 81.9658 41.6
      vertex 4 82 0
      vertex 3.47789 81.9658 0
    endloop
  endfacet
  facet normal 0.896898 0.442238 0
    outer loop
      vertex 95.6955 79.5307 41.6
      vertex 95.4641 80 0
      vertex 95.4641 80 41.6
    endloop
  endfacet
  facet normal 0.896898 0.442238 0
    outer loop
      vertex 95.4641 80 0
      vertex 95.6955 79.5307 41.6
      vertex 95.6955 79.5307 0
    endloop
  endfacet
  facet normal 0.997862 -0.0653634 0
    outer loop
      vertex 95.9658 3.47789 41.6
      vertex 96 4 0
      vertex 96 4 41.6
    endloop
  endfacet
  facet normal 0.997862 -0.0653634 0
    outer loop
      vertex 96 4 0
      vertex 95.9658 3.47789 41.6
      vertex 95.9658 3.47789 0
    endloop
  endfacet
  facet normal 0.831456 -0.555591 0
    outer loop
      vertex 95.1734 1.56496 41.6
      vertex 95.4641 2 0
      vertex 95.4641 2 41.6
    endloop
  endfacet
  facet normal 0.831456 -0.555591 0
    outer loop
      vertex 95.4641 2 0
      vertex 95.1734 1.56496 41.6
      vertex 95.1734 1.56496 0
    endloop
  endfacet
  facet normal 0.896887 -0.44226 0
    outer loop
      vertex 95.4641 2 41.6
      vertex 95.6955 2.46927 0
      vertex 95.6955 2.46927 41.6
    endloop
  endfacet
  facet normal 0.896887 -0.44226 0
    outer loop
      vertex 95.6955 2.46927 0
      vertex 95.4641 2 41.6
      vertex 95.4641 2 0
    endloop
  endfacet
  facet normal -0.555564 -0.831474 0
    outer loop
      vertex 1.56496 0.826584 0
      vertex 2 0.535904 41.6
      vertex 1.56496 0.826584 41.6
    endloop
  endfacet
  facet normal -0.555564 -0.831474 -0
    outer loop
      vertex 2 0.535904 41.6
      vertex 1.56496 0.826584 0
      vertex 2 0.535904 0
    endloop
  endfacet
  facet normal -0.946922 -0.321464 0
    outer loop
      vertex 0.304489 2.46927 0
      vertex 0.136292 2.96472 41.6
      vertex 0.136292 2.96472 0
    endloop
  endfacet
  facet normal -0.946922 -0.321464 0
    outer loop
      vertex 0.136292 2.96472 41.6
      vertex 0.304489 2.46927 0
      vertex 0.304489 2.46927 41.6
    endloop
  endfacet
  facet normal -0.896875 -0.442284 0
    outer loop
      vertex 0.535904 2 0
      vertex 0.304489 2.46927 41.6
      vertex 0.304489 2.46927 0
    endloop
  endfacet
  facet normal -0.896875 -0.442284 0
    outer loop
      vertex 0.304489 2.46927 41.6
      vertex 0.535904 2 0
      vertex 0.535904 2 41.6
    endloop
  endfacet
  facet normal -0.83145 0.5556 0
    outer loop
      vertex 0.535904 80 0
      vertex 0.826584 80.435 41.6
      vertex 0.826584 80.435 0
    endloop
  endfacet
  facet normal -0.83145 0.5556 0
    outer loop
      vertex 0.826584 80.435 41.6
      vertex 0.535904 80 0
      vertex 0.535904 80 41.6
    endloop
  endfacet
  facet normal -0.980791 0.195062 0
    outer loop
      vertex 0.0342255 78.5221 0
      vertex 0.136292 79.0353 41.6
      vertex 0.136292 79.0353 0
    endloop
  endfacet
  facet normal -0.980791 0.195062 0
    outer loop
      vertex 0.136292 79.0353 41.6
      vertex 0.0342255 78.5221 0
      vertex 0.0342255 78.5221 41.6
    endloop
  endfacet
  facet normal 0.94691 0.321498 0
    outer loop
      vertex 95.8637 79.0353 41.6
      vertex 95.6955 79.5307 0
      vertex 95.6955 79.5307 41.6
    endloop
  endfacet
  facet normal 0.94691 0.321498 0
    outer loop
      vertex 95.6955 79.5307 0
      vertex 95.8637 79.0353 41.6
      vertex 95.8637 79.0353 0
    endloop
  endfacet
  facet normal -0.659337 -0.751847 0
    outer loop
      vertex 1.17157 1.17157 0
      vertex 1.56496 0.826584 41.6
      vertex 1.17157 1.17157 41.6
    endloop
  endfacet
  facet normal -0.659337 -0.751847 -0
    outer loop
      vertex 1.56496 0.826584 41.6
      vertex 1.17157 1.17157 0
      vertex 1.56496 0.826584 0
    endloop
  endfacet
  facet normal -0.442284 -0.896875 0
    outer loop
      vertex 2 0.535904 0
      vertex 2.46927 0.304489 41.6
      vertex 2 0.535904 41.6
    endloop
  endfacet
  facet normal -0.442284 -0.896875 -0
    outer loop
      vertex 2.46927 0.304489 41.6
      vertex 2 0.535904 0
      vertex 2.46927 0.304489 0
    endloop
  endfacet
  facet normal -0.0654722 -0.997854 0
    outer loop
      vertex 92 79.6 1.6
      vertex 92.2088 79.5863 41.6
      vertex 92 79.6 41.6
    endloop
  endfacet
  facet normal -0.0654722 -0.997854 -0
    outer loop
      vertex 92.2088 79.5863 41.6
      vertex 92 79.6 1.6
      vertex 92.2088 79.5863 1.6
    endloop
  endfacet
  facet normal -0.194922 -0.980819 0
    outer loop
      vertex 92.2088 79.5863 1.6
      vertex 92.4141 79.5455 41.6
      vertex 92.2088 79.5863 41.6
    endloop
  endfacet
  facet normal -0.194922 -0.980819 -0
    outer loop
      vertex 92.4141 79.5455 41.6
      vertex 92.2088 79.5863 1.6
      vertex 92.4141 79.5455 1.6
    endloop
  endfacet
  facet normal 0.0654091 0.997859 -0
    outer loop
      vertex 3.99999 2.4 1.6
      vertex 3.79114 2.41369 41.6
      vertex 3.99999 2.4 41.6
    endloop
  endfacet
  facet normal 0.0654091 0.997859 0
    outer loop
      vertex 3.79114 2.41369 41.6
      vertex 3.99999 2.4 1.6
      vertex 3.79114 2.41369 1.6
    endloop
  endfacet
  facet normal -1 0 0
    outer loop
      vertex 93.6 60.6 23
      vertex 93.6 78 1.6
      vertex 93.6 60.6 19.8
    endloop
  endfacet
  facet normal -1 0 0
    outer loop
      vertex 93.6 78 1.6
      vertex 93.6 51.4 19.8
      vertex 93.6 60.6 19.8
    endloop
  endfacet
  facet normal -1 0 0
    outer loop
      vertex 93.6 51.4 19.8
      vertex 93.6 22.6 19.8
      vertex 93.6 51.4 23
    endloop
  endfacet
  facet normal -1 0 0
    outer loop
      vertex 93.6 4.00001 1.6
      vertex 93.6 51.4 19.8
      vertex 93.6 78 1.6
    endloop
  endfacet
  facet normal -1 -0 0
    outer loop
      vertex 93.6 51.4 19.8
      vertex 93.6 4.00001 1.6
      vertex 93.6 22.6 19.8
    endloop
  endfacet
  facet normal -1 -0 0
    outer loop
      vertex 93.6 13.4 19.8
      vertex 93.6 4.00001 1.6
      vertex 93.6 13.4 23
    endloop
  endfacet
  facet normal -1 -0 0
    outer loop
      vertex 93.6 22.6 19.8
      vertex 93.6 4.00001 1.6
      vertex 93.6 13.4 19.8
    endloop
  endfacet
  facet normal -1 0 0
    outer loop
      vertex 93.6 78 1.6
      vertex 93.6 60.6 23
      vertex 93.6 78 41.6
    endloop
  endfacet
  facet normal -1 0 0
    outer loop
      vertex 93.6 51.4 23
      vertex 93.6 78 41.6
      vertex 93.6 60.6 23
    endloop
  endfacet
  facet normal -1 0 0
    outer loop
      vertex 93.6 22.6 23
      vertex 93.6 51.4 23
      vertex 93.6 22.6 19.8
    endloop
  endfacet
  facet normal -1 0 0
    outer loop
      vertex 93.6 4.00001 41.6
      vertex 93.6 51.4 23
      vertex 93.6 22.6 23
    endloop
  endfacet
  facet normal -1 0 0
    outer loop
      vertex 93.6 4.00001 41.6
      vertex 93.6 22.6 23
      vertex 93.6 13.4 23
    endloop
  endfacet
  facet normal -1 0 0
    outer loop
      vertex 93.6 51.4 23
      vertex 93.6 4.00001 41.6
      vertex 93.6 78 41.6
    endloop
  endfacet
  facet normal -1 0 0
    outer loop
      vertex 93.6 4.00001 41.6
      vertex 93.6 13.4 23
      vertex 93.6 4.00001 1.6
    endloop
  endfacet
  facet normal -0 0 1
    outer loop
      vertex 47.4 64.6 1.6
      vertex 48.2 19.4 1.6
      vertex 48.2 64.6 1.6
    endloop
  endfacet
  facet normal 0 0 1
    outer loop
      vertex 48.2 19.4 1.6
      vertex 47.4 64.6 1.6
      vertex 47.4 19.4 1.6
    endloop
  endfacet
  facet normal 0 0 1
    outer loop
      vertex 48.2 64.6 1.6
      vertex 55.4 71.8 1.6
      vertex 48.2 71.8 1.6
    endloop
  endfacet
  facet normal 0 0 1
    outer loop
      vertex 55.4 71.8 1.6
      vertex 48.2 64.6 1.6
      vertex 55.4 12.2 1.6
    endloop
  endfacet
  facet normal -0 0 1
    outer loop
      vertex 48.2 19.4 1.6
      vertex 55.4 12.2 1.6
      vertex 48.2 64.6 1.6
    endloop
  endfacet
  facet normal 0 0 1
    outer loop
      vertex 55.4 12.2 1.6
      vertex 48.2 19.4 1.6
      vertex 48.2 12.2 1.6
    endloop
  endfacet
  facet normal -0 0 1
    outer loop
      vertex 80.6 71.8 1.6
      vertex 87.8 64.6 1.6
      vertex 87.8 71.8 1.6
    endloop
  endfacet
  facet normal -0 0 1
    outer loop
      vertex 55.4 71.8 1.6
      vertex 87.8 64.6 1.6
      vertex 80.6 71.8 1.6
    endloop
  endfacet
  facet normal 0 0 1
    outer loop
      vertex 87.8 64.6 1.6
      vertex 55.4 71.8 1.6
      vertex 87.8 19.4 1.6
    endloop
  endfacet
  facet normal 0 0 1
    outer loop
      vertex 87.8 19.4 1.6
      vertex 80.6 12.2 1.6
      vertex 87.8 12.2 1.6
    endloop
  endfacet
  facet normal -0 0 1
    outer loop
      vertex 87.8 64.6 1.6
      vertex 88.6 19.4 1.6
      vertex 88.6 64.6 1.6
    endloop
  endfacet
  facet normal 0 0 1
    outer loop
      vertex 88.6 19.4 1.6
      vertex 87.8 64.6 1.6
      vertex 87.8 19.4 1.6
    endloop
  endfacet
  facet normal 0 0 1
    outer loop
      vertex 92 79.6 1.6
      vertex 93.6 78 1.6
      vertex 93.5863 78.2089 1.6
    endloop
  endfacet
  facet normal 0 0 1
    outer loop
      vertex 93.6 78 1.6
      vertex 88.6 19.4 1.6
      vertex 93.6 4.00001 1.6
    endloop
  endfacet
  facet normal 0 0 1
    outer loop
      vertex 92 79.6 1.6
      vertex 93.5863 78.2089 1.6
      vertex 93.5455 78.4141 1.6
    endloop
  endfacet
  facet normal -0 0 1
    outer loop
      vertex 88.6 11.4 1.6
      vertex 93.6 4.00001 1.6
      vertex 88.6 19.4 1.6
    endloop
  endfacet
  facet normal 0 0 1
    outer loop
      vertex 92 79.6 1.6
      vertex 93.5455 78.4141 1.6
      vertex 93.4782 78.6123 1.6
    endloop
  endfacet
  facet normal 0 -0 1
    outer loop
      vertex 92 2.4 1.6
      vertex 93.6 4.00001 1.6
      vertex 88.6 11.4 1.6
    endloop
  endfacet
  facet normal 0 0 1
    outer loop
      vertex 92 79.6 1.6
      vertex 93.4782 78.6123 1.6
      vertex 93.3856 78.8 1.6
    endloop
  endfacet
  facet normal 0 0 1
    outer loop
      vertex 93.6 4.00001 1.6
      vertex 92 2.4 1.6
      vertex 93.5863 3.79116 1.6
    endloop
  endfacet
  facet normal 0 0 1
    outer loop
      vertex 92 79.6 1.6
      vertex 93.3856 78.8 1.6
      vertex 93.2694 78.974 1.6
    endloop
  endfacet
  facet normal 0 0 1
    outer loop
      vertex 93.5863 3.79116 1.6
      vertex 92 2.4 1.6
      vertex 93.5455 3.5859 1.6
    endloop
  endfacet
  facet normal 0 0 1
    outer loop
      vertex 92 79.6 1.6
      vertex 93.2694 78.974 1.6
      vertex 93.1314 79.1314 1.6
    endloop
  endfacet
  facet normal 0 0 1
    outer loop
      vertex 93.5455 3.5859 1.6
      vertex 92 2.4 1.6
      vertex 93.4782 3.38772 1.6
    endloop
  endfacet
  facet normal 0 0 1
    outer loop
      vertex 92 79.6 1.6
      vertex 93.1314 79.1314 1.6
      vertex 92.974 79.2694 1.6
    endloop
  endfacet
  facet normal 0 0 1
    outer loop
      vertex 93.4782 3.38772 1.6
      vertex 92 2.4 1.6
      vertex 93.3856 3.20001 1.6
    endloop
  endfacet
  facet normal 0 0 1
    outer loop
      vertex 92 79.6 1.6
      vertex 92.974 79.2694 1.6
      vertex 92.8 79.3856 1.6
    endloop
  endfacet
  facet normal 0 0 1
    outer loop
      vertex 93.3856 3.20001 1.6
      vertex 92 2.4 1.6
      vertex 93.2694 3.026 1.6
    endloop
  endfacet
  facet normal 0 0 1
    outer loop
      vertex 92 79.6 1.6
      vertex 92.8 79.3856 1.6
      vertex 92.6123 79.4782 1.6
    endloop
  endfacet
  facet normal 0 0 1
    outer loop
      vertex 93.2694 3.026 1.6
      vertex 92 2.4 1.6
      vertex 93.1314 2.86863 1.6
    endloop
  endfacet
  facet normal 0 0 1
    outer loop
      vertex 92 79.6 1.6
      vertex 92.6123 79.4782 1.6
      vertex 92.4141 79.5455 1.6
    endloop
  endfacet
  facet normal 0 0 1
    outer loop
      vertex 93.1314 2.86863 1.6
      vertex 92 2.4 1.6
      vertex 92.974 2.73065 1.6
    endloop
  endfacet
  facet normal 0 0 1
    outer loop
      vertex 92 79.6 1.6
      vertex 92.4141 79.5455 1.6
      vertex 92.2088 79.5863 1.6
    endloop
  endfacet
  facet normal 0 0 1
    outer loop
      vertex 92.974 2.73065 1.6
      vertex 92 2.4 1.6
      vertex 92.8 2.61437 1.6
    endloop
  endfacet
  facet normal 0 0 1
    outer loop
      vertex 93.6 78 1.6
      vertex 92 79.6 1.6
      vertex 88.6 72.6 1.6
    endloop
  endfacet
  facet normal 0 0 1
    outer loop
      vertex 92.8 2.61437 1.6
      vertex 92 2.4 1.6
      vertex 92.6123 2.5218 1.6
    endloop
  endfacet
  facet normal 0 0 1
    outer loop
      vertex 93.6 78 1.6
      vertex 88.6 72.6 1.6
      vertex 88.6 64.6 1.6
    endloop
  endfacet
  facet normal 0 0 1
    outer loop
      vertex 92 79.6 1.6
      vertex 80.6 72.6 1.6
      vertex 88.6 72.6 1.6
    endloop
  endfacet
  facet normal 0 0 1
    outer loop
      vertex 55.4 71.8 1.6
      vertex 80.6 71.8 1.6
      vertex 80.6 72.6 1.6
    endloop
  endfacet
  facet normal 0 0 1
    outer loop
      vertex 55.4 12.2 1.6
      vertex 87.8 19.4 1.6
      vertex 55.4 71.8 1.6
    endloop
  endfacet
  facet normal 0 0 1
    outer loop
      vertex 55.4 71.8 1.6
      vertex 80.6 72.6 1.6
      vertex 55.4 72.6 1.6
    endloop
  endfacet
  facet normal 0 0 1
    outer loop
      vertex 92 79.6 1.6
      vertex 55.4 72.6 1.6
      vertex 80.6 72.6 1.6
    endloop
  endfacet
  facet normal 0 0 1
    outer loop
      vertex 92 79.6 1.6
      vertex 47.4 72.6 1.6
      vertex 55.4 72.6 1.6
    endloop
  endfacet
  facet normal 0 0 1
    outer loop
      vertex 3.99999 79.6 1.6
      vertex 47.4 64.6 1.6
      vertex 47.4 72.6 1.6
    endloop
  endfacet
  facet normal 0 0 1
    outer loop
      vertex 47.4 64.6 1.6
      vertex 2.39998 78 1.6
      vertex 47.4 19.4 1.6
    endloop
  endfacet
  facet normal 0 0 1
    outer loop
      vertex 47.4 64.6 1.6
      vertex 3.99999 79.6 1.6
      vertex 2.39998 78 1.6
    endloop
  endfacet
  facet normal -0 0 1
    outer loop
      vertex 3.99999 79.6 1.6
      vertex 47.4 72.6 1.6
      vertex 92 79.6 1.6
    endloop
  endfacet
  facet normal 0 0 1
    outer loop
      vertex 93.6 78 1.6
      vertex 88.6 64.6 1.6
      vertex 88.6 19.4 1.6
    endloop
  endfacet
  facet normal 0 0 1
    outer loop
      vertex 92.6123 2.5218 1.6
      vertex 92 2.4 1.6
      vertex 92.4141 2.45452 1.6
    endloop
  endfacet
  facet normal 0 0 1
    outer loop
      vertex 92.4141 2.45452 1.6
      vertex 92 2.4 1.6
      vertex 92.2088 2.41369 1.6
    endloop
  endfacet
  facet normal -0 0 1
    outer loop
      vertex 80.6 11.4 1.6
      vertex 92 2.4 1.6
      vertex 88.6 11.4 1.6
    endloop
  endfacet
  facet normal 0 0 1
    outer loop
      vertex 87.8 19.4 1.6
      vertex 55.4 12.2 1.6
      vertex 80.6 12.2 1.6
    endloop
  endfacet
  facet normal 0 0 1
    outer loop
      vertex 80.6 12.2 1.6
      vertex 55.4 12.2 1.6
      vertex 80.6 11.4 1.6
    endloop
  endfacet
  facet normal 0 0 1
    outer loop
      vertex 55.4 11.4 1.6
      vertex 80.6 11.4 1.6
      vertex 55.4 12.2 1.6
    endloop
  endfacet
  facet normal 0 0 1
    outer loop
      vertex 80.6 11.4 1.6
      vertex 55.4 11.4 1.6
      vertex 92 2.4 1.6
    endloop
  endfacet
  facet normal -0 0 1
    outer loop
      vertex 47.4 11.4 1.6
      vertex 92 2.4 1.6
      vertex 55.4 11.4 1.6
    endloop
  endfacet
  facet normal 0 0 1
    outer loop
      vertex 47.4 11.4 1.6
      vertex 3.99999 2.4 1.6
      vertex 92 2.4 1.6
    endloop
  endfacet
  facet normal 0 0 1
    outer loop
      vertex 2.39998 4.00001 1.6
      vertex 47.4 19.4 1.6
      vertex 2.39998 78 1.6
    endloop
  endfacet
  facet normal 0 0 1
    outer loop
      vertex 2.39998 78 1.6
      vertex 3.99999 79.6 1.6
      vertex 3.79114 79.5863 1.6
    endloop
  endfacet
  facet normal 0 -0 1
    outer loop
      vertex 3.99999 2.4 1.6
      vertex 47.4 19.4 1.6
      vertex 2.39998 4.00001 1.6
    endloop
  endfacet
  facet normal 0 0 1
    outer loop
      vertex 2.39998 78 1.6
      vertex 3.79114 79.5863 1.6
      vertex 3.58588 79.5455 1.6
    endloop
  endfacet
  facet normal 0 0 1
    outer loop
      vertex 47.4 19.4 1.6
      vertex 3.99999 2.4 1.6
      vertex 47.4 11.4 1.6
    endloop
  endfacet
  facet normal 0 0 1
    outer loop
      vertex 2.39998 78 1.6
      vertex 3.58588 79.5455 1.6
      vertex 3.3877 79.4782 1.6
    endloop
  endfacet
  facet normal 0 0 1
    outer loop
      vertex 3.99999 2.4 1.6
      vertex 2.39998 4.00001 1.6
      vertex 3.79114 2.41369 1.6
    endloop
  endfacet
  facet normal 0 0 1
    outer loop
      vertex 2.39998 78 1.6
      vertex 3.3877 79.4782 1.6
      vertex 3.19999 79.3856 1.6
    endloop
  endfacet
  facet normal 0 0 1
    outer loop
      vertex 3.79114 2.41369 1.6
      vertex 2.39998 4.00001 1.6
      vertex 3.58588 2.45452 1.6
    endloop
  endfacet
  facet normal 0 0 1
    outer loop
      vertex 2.39998 78 1.6
      vertex 3.19999 79.3856 1.6
      vertex 3.02598 79.2694 1.6
    endloop
  endfacet
  facet normal 0 0 1
    outer loop
      vertex 3.58588 2.45452 1.6
      vertex 2.39998 4.00001 1.6
      vertex 3.3877 2.5218 1.6
    endloop
  endfacet
  facet normal 0 0 1
    outer loop
      vertex 2.39998 78 1.6
      vertex 3.02598 79.2694 1.6
      vertex 2.86861 79.1314 1.6
    endloop
  endfacet
  facet normal 0 0 1
    outer loop
      vertex 3.3877 2.5218 1.6
      vertex 2.39998 4.00001 1.6
      vertex 3.19999 2.61437 1.6
    endloop
  endfacet
  facet normal 0 0 1
    outer loop
      vertex 2.39998 78 1.6
      vertex 2.86861 79.1314 1.6
      vertex 2.73063 78.974 1.6
    endloop
  endfacet
  facet normal 0 0 1
    outer loop
      vertex 3.19999 2.61437 1.6
      vertex 2.39998 4.00001 1.6
      vertex 3.02598 2.73065 1.6
    endloop
  endfacet
  facet normal 0 0 1
    outer loop
      vertex 2.39998 78 1.6
      vertex 2.73063 78.974 1.6
      vertex 2.61436 78.8 1.6
    endloop
  endfacet
  facet normal 0 0 1
    outer loop
      vertex 3.02598 2.73065 1.6
      vertex 2.39998 4.00001 1.6
      vertex 2.86861 2.86863 1.6
    endloop
  endfacet
  facet normal 0 0 1
    outer loop
      vertex 2.39998 78 1.6
      vertex 2.61436 78.8 1.6
      vertex 2.52178 78.6123 1.6
    endloop
  endfacet
  facet normal 0 0 1
    outer loop
      vertex 2.86861 2.86863 1.6
      vertex 2.39998 4.00001 1.6
      vertex 2.73063 3.026 1.6
    endloop
  endfacet
  facet normal 0 0 1
    outer loop
      vertex 2.39998 78 1.6
      vertex 2.52178 78.6123 1.6
      vertex 2.4545 78.4141 1.6
    endloop
  endfacet
  facet normal 0 0 1
    outer loop
      vertex 2.73063 3.026 1.6
      vertex 2.39998 4.00001 1.6
      vertex 2.61436 3.20001 1.6
    endloop
  endfacet
  facet normal 0 0 1
    outer loop
      vertex 2.39998 78 1.6
      vertex 2.4545 78.4141 1.6
      vertex 2.41367 78.2089 1.6
    endloop
  endfacet
  facet normal 0 0 1
    outer loop
      vertex 2.61436 3.20001 1.6
      vertex 2.39998 4.00001 1.6
      vertex 2.52178 3.38772 1.6
    endloop
  endfacet
  facet normal 0 0 1
    outer loop
      vertex 2.52178 3.38772 1.6
      vertex 2.39998 4.00001 1.6
      vertex 2.4545 3.5859 1.6
    endloop
  endfacet
  facet normal 0 0 1
    outer loop
      vertex 2.4545 3.5859 1.6
      vertex 2.39998 4.00001 1.6
      vertex 2.41367 3.79116 1.6
    endloop
  endfacet
  facet normal 0 -1 0
    outer loop
      vertex 3.99999 79.6 41.6
      vertex 10 79.6 6
      vertex 10 79.6 41.6
    endloop
  endfacet
  facet normal 0 -1 -0
    outer loop
      vertex 10 79.6 6
      vertex 3.99999 79.6 1.6
      vertex 38 79.6 6
    endloop
  endfacet
  facet normal 0 -1 0
    outer loop
      vertex 3.99999 79.6 1.6
      vertex 10 79.6 6
      vertex 3.99999 79.6 41.6
    endloop
  endfacet
  facet normal 0 -1 0
    outer loop
      vertex 38 79.6 6
      vertex 92 79.6 41.6
      vertex 38 79.6 41.6
    endloop
  endfacet
  facet normal 0 -1 0
    outer loop
      vertex 38 79.6 6
      vertex 92 79.6 1.6
      vertex 92 79.6 41.6
    endloop
  endfacet
  facet normal 0 -1 0
    outer loop
      vertex 92 79.6 1.6
      vertex 38 79.6 6
      vertex 3.99999 79.6 1.6
    endloop
  endfacet
  facet normal 0 1 -0
    outer loop
      vertex 28 2.4 24
      vertex 22 2.4 36
      vertex 28 2.4 36
    endloop
  endfacet
  facet normal 0 1 0
    outer loop
      vertex 22 2.4 36
      vertex 28 2.4 24
      vertex 22 2.4 24
    endloop
  endfacet
  facet normal 0 1 -0
    outer loop
      vertex 36 2.4 24
      vertex 30 2.4 36
      vertex 36 2.4 36
    endloop
  endfacet
  facet normal 0 1 0
    outer loop
      vertex 30 2.4 36
      vertex 36 2.4 24
      vertex 30 2.4 24
    endloop
  endfacet
  facet normal 0 1 -0
    outer loop
      vertex 44 2.4 24
      vertex 38 2.4 36
      vertex 44 2.4 36
    endloop
  endfacet
  facet normal 0 1 0
    outer loop
      vertex 38 2.4 36
      vertex 44 2.4 24
      vertex 38 2.4 24
    endloop
  endfacet
  facet normal 0 1 -0
    outer loop
      vertex 52 2.4 24
      vertex 46 2.4 36
      vertex 52 2.4 36
    endloop
  endfacet
  facet normal 0 1 0
    outer loop
      vertex 46 2.4 36
      vertex 52 2.4 24
      vertex 46 2.4 24
    endloop
  endfacet
  facet normal 0 1 -0
    outer loop
      vertex 60 2.4 24
      vertex 54 2.4 36
      vertex 60 2.4 36
    endloop
  endfacet
  facet normal 0 1 0
    outer loop
      vertex 54 2.4 36
      vertex 60 2.4 24
      vertex 54 2.4 24
    endloop
  endfacet
  facet normal 0 1 -0
    outer loop
      vertex 68 2.4 24
      vertex 62 2.4 36
      vertex 68 2.4 36
    endloop
  endfacet
  facet normal 0 1 0
    outer loop
      vertex 62 2.4 36
      vertex 68 2.4 24
      vertex 62 2.4 24
    endloop
  endfacet
  facet normal 0 1 -0
    outer loop
      vertex 76 2.4 24
      vertex 70 2.4 36
      vertex 76 2.4 36
    endloop
  endfacet
  facet normal 0 1 0
    outer loop
      vertex 70 2.4 36
      vertex 76 2.4 24
      vertex 70 2.4 24
    endloop
  endfacet
  facet normal 0 1 0
    outer loop
      vertex 76 2.4 36
      vertex 92 2.4 41.6
      vertex 78 2.4 36
    endloop
  endfacet
  facet normal 0 1 0
    outer loop
      vertex 92 2.4 41.6
      vertex 78 2.4 24
      vertex 78 2.4 36
    endloop
  endfacet
  facet normal 0 1 0
    outer loop
      vertex 92 2.4 1.6
      vertex 76 2.4 24
      vertex 78 2.4 24
    endloop
  endfacet
  facet normal 0 1 0
    outer loop
      vertex 76 2.4 24
      vertex 92 2.4 1.6
      vertex 70 2.4 24
    endloop
  endfacet
  facet normal 0 1 0
    outer loop
      vertex 70 2.4 24
      vertex 92 2.4 1.6
      vertex 68 2.4 24
    endloop
  endfacet
  facet normal 0 1 0
    outer loop
      vertex 68 2.4 24
      vertex 92 2.4 1.6
      vertex 62 2.4 24
    endloop
  endfacet
  facet normal 0 1 0
    outer loop
      vertex 62 2.4 24
      vertex 92 2.4 1.6
      vertex 60 2.4 24
    endloop
  endfacet
  facet normal 0 1 0
    outer loop
      vertex 60 2.4 24
      vertex 92 2.4 1.6
      vertex 54 2.4 24
    endloop
  endfacet
  facet normal 0 1 0
    outer loop
      vertex 54 2.4 24
      vertex 92 2.4 1.6
      vertex 52 2.4 24
    endloop
  endfacet
  facet normal 0 1 0
    outer loop
      vertex 52 2.4 24
      vertex 92 2.4 1.6
      vertex 46 2.4 24
    endloop
  endfacet
  facet normal 0 1 0
    outer loop
      vertex 3.99999 2.4 1.6
      vertex 46 2.4 24
      vertex 92 2.4 1.6
    endloop
  endfacet
  facet normal 0 1 0
    outer loop
      vertex 46 2.4 24
      vertex 3.99999 2.4 1.6
      vertex 44 2.4 24
    endloop
  endfacet
  facet normal 0 1 0
    outer loop
      vertex 44 2.4 24
      vertex 3.99999 2.4 1.6
      vertex 38 2.4 24
    endloop
  endfacet
  facet normal 0 1 0
    outer loop
      vertex 38 2.4 24
      vertex 3.99999 2.4 1.6
      vertex 36 2.4 24
    endloop
  endfacet
  facet normal 0 1 0
    outer loop
      vertex 36 2.4 24
      vertex 3.99999 2.4 1.6
      vertex 30 2.4 24
    endloop
  endfacet
  facet normal 0 1 0
    outer loop
      vertex 30 2.4 24
      vertex 3.99999 2.4 1.6
      vertex 28 2.4 24
    endloop
  endfacet
  facet normal 0 1 0
    outer loop
      vertex 28 2.4 24
      vertex 3.99999 2.4 1.6
      vertex 22 2.4 24
    endloop
  endfacet
  facet normal 0 1 -0
    outer loop
      vertex 92 2.4 1.6
      vertex 78 2.4 24
      vertex 92 2.4 41.6
    endloop
  endfacet
  facet normal 0 1 0
    outer loop
      vertex 70 2.4 36
      vertex 92 2.4 41.6
      vertex 76 2.4 36
    endloop
  endfacet
  facet normal 0 1 0
    outer loop
      vertex 68 2.4 36
      vertex 92 2.4 41.6
      vertex 70 2.4 36
    endloop
  endfacet
  facet normal 0 1 0
    outer loop
      vertex 62 2.4 36
      vertex 92 2.4 41.6
      vertex 68 2.4 36
    endloop
  endfacet
  facet normal 0 1 0
    outer loop
      vertex 60 2.4 36
      vertex 92 2.4 41.6
      vertex 62 2.4 36
    endloop
  endfacet
  facet normal 0 1 0
    outer loop
      vertex 54 2.4 36
      vertex 92 2.4 41.6
      vertex 60 2.4 36
    endloop
  endfacet
  facet normal 0 1 0
    outer loop
      vertex 52 2.4 36
      vertex 92 2.4 41.6
      vertex 54 2.4 36
    endloop
  endfacet
  facet normal 0 1 0
    outer loop
      vertex 92 2.4 41.6
      vertex 52 2.4 36
      vertex 3.99999 2.4 41.6
    endloop
  endfacet
  facet normal 0 1 -0
    outer loop
      vertex 46 2.4 36
      vertex 3.99999 2.4 41.6
      vertex 52 2.4 36
    endloop
  endfacet
  facet normal 0 1 -0
    outer loop
      vertex 44 2.4 36
      vertex 3.99999 2.4 41.6
      vertex 46 2.4 36
    endloop
  endfacet
  facet normal 0 1 -0
    outer loop
      vertex 38 2.4 36
      vertex 3.99999 2.4 41.6
      vertex 44 2.4 36
    endloop
  endfacet
  facet normal 0 1 -0
    outer loop
      vertex 36 2.4 36
      vertex 3.99999 2.4 41.6
      vertex 38 2.4 36
    endloop
  endfacet
  facet normal 0 1 -0
    outer loop
      vertex 30 2.4 36
      vertex 3.99999 2.4 41.6
      vertex 36 2.4 36
    endloop
  endfacet
  facet normal 0 1 -0
    outer loop
      vertex 28 2.4 36
      vertex 3.99999 2.4 41.6
      vertex 30 2.4 36
    endloop
  endfacet
  facet normal 0 1 -0
    outer loop
      vertex 22 2.4 36
      vertex 3.99999 2.4 41.6
      vertex 28 2.4 36
    endloop
  endfacet
  facet normal 0 1 -0
    outer loop
      vertex 20 2.4 36
      vertex 3.99999 2.4 41.6
      vertex 22 2.4 36
    endloop
  endfacet
  facet normal 0 1 -0
    outer loop
      vertex 20 2.4 24
      vertex 3.99999 2.4 41.6
      vertex 20 2.4 36
    endloop
  endfacet
  facet normal 0 1 0
    outer loop
      vertex 20 2.4 24
      vertex 3.99999 2.4 1.6
      vertex 3.99999 2.4 41.6
    endloop
  endfacet
  facet normal 0 1 0
    outer loop
      vertex 22 2.4 24
      vertex 3.99999 2.4 1.6
      vertex 20 2.4 24
    endloop
  endfacet
  facet normal 1 0 0
    outer loop
      vertex 2.39998 78 41.6
      vertex 2.39998 60.6 23
      vertex 2.39998 78 1.6
    endloop
  endfacet
  facet normal 1 0 0
    outer loop
      vertex 2.39998 78 41.6
      vertex 2.39998 51.4 23
      vertex 2.39998 60.6 23
    endloop
  endfacet
  facet normal 1 0 0
    outer loop
      vertex 2.39998 51.4 23
      vertex 2.39998 22.6 23
      vertex 2.39998 51.4 19.8
    endloop
  endfacet
  facet normal 1 -0 0
    outer loop
      vertex 2.39998 4.00001 41.6
      vertex 2.39998 51.4 23
      vertex 2.39998 78 41.6
    endloop
  endfacet
  facet normal 1 0 0
    outer loop
      vertex 2.39998 51.4 23
      vertex 2.39998 4.00001 41.6
      vertex 2.39998 22.6 23
    endloop
  endfacet
  facet normal 1 0 0
    outer loop
      vertex 2.39998 13.4 23
      vertex 2.39998 4.00001 41.6
      vertex 2.39998 13.4 19.8
    endloop
  endfacet
  facet normal 1 0 0
    outer loop
      vertex 2.39998 22.6 23
      vertex 2.39998 4.00001 41.6
      vertex 2.39998 13.4 23
    endloop
  endfacet
  facet normal 1 -0 0
    outer loop
      vertex 2.39998 60.6 19.8
      vertex 2.39998 78 1.6
      vertex 2.39998 60.6 23
    endloop
  endfacet
  facet normal 1 -0 0
    outer loop
      vertex 2.39998 51.4 19.8
      vertex 2.39998 78 1.6
      vertex 2.39998 60.6 19.8
    endloop
  endfacet
  facet normal 1 0 0
    outer loop
      vertex 2.39998 22.6 19.8
      vertex 2.39998 51.4 19.8
      vertex 2.39998 22.6 23
    endloop
  endfacet
  facet normal 1 0 0
    outer loop
      vertex 2.39998 4.00001 1.6
      vertex 2.39998 51.4 19.8
      vertex 2.39998 22.6 19.8
    endloop
  endfacet
  facet normal 1 0 0
    outer loop
      vertex 2.39998 4.00001 1.6
      vertex 2.39998 22.6 19.8
      vertex 2.39998 13.4 19.8
    endloop
  endfacet
  facet normal 1 0 0
    outer loop
      vertex 2.39998 51.4 19.8
      vertex 2.39998 4.00001 1.6
      vertex 2.39998 78 1.6
    endloop
  endfacet
  facet normal 1 0 0
    outer loop
      vertex 2.39998 4.00001 1.6
      vertex 2.39998 13.4 19.8
      vertex 2.39998 4.00001 41.6
    endloop
  endfacet
  facet normal 0.194958 -0.980812 0
    outer loop
      vertex 3.58588 79.5455 1.6
      vertex 3.79114 79.5863 41.6
      vertex 3.58588 79.5455 41.6
    endloop
  endfacet
  facet normal 0.194958 -0.980812 0
    outer loop
      vertex 3.79114 79.5863 41.6
      vertex 3.58588 79.5455 1.6
      vertex 3.79114 79.5863 1.6
    endloop
  endfacet
  facet normal 0.321555 -0.946891 0
    outer loop
      vertex 3.3877 79.4782 1.6
      vertex 3.58588 79.5455 41.6
      vertex 3.3877 79.4782 41.6
    endloop
  endfacet
  facet normal 0.321555 -0.946891 0
    outer loop
      vertex 3.58588 79.5455 41.6
      vertex 3.3877 79.4782 1.6
      vertex 3.58588 79.5455 1.6
    endloop
  endfacet
  facet normal -0.195059 0.980791 0
    outer loop
      vertex 92.4141 2.45452 1.6
      vertex 92.2088 2.41369 41.6
      vertex 92.4141 2.45452 41.6
    endloop
  endfacet
  facet normal -0.195059 0.980791 0
    outer loop
      vertex 92.2088 2.41369 41.6
      vertex 92.4141 2.45452 1.6
      vertex 92.2088 2.41369 1.6
    endloop
  endfacet
  facet normal 0.997859 0.0654091 0
    outer loop
      vertex 2.41367 3.79116 41.6
      vertex 2.39998 4.00001 1.6
      vertex 2.39998 4.00001 41.6
    endloop
  endfacet
  facet normal 0.997859 0.0654091 0
    outer loop
      vertex 2.39998 4.00001 1.6
      vertex 2.41367 3.79116 41.6
      vertex 2.41367 3.79116 1.6
    endloop
  endfacet
  facet normal 0.0654566 -0.997855 0
    outer loop
      vertex 3.79114 79.5863 1.6
      vertex 3.99999 79.6 41.6
      vertex 3.79114 79.5863 41.6
    endloop
  endfacet
  facet normal 0.0654566 -0.997855 0
    outer loop
      vertex 3.99999 79.6 41.6
      vertex 3.79114 79.5863 1.6
      vertex 3.99999 79.6 1.6
    endloop
  endfacet
  facet normal -0.321526 -0.946901 0
    outer loop
      vertex 92.4141 79.5455 1.6
      vertex 92.6123 79.4782 41.6
      vertex 92.4141 79.5455 41.6
    endloop
  endfacet
  facet normal -0.321526 -0.946901 -0
    outer loop
      vertex 92.6123 79.4782 41.6
      vertex 92.4141 79.5455 1.6
      vertex 92.6123 79.4782 1.6
    endloop
  endfacet
  facet normal -0.32144 0.94693 0
    outer loop
      vertex 92.6123 2.5218 1.6
      vertex 92.4141 2.45452 41.6
      vertex 92.6123 2.5218 41.6
    endloop
  endfacet
  facet normal -0.32144 0.94693 0
    outer loop
      vertex 92.4141 2.45452 41.6
      vertex 92.6123 2.5218 1.6
      vertex 92.4141 2.45452 1.6
    endloop
  endfacet
  facet normal -0.0654247 0.997858 0
    outer loop
      vertex 92.2088 2.41369 1.6
      vertex 92 2.4 41.6
      vertex 92.2088 2.41369 41.6
    endloop
  endfacet
  facet normal -0.0654247 0.997858 0
    outer loop
      vertex 92 2.4 41.6
      vertex 92.2088 2.41369 1.6
      vertex 92 2.4 1.6
    endloop
  endfacet
  facet normal 0.555604 0.831447 -0
    outer loop
      vertex 3.19999 2.61437 1.6
      vertex 3.02598 2.73065 41.6
      vertex 3.19999 2.61437 41.6
    endloop
  endfacet
  facet normal 0.555604 0.831447 0
    outer loop
      vertex 3.02598 2.73065 41.6
      vertex 3.19999 2.61437 1.6
      vertex 3.02598 2.73065 1.6
    endloop
  endfacet
  facet normal 0.442295 0.89687 -0
    outer loop
      vertex 3.3877 2.5218 1.6
      vertex 3.19999 2.61437 41.6
      vertex 3.3877 2.5218 41.6
    endloop
  endfacet
  facet normal 0.442295 0.89687 0
    outer loop
      vertex 3.19999 2.61437 41.6
      vertex 3.3877 2.5218 1.6
      vertex 3.19999 2.61437 1.6
    endloop
  endfacet
  facet normal 0.659265 0.75191 -0
    outer loop
      vertex 3.02598 2.73065 1.6
      vertex 2.86861 2.86863 41.6
      vertex 3.02598 2.73065 41.6
    endloop
  endfacet
  facet normal 0.659265 0.75191 0
    outer loop
      vertex 2.86861 2.86863 41.6
      vertex 3.02598 2.73065 1.6
      vertex 2.86861 2.86863 1.6
    endloop
  endfacet
  facet normal 0.896851 0.442334 0
    outer loop
      vertex 2.61436 3.20001 41.6
      vertex 2.52178 3.38772 1.6
      vertex 2.52178 3.38772 41.6
    endloop
  endfacet
  facet normal 0.896851 0.442334 0
    outer loop
      vertex 2.52178 3.38772 1.6
      vertex 2.61436 3.20001 41.6
      vertex 2.61436 3.20001 1.6
    endloop
  endfacet
  facet normal 0.94693 -0.32144 0
    outer loop
      vertex 2.4545 78.4141 41.6
      vertex 2.52178 78.6123 1.6
      vertex 2.52178 78.6123 41.6
    endloop
  endfacet
  facet normal 0.94693 -0.32144 0
    outer loop
      vertex 2.52178 78.6123 1.6
      vertex 2.4545 78.4141 41.6
      vertex 2.4545 78.4141 1.6
    endloop
  endfacet
  facet normal 0.55534 -0.831624 0
    outer loop
      vertex 3.02598 79.2694 1.6
      vertex 3.19999 79.3856 41.6
      vertex 3.02598 79.2694 41.6
    endloop
  endfacet
  facet normal 0.55534 -0.831624 0
    outer loop
      vertex 3.19999 79.3856 41.6
      vertex 3.02598 79.2694 1.6
      vertex 3.19999 79.3856 1.6
    endloop
  endfacet
  facet normal 0.44241 -0.896813 0
    outer loop
      vertex 3.19999 79.3856 1.6
      vertex 3.3877 79.4782 41.6
      vertex 3.19999 79.3856 41.6
    endloop
  endfacet
  facet normal 0.44241 -0.896813 0
    outer loop
      vertex 3.3877 79.4782 41.6
      vertex 3.19999 79.3856 1.6
      vertex 3.3877 79.4782 1.6
    endloop
  endfacet
  facet normal -0.659194 0.751973 0
    outer loop
      vertex 93.1314 2.86863 1.6
      vertex 92.974 2.73065 41.6
      vertex 93.1314 2.86863 41.6
    endloop
  endfacet
  facet normal -0.659194 0.751973 0
    outer loop
      vertex 92.974 2.73065 41.6
      vertex 93.1314 2.86863 1.6
      vertex 92.974 2.73065 1.6
    endloop
  endfacet
  facet normal -0.442314 0.89686 0
    outer loop
      vertex 92.8 2.61437 1.6
      vertex 92.6123 2.5218 41.6
      vertex 92.8 2.61437 41.6
    endloop
  endfacet
  facet normal -0.442314 0.89686 0
    outer loop
      vertex 92.6123 2.5218 41.6
      vertex 92.8 2.61437 1.6
      vertex 92.6123 2.5218 1.6
    endloop
  endfacet
  facet normal -0.555626 0.831432 0
    outer loop
      vertex 92.974 2.73065 1.6
      vertex 92.8 2.61437 41.6
      vertex 92.974 2.73065 41.6
    endloop
  endfacet
  facet normal -0.555626 0.831432 0
    outer loop
      vertex 92.8 2.61437 41.6
      vertex 92.974 2.73065 1.6
      vertex 92.8 2.61437 1.6
    endloop
  endfacet
  facet normal 0.321469 0.94692 -0
    outer loop
      vertex 3.58588 2.45452 1.6
      vertex 3.3877 2.5218 41.6
      vertex 3.58588 2.45452 41.6
    endloop
  endfacet
  facet normal 0.321469 0.94692 0
    outer loop
      vertex 3.3877 2.5218 41.6
      vertex 3.58588 2.45452 1.6
      vertex 3.3877 2.5218 1.6
    endloop
  endfacet
  facet normal 0.195096 0.980784 -0
    outer loop
      vertex 3.79114 2.41369 1.6
      vertex 3.58588 2.45452 41.6
      vertex 3.79114 2.41369 41.6
    endloop
  endfacet
  facet normal 0.195096 0.980784 0
    outer loop
      vertex 3.58588 2.45452 41.6
      vertex 3.79114 2.41369 1.6
      vertex 3.58588 2.45452 1.6
    endloop
  endfacet
  facet normal 0.831469 0.555571 0
    outer loop
      vertex 2.73063 3.026 41.6
      vertex 2.61436 3.20001 1.6
      vertex 2.61436 3.20001 41.6
    endloop
  endfacet
  facet normal 0.831469 0.555571 0
    outer loop
      vertex 2.61436 3.20001 1.6
      vertex 2.73063 3.026 41.6
      vertex 2.73063 3.026 1.6
    endloop
  endfacet
  facet normal 0.75191 0.659265 0
    outer loop
      vertex 2.86861 2.86863 41.6
      vertex 2.73063 3.026 1.6
      vertex 2.73063 3.026 41.6
    endloop
  endfacet
  facet normal 0.75191 0.659265 0
    outer loop
      vertex 2.73063 3.026 1.6
      vertex 2.86861 2.86863 41.6
      vertex 2.86861 2.86863 1.6
    endloop
  endfacet
  facet normal 0.980784 0.195096 0
    outer loop
      vertex 2.4545 3.5859 41.6
      vertex 2.41367 3.79116 1.6
      vertex 2.41367 3.79116 41.6
    endloop
  endfacet
  facet normal 0.980784 0.195096 0
    outer loop
      vertex 2.41367 3.79116 1.6
      vertex 2.4545 3.5859 41.6
      vertex 2.4545 3.5859 1.6
    endloop
  endfacet
  facet normal 0.94692 0.321469 0
    outer loop
      vertex 2.52178 3.38772 41.6
      vertex 2.4545 3.5859 1.6
      vertex 2.4545 3.5859 41.6
    endloop
  endfacet
  facet normal 0.94692 0.321469 0
    outer loop
      vertex 2.4545 3.5859 1.6
      vertex 2.52178 3.38772 41.6
      vertex 2.52178 3.38772 1.6
    endloop
  endfacet
  facet normal 0.659319 -0.751863 0
    outer loop
      vertex 2.86861 79.1314 1.6
      vertex 3.02598 79.2694 41.6
      vertex 2.86861 79.1314 41.6
    endloop
  endfacet
  facet normal 0.659319 -0.751863 0
    outer loop
      vertex 3.02598 79.2694 41.6
      vertex 2.86861 79.1314 1.6
      vertex 3.02598 79.2694 1.6
    endloop
  endfacet
  facet normal 0.751973 -0.659194 0
    outer loop
      vertex 2.73063 78.974 41.6
      vertex 2.86861 79.1314 1.6
      vertex 2.86861 79.1314 41.6
    endloop
  endfacet
  facet normal 0.751973 -0.659194 0
    outer loop
      vertex 2.86861 79.1314 1.6
      vertex 2.73063 78.974 41.6
      vertex 2.73063 78.974 1.6
    endloop
  endfacet
  facet normal 0.896841 -0.442353 0
    outer loop
      vertex 2.52178 78.6123 41.6
      vertex 2.61436 78.8 1.6
      vertex 2.61436 78.8 41.6
    endloop
  endfacet
  facet normal 0.896841 -0.442353 0
    outer loop
      vertex 2.61436 78.8 1.6
      vertex 2.52178 78.6123 41.6
      vertex 2.52178 78.6123 1.6
    endloop
  endfacet
  facet normal -0.946891 0.321555 0
    outer loop
      vertex 93.4782 3.38772 1.6
      vertex 93.5455 3.5859 41.6
      vertex 93.5455 3.5859 1.6
    endloop
  endfacet
  facet normal -0.946891 0.321555 0
    outer loop
      vertex 93.5455 3.5859 41.6
      vertex 93.4782 3.38772 1.6
      vertex 93.4782 3.38772 41.6
    endloop
  endfacet
  facet normal -0.997855 0.0654566 0
    outer loop
      vertex 93.5863 3.79116 1.6
      vertex 93.6 4.00001 41.6
      vertex 93.6 4.00001 1.6
    endloop
  endfacet
  facet normal -0.997855 0.0654566 0
    outer loop
      vertex 93.6 4.00001 41.6
      vertex 93.5863 3.79116 1.6
      vertex 93.5863 3.79116 41.6
    endloop
  endfacet
  facet normal -0.442429 -0.896803 0
    outer loop
      vertex 92.6123 79.4782 1.6
      vertex 92.8 79.3856 41.6
      vertex 92.6123 79.4782 41.6
    endloop
  endfacet
  facet normal -0.442429 -0.896803 -0
    outer loop
      vertex 92.8 79.3856 41.6
      vertex 92.6123 79.4782 1.6
      vertex 92.8 79.3856 1.6
    endloop
  endfacet
  facet normal -0.751925 -0.659248 0
    outer loop
      vertex 93.2694 78.974 1.6
      vertex 93.1314 79.1314 41.6
      vertex 93.1314 79.1314 1.6
    endloop
  endfacet
  facet normal -0.751925 -0.659248 0
    outer loop
      vertex 93.1314 79.1314 41.6
      vertex 93.2694 78.974 1.6
      vertex 93.2694 78.974 41.6
    endloop
  endfacet
  facet normal 0.980773 -0.195151 0
    outer loop
      vertex 2.41367 78.2089 41.6
      vertex 2.4545 78.4141 1.6
      vertex 2.4545 78.4141 41.6
    endloop
  endfacet
  facet normal 0.980773 -0.195151 0
    outer loop
      vertex 2.4545 78.4141 1.6
      vertex 2.41367 78.2089 41.6
      vertex 2.41367 78.2089 1.6
    endloop
  endfacet
  facet normal 0.99786 -0.0653935 0
    outer loop
      vertex 2.39998 78 41.6
      vertex 2.41367 78.2089 1.6
      vertex 2.41367 78.2089 41.6
    endloop
  endfacet
  facet normal 0.99786 -0.0653935 0
    outer loop
      vertex 2.41367 78.2089 1.6
      vertex 2.39998 78 41.6
      vertex 2.39998 78 1.6
    endloop
  endfacet
  facet normal -0.980812 0.194958 0
    outer loop
      vertex 93.5455 3.5859 1.6
      vertex 93.5863 3.79116 41.6
      vertex 93.5863 3.79116 1.6
    endloop
  endfacet
  facet normal -0.980812 0.194958 0
    outer loop
      vertex 93.5863 3.79116 41.6
      vertex 93.5455 3.5859 1.6
      vertex 93.5455 3.5859 41.6
    endloop
  endfacet
  facet normal -0.751863 0.659319 0
    outer loop
      vertex 93.1314 2.86863 1.6
      vertex 93.2694 3.026 41.6
      vertex 93.2694 3.026 1.6
    endloop
  endfacet
  facet normal -0.751863 0.659319 0
    outer loop
      vertex 93.2694 3.026 41.6
      vertex 93.1314 2.86863 1.6
      vertex 93.1314 2.86863 41.6
    endloop
  endfacet
  facet normal -0.831624 0.55534 0
    outer loop
      vertex 93.2694 3.026 1.6
      vertex 93.3856 3.20001 41.6
      vertex 93.3856 3.20001 1.6
    endloop
  endfacet
  facet normal -0.831624 0.55534 0
    outer loop
      vertex 93.3856 3.20001 41.6
      vertex 93.2694 3.026 1.6
      vertex 93.2694 3.026 41.6
    endloop
  endfacet
  facet normal -0.896813 0.44241 0
    outer loop
      vertex 93.3856 3.20001 1.6
      vertex 93.4782 3.38772 41.6
      vertex 93.4782 3.38772 1.6
    endloop
  endfacet
  facet normal -0.896813 0.44241 0
    outer loop
      vertex 93.4782 3.38772 41.6
      vertex 93.3856 3.20001 1.6
      vertex 93.3856 3.20001 41.6
    endloop
  endfacet
  facet normal -0.896803 -0.442429 0
    outer loop
      vertex 93.4782 78.6123 1.6
      vertex 93.3856 78.8 41.6
      vertex 93.3856 78.8 1.6
    endloop
  endfacet
  facet normal -0.896803 -0.442429 0
    outer loop
      vertex 93.3856 78.8 41.6
      vertex 93.4782 78.6123 1.6
      vertex 93.4782 78.6123 41.6
    endloop
  endfacet
  facet normal -0.831609 -0.555362 0
    outer loop
      vertex 93.3856 78.8 1.6
      vertex 93.2694 78.974 41.6
      vertex 93.2694 78.974 1.6
    endloop
  endfacet
  facet normal -0.831609 -0.555362 0
    outer loop
      vertex 93.2694 78.974 41.6
      vertex 93.3856 78.8 1.6
      vertex 93.3856 78.8 41.6
    endloop
  endfacet
  facet normal -0.997856 -0.065441 0
    outer loop
      vertex 93.6 78 1.6
      vertex 93.5863 78.2089 41.6
      vertex 93.5863 78.2089 1.6
    endloop
  endfacet
  facet normal -0.997856 -0.065441 0
    outer loop
      vertex 93.5863 78.2089 41.6
      vertex 93.6 78 1.6
      vertex 93.6 78 41.6
    endloop
  endfacet
  facet normal 0.831454 -0.555593 0
    outer loop
      vertex 2.61436 78.8 41.6
      vertex 2.73063 78.974 1.6
      vertex 2.73063 78.974 41.6
    endloop
  endfacet
  facet normal 0.831454 -0.555593 0
    outer loop
      vertex 2.73063 78.974 1.6
      vertex 2.61436 78.8 41.6
      vertex 2.61436 78.8 1.6
    endloop
  endfacet
  facet normal -0.659248 -0.751925 0
    outer loop
      vertex 92.974 79.2694 1.6
      vertex 93.1314 79.1314 41.6
      vertex 92.974 79.2694 41.6
    endloop
  endfacet
  facet normal -0.659248 -0.751925 -0
    outer loop
      vertex 93.1314 79.1314 41.6
      vertex 92.974 79.2694 1.6
      vertex 93.1314 79.1314 1.6
    endloop
  endfacet
  facet normal -0.555362 -0.831609 0
    outer loop
      vertex 92.8 79.3856 1.6
      vertex 92.974 79.2694 41.6
      vertex 92.8 79.3856 41.6
    endloop
  endfacet
  facet normal -0.555362 -0.831609 -0
    outer loop
      vertex 92.974 79.2694 41.6
      vertex 92.8 79.3856 1.6
      vertex 92.974 79.2694 1.6
    endloop
  endfacet
  facet normal -0.946901 -0.321526 0
    outer loop
      vertex 93.5455 78.4141 1.6
      vertex 93.4782 78.6123 41.6
      vertex 93.4782 78.6123 1.6
    endloop
  endfacet
  facet normal -0.946901 -0.321526 0
    outer loop
      vertex 93.4782 78.6123 41.6
      vertex 93.5455 78.4141 1.6
      vertex 93.5455 78.4141 41.6
    endloop
  endfacet
  facet normal -0.980801 -0.195013 0
    outer loop
      vertex 93.5863 78.2089 1.6
      vertex 93.5455 78.4141 41.6
      vertex 93.5455 78.4141 1.6
    endloop
  endfacet
  facet normal -0.980801 -0.195013 0
    outer loop
      vertex 93.5455 78.4141 41.6
      vertex 93.5863 78.2089 1.6
      vertex 93.5863 78.2089 41.6
    endloop
  endfacet
  facet normal 1 -0 0
    outer loop
      vertex 10 79.6 41.6
      vertex 10 82 6
      vertex 10 82 41.6
    endloop
  endfacet
  facet normal 1 0 0
    outer loop
      vertex 10 82 6
      vertex 10 79.6 41.6
      vertex 10 79.6 6
    endloop
  endfacet
  facet normal -0 0 1
    outer loop
      vertex 10 82 6
      vertex 38 79.6 6
      vertex 38 82 6
    endloop
  endfacet
  facet normal 0 0 1
    outer loop
      vertex 38 79.6 6
      vertex 10 82 6
      vertex 10 79.6 6
    endloop
  endfacet
  facet normal -1 0 0
    outer loop
      vertex 38 79.6 6
      vertex 38 82 41.6
      vertex 38 82 6
    endloop
  endfacet
  facet normal -1 -0 0
    outer loop
      vertex 38 82 41.6
      vertex 38 79.6 6
      vertex 38 79.6 41.6
    endloop
  endfacet
  facet normal 0 0 -1
    outer loop
      vertex 80.3 42 0.3
      vertex 81 42 0.3
      vertex 80.8888 40.3032 0.3
    endloop
  endfacet
  facet normal 0 0 -1
    outer loop
      vertex 80.1948 40.3945 0.3
      vertex 80.8888 40.3032 0.3
      vertex 80.557 38.6354 0.3
    endloop
  endfacet
  facet normal 0 0 -1
    outer loop
      vertex 81 42 0.3
      vertex 80.3 42 0.3
      vertex 80.8888 43.6968 0.3
    endloop
  endfacet
  facet normal 0 0 -1
    outer loop
      vertex 80.1948 43.6055 0.3
      vertex 80.8888 43.6968 0.3
      vertex 80.3 42 0.3
    endloop
  endfacet
  facet normal 0 0 -1
    outer loop
      vertex 80.8888 40.3032 0.3
      vertex 80.1948 40.3945 0.3
      vertex 80.3 42 0.3
    endloop
  endfacet
  facet normal 0 0 -1
    outer loop
      vertex 79.8809 38.8165 0.3
      vertex 80.557 38.6354 0.3
      vertex 80.0104 37.0251 0.3
    endloop
  endfacet
  facet normal 0 0 -1
    outer loop
      vertex 80.557 38.6354 0.3
      vertex 79.8809 38.8165 0.3
      vertex 80.1948 40.3945 0.3
    endloop
  endfacet
  facet normal 0 0 -1
    outer loop
      vertex 80.0104 37.0251 0.3
      vertex 79.3637 37.293 0.3
      vertex 79.8809 38.8165 0.3
    endloop
  endfacet
  facet normal 0 0 -1
    outer loop
      vertex 79.2583 35.5 0.3
      vertex 79.3637 37.293 0.3
      vertex 80.0104 37.0251 0.3
    endloop
  endfacet
  facet normal 0 0 -1
    outer loop
      vertex 79.2583 35.5 0.3
      vertex 78.6521 35.85 0.3
      vertex 79.3637 37.293 0.3
    endloop
  endfacet
  facet normal 0 0 -1
    outer loop
      vertex 78.3136 34.0861 0.3
      vertex 78.6521 35.85 0.3
      vertex 79.2583 35.5 0.3
    endloop
  endfacet
  facet normal 0 0 -1
    outer loop
      vertex 78.3136 34.0861 0.3
      vertex 77.7582 34.5122 0.3
      vertex 78.6521 35.85 0.3
    endloop
  endfacet
  facet normal 0 0 -1
    outer loop
      vertex 77.1924 32.8076 0.3
      vertex 77.7582 34.5122 0.3
      vertex 78.3136 34.0861 0.3
    endloop
  endfacet
  facet normal 0 0 -1
    outer loop
      vertex 77.1924 32.8076 0.3
      vertex 76.6974 33.3026 0.3
      vertex 77.7582 34.5122 0.3
    endloop
  endfacet
  facet normal 0 0 -1
    outer loop
      vertex 75.9139 31.6864 0.3
      vertex 76.6974 33.3026 0.3
      vertex 77.1924 32.8076 0.3
    endloop
  endfacet
  facet normal 0 0 -1
    outer loop
      vertex 75.9139 31.6864 0.3
      vertex 75.4878 32.2418 0.3
      vertex 76.6974 33.3026 0.3
    endloop
  endfacet
  facet normal 0 0 -1
    outer loop
      vertex 74.5 30.7417 0.3
      vertex 75.4878 32.2418 0.3
      vertex 75.9139 31.6864 0.3
    endloop
  endfacet
  facet normal 0 0 -1
    outer loop
      vertex 74.5 30.7417 0.3
      vertex 74.15 31.3479 0.3
      vertex 75.4878 32.2418 0.3
    endloop
  endfacet
  facet normal 0 0 -1
    outer loop
      vertex 72.9749 29.9896 0.3
      vertex 74.15 31.3479 0.3
      vertex 74.5 30.7417 0.3
    endloop
  endfacet
  facet normal 0 0 -1
    outer loop
      vertex 72.9749 29.9896 0.3
      vertex 72.707 30.6363 0.3
      vertex 74.15 31.3479 0.3
    endloop
  endfacet
  facet normal 0 0 -1
    outer loop
      vertex 71.3646 29.443 0.3
      vertex 72.707 30.6363 0.3
      vertex 72.9749 29.9896 0.3
    endloop
  endfacet
  facet normal 0 0 -1
    outer loop
      vertex 71.3646 29.443 0.3
      vertex 71.1835 30.1191 0.3
      vertex 72.707 30.6363 0.3
    endloop
  endfacet
  facet normal 0 0 -1
    outer loop
      vertex 69.6968 29.1112 0.3
      vertex 71.1835 30.1191 0.3
      vertex 71.3646 29.443 0.3
    endloop
  endfacet
  facet normal 0 0 -1
    outer loop
      vertex 69.6968 29.1112 0.3
      vertex 69.6055 29.8052 0.3
      vertex 71.1835 30.1191 0.3
    endloop
  endfacet
  facet normal 0 0 -1
    outer loop
      vertex 68 29 0.3
      vertex 69.6055 29.8052 0.3
      vertex 69.6968 29.1112 0.3
    endloop
  endfacet
  facet normal 0 0 -1
    outer loop
      vertex 68 29 0.3
      vertex 68 29.7 0.3
      vertex 69.6055 29.8052 0.3
    endloop
  endfacet
  facet normal 0 0 -1
    outer loop
      vertex 68 29 0.3
      vertex 66.3945 29.8052 0.3
      vertex 68 29.7 0.3
    endloop
  endfacet
  facet normal 0 0 -1
    outer loop
      vertex 66.3032 29.1112 0.3
      vertex 66.3945 29.8052 0.3
      vertex 68 29 0.3
    endloop
  endfacet
  facet normal 0 0 -1
    outer loop
      vertex 66.3032 29.1112 0.3
      vertex 64.8165 30.1191 0.3
      vertex 66.3945 29.8052 0.3
    endloop
  endfacet
  facet normal 0 0 -1
    outer loop
      vertex 64.6354 29.443 0.3
      vertex 64.8165 30.1191 0.3
      vertex 66.3032 29.1112 0.3
    endloop
  endfacet
  facet normal 0 0 -1
    outer loop
      vertex 64.6354 29.443 0.3
      vertex 63.293 30.6363 0.3
      vertex 64.8165 30.1191 0.3
    endloop
  endfacet
  facet normal 0 0 -1
    outer loop
      vertex 63.0251 29.9896 0.3
      vertex 63.293 30.6363 0.3
      vertex 64.6354 29.443 0.3
    endloop
  endfacet
  facet normal 0 0 -1
    outer loop
      vertex 63.0251 29.9896 0.3
      vertex 61.85 31.3479 0.3
      vertex 63.293 30.6363 0.3
    endloop
  endfacet
  facet normal 0 0 -1
    outer loop
      vertex 61.5 30.7417 0.3
      vertex 61.85 31.3479 0.3
      vertex 63.0251 29.9896 0.3
    endloop
  endfacet
  facet normal 0 0 -1
    outer loop
      vertex 61.5 30.7417 0.3
      vertex 60.5122 32.2418 0.3
      vertex 61.85 31.3479 0.3
    endloop
  endfacet
  facet normal 0 0 -1
    outer loop
      vertex 60.0861 31.6864 0.3
      vertex 60.5122 32.2418 0.3
      vertex 61.5 30.7417 0.3
    endloop
  endfacet
  facet normal 0 0 -1
    outer loop
      vertex 60.0861 31.6864 0.3
      vertex 59.3026 33.3026 0.3
      vertex 60.5122 32.2418 0.3
    endloop
  endfacet
  facet normal 0 0 -1
    outer loop
      vertex 58.8076 32.8076 0.3
      vertex 59.3026 33.3026 0.3
      vertex 60.0861 31.6864 0.3
    endloop
  endfacet
  facet normal 0 0 -1
    outer loop
      vertex 58.8076 32.8076 0.3
      vertex 58.2418 34.5122 0.3
      vertex 59.3026 33.3026 0.3
    endloop
  endfacet
  facet normal 0 0 -1
    outer loop
      vertex 57.6864 34.0861 0.3
      vertex 58.2418 34.5122 0.3
      vertex 58.8076 32.8076 0.3
    endloop
  endfacet
  facet normal 0 0 -1
    outer loop
      vertex 57.6864 34.0861 0.3
      vertex 57.3479 35.85 0.3
      vertex 58.2418 34.5122 0.3
    endloop
  endfacet
  facet normal 0 0 -1
    outer loop
      vertex 56.7417 35.5 0.3
      vertex 57.3479 35.85 0.3
      vertex 57.6864 34.0861 0.3
    endloop
  endfacet
  facet normal 0 0 -1
    outer loop
      vertex 56.7417 35.5 0.3
      vertex 56.6363 37.293 0.3
      vertex 57.3479 35.85 0.3
    endloop
  endfacet
  facet normal 0 0 -1
    outer loop
      vertex 55.9896 37.0251 0.3
      vertex 56.6363 37.293 0.3
      vertex 56.7417 35.5 0.3
    endloop
  endfacet
  facet normal -0 0 -1
    outer loop
      vertex 56.6363 37.293 0.3
      vertex 55.9896 37.0251 0.3
      vertex 56.1191 38.8165 0.3
    endloop
  endfacet
  facet normal 0 0 -1
    outer loop
      vertex 55.443 38.6354 0.3
      vertex 56.1191 38.8165 0.3
      vertex 55.9896 37.0251 0.3
    endloop
  endfacet
  facet normal -0 0 -1
    outer loop
      vertex 56.1191 38.8165 0.3
      vertex 55.443 38.6354 0.3
      vertex 55.8052 40.3945 0.3
    endloop
  endfacet
  facet normal 0 0 -1
    outer loop
      vertex 55.1112 40.3032 0.3
      vertex 55.8052 40.3945 0.3
      vertex 55.443 38.6354 0.3
    endloop
  endfacet
  facet normal -0 0 -1
    outer loop
      vertex 80.8888 43.6968 0.3
      vertex 80.1948 43.6055 0.3
      vertex 80.557 45.3646 0.3
    endloop
  endfacet
  facet normal 0 0 -1
    outer loop
      vertex 79.8809 45.1835 0.3
      vertex 80.557 45.3646 0.3
      vertex 80.1948 43.6055 0.3
    endloop
  endfacet
  facet normal -0 0 -1
    outer loop
      vertex 80.557 45.3646 0.3
      vertex 79.8809 45.1835 0.3
      vertex 80.0104 46.9749 0.3
    endloop
  endfacet
  facet normal 0 0 -1
    outer loop
      vertex 79.3637 46.707 0.3
      vertex 80.0104 46.9749 0.3
      vertex 79.8809 45.1835 0.3
    endloop
  endfacet
  facet normal 0 0 -1
    outer loop
      vertex 79.3637 46.707 0.3
      vertex 79.2583 48.5 0.3
      vertex 80.0104 46.9749 0.3
    endloop
  endfacet
  facet normal 0 0 -1
    outer loop
      vertex 78.6521 48.15 0.3
      vertex 79.2583 48.5 0.3
      vertex 79.3637 46.707 0.3
    endloop
  endfacet
  facet normal 0 0 -1
    outer loop
      vertex 78.6521 48.15 0.3
      vertex 78.3136 49.9139 0.3
      vertex 79.2583 48.5 0.3
    endloop
  endfacet
  facet normal 0 0 -1
    outer loop
      vertex 77.7582 49.4878 0.3
      vertex 78.3136 49.9139 0.3
      vertex 78.6521 48.15 0.3
    endloop
  endfacet
  facet normal 0 0 -1
    outer loop
      vertex 77.7582 49.4878 0.3
      vertex 77.1924 51.1924 0.3
      vertex 78.3136 49.9139 0.3
    endloop
  endfacet
  facet normal 0 0 -1
    outer loop
      vertex 76.6974 50.6974 0.3
      vertex 77.1924 51.1924 0.3
      vertex 77.7582 49.4878 0.3
    endloop
  endfacet
  facet normal 0 0 -1
    outer loop
      vertex 76.6974 50.6974 0.3
      vertex 75.9139 52.3136 0.3
      vertex 77.1924 51.1924 0.3
    endloop
  endfacet
  facet normal 0 0 -1
    outer loop
      vertex 75.4878 51.7582 0.3
      vertex 75.9139 52.3136 0.3
      vertex 76.6974 50.6974 0.3
    endloop
  endfacet
  facet normal 0 0 -1
    outer loop
      vertex 75.4878 51.7582 0.3
      vertex 74.5 53.2583 0.3
      vertex 75.9139 52.3136 0.3
    endloop
  endfacet
  facet normal 0 0 -1
    outer loop
      vertex 74.15 52.6521 0.3
      vertex 74.5 53.2583 0.3
      vertex 75.4878 51.7582 0.3
    endloop
  endfacet
  facet normal 0 0 -1
    outer loop
      vertex 74.15 52.6521 0.3
      vertex 72.9749 54.0104 0.3
      vertex 74.5 53.2583 0.3
    endloop
  endfacet
  facet normal 0 0 -1
    outer loop
      vertex 72.707 53.3637 0.3
      vertex 72.9749 54.0104 0.3
      vertex 74.15 52.6521 0.3
    endloop
  endfacet
  facet normal 0 0 -1
    outer loop
      vertex 72.707 53.3637 0.3
      vertex 71.3646 54.557 0.3
      vertex 72.9749 54.0104 0.3
    endloop
  endfacet
  facet normal 0 0 -1
    outer loop
      vertex 71.1835 53.8809 0.3
      vertex 71.3646 54.557 0.3
      vertex 72.707 53.3637 0.3
    endloop
  endfacet
  facet normal 0 0 -1
    outer loop
      vertex 71.1835 53.8809 0.3
      vertex 69.6968 54.8888 0.3
      vertex 71.3646 54.557 0.3
    endloop
  endfacet
  facet normal 0 0 -1
    outer loop
      vertex 69.6055 54.1948 0.3
      vertex 69.6968 54.8888 0.3
      vertex 71.1835 53.8809 0.3
    endloop
  endfacet
  facet normal 0 0 -1
    outer loop
      vertex 68 54.3 0.3
      vertex 69.6968 54.8888 0.3
      vertex 69.6055 54.1948 0.3
    endloop
  endfacet
  facet normal 0 0 -1
    outer loop
      vertex 68 54.3 0.3
      vertex 68 55 0.3
      vertex 69.6968 54.8888 0.3
    endloop
  endfacet
  facet normal 0 0 -1
    outer loop
      vertex 66.3945 54.1948 0.3
      vertex 68 55 0.3
      vertex 68 54.3 0.3
    endloop
  endfacet
  facet normal 0 0 -1
    outer loop
      vertex 66.3945 54.1948 0.3
      vertex 66.3032 54.8888 0.3
      vertex 68 55 0.3
    endloop
  endfacet
  facet normal 0 0 -1
    outer loop
      vertex 64.8165 53.8809 0.3
      vertex 66.3032 54.8888 0.3
      vertex 66.3945 54.1948 0.3
    endloop
  endfacet
  facet normal 0 0 -1
    outer loop
      vertex 64.8165 53.8809 0.3
      vertex 64.6354 54.557 0.3
      vertex 66.3032 54.8888 0.3
    endloop
  endfacet
  facet normal 0 0 -1
    outer loop
      vertex 63.293 53.3637 0.3
      vertex 64.6354 54.557 0.3
      vertex 64.8165 53.8809 0.3
    endloop
  endfacet
  facet normal 0 0 -1
    outer loop
      vertex 63.293 53.3637 0.3
      vertex 63.0251 54.0104 0.3
      vertex 64.6354 54.557 0.3
    endloop
  endfacet
  facet normal 0 0 -1
    outer loop
      vertex 61.85 52.6521 0.3
      vertex 63.0251 54.0104 0.3
      vertex 63.293 53.3637 0.3
    endloop
  endfacet
  facet normal 0 0 -1
    outer loop
      vertex 61.85 52.6521 0.3
      vertex 61.5 53.2583 0.3
      vertex 63.0251 54.0104 0.3
    endloop
  endfacet
  facet normal 0 0 -1
    outer loop
      vertex 60.5122 51.7582 0.3
      vertex 61.5 53.2583 0.3
      vertex 61.85 52.6521 0.3
    endloop
  endfacet
  facet normal 0 0 -1
    outer loop
      vertex 60.5122 51.7582 0.3
      vertex 60.0861 52.3136 0.3
      vertex 61.5 53.2583 0.3
    endloop
  endfacet
  facet normal 0 0 -1
    outer loop
      vertex 59.3026 50.6974 0.3
      vertex 60.0861 52.3136 0.3
      vertex 60.5122 51.7582 0.3
    endloop
  endfacet
  facet normal 0 0 -1
    outer loop
      vertex 59.3026 50.6974 0.3
      vertex 58.8076 51.1924 0.3
      vertex 60.0861 52.3136 0.3
    endloop
  endfacet
  facet normal 0 0 -1
    outer loop
      vertex 58.2418 49.4878 0.3
      vertex 58.8076 51.1924 0.3
      vertex 59.3026 50.6974 0.3
    endloop
  endfacet
  facet normal 0 0 -1
    outer loop
      vertex 58.2418 49.4878 0.3
      vertex 57.6864 49.9139 0.3
      vertex 58.8076 51.1924 0.3
    endloop
  endfacet
  facet normal 0 0 -1
    outer loop
      vertex 57.3479 48.15 0.3
      vertex 57.6864 49.9139 0.3
      vertex 58.2418 49.4878 0.3
    endloop
  endfacet
  facet normal 0 0 -1
    outer loop
      vertex 57.3479 48.15 0.3
      vertex 56.7417 48.5 0.3
      vertex 57.6864 49.9139 0.3
    endloop
  endfacet
  facet normal 0 0 -1
    outer loop
      vertex 56.6363 46.707 0.3
      vertex 56.7417 48.5 0.3
      vertex 57.3479 48.15 0.3
    endloop
  endfacet
  facet normal 0 0 -1
    outer loop
      vertex 55.9896 46.9749 0.3
      vertex 56.6363 46.707 0.3
      vertex 56.1191 45.1835 0.3
    endloop
  endfacet
  facet normal 0 0 -1
    outer loop
      vertex 56.6363 46.707 0.3
      vertex 55.9896 46.9749 0.3
      vertex 56.7417 48.5 0.3
    endloop
  endfacet
  facet normal 0 0 -1
    outer loop
      vertex 55.443 45.3646 0.3
      vertex 56.1191 45.1835 0.3
      vertex 55.8052 43.6055 0.3
    endloop
  endfacet
  facet normal 0 0 -1
    outer loop
      vertex 55.1112 43.6968 0.3
      vertex 55.8052 43.6055 0.3
      vertex 55.7 42 0.3
    endloop
  endfacet
  facet normal -0 0 -1
    outer loop
      vertex 55.8052 40.3945 0.3
      vertex 55.1112 40.3032 0.3
      vertex 55.7 42 0.3
    endloop
  endfacet
  facet normal 0 0 -1
    outer loop
      vertex 56.1191 45.1835 0.3
      vertex 55.443 45.3646 0.3
      vertex 55.9896 46.9749 0.3
    endloop
  endfacet
  facet normal 0 0 -1
    outer loop
      vertex 55 42 0.3
      vertex 55.7 42 0.3
      vertex 55.1112 40.3032 0.3
    endloop
  endfacet
  facet normal 0 0 -1
    outer loop
      vertex 55.8052 43.6055 0.3
      vertex 55.1112 43.6968 0.3
      vertex 55.443 45.3646 0.3
    endloop
  endfacet
  facet normal 0 0 -1
    outer loop
      vertex 55.7 42 0.3
      vertex 55 42 0.3
      vertex 55.1112 43.6968 0.3
    endloop
  endfacet
  facet normal 0 0 -1
    outer loop
      vertex 75.1006 40.7471 0.3
      vertex 76.1212 40.3613 0.3
      vertex 76.0247 40.1602 0.3
    endloop
  endfacet
  facet normal 0 0 -1
    outer loop
      vertex 75.0464 40.6348 0.3
      vertex 76.0247 40.1602 0.3
      vertex 75.9129 39.9747 0.3
    endloop
  endfacet
  facet normal 0 0 -1
    outer loop
      vertex 74.9817 40.5296 0.3
      vertex 75.9129 39.9747 0.3
      vertex 75.7856 39.8047 0.3
    endloop
  endfacet
  facet normal 0 0 -1
    outer loop
      vertex 74.9064 40.4317 0.3
      vertex 75.7856 39.8047 0.3
      vertex 75.6428 39.6502 0.3
    endloop
  endfacet
  facet normal 0 0 -1
    outer loop
      vertex 74.8206 40.3409 0.3
      vertex 75.6428 39.6502 0.3
      vertex 75.4846 39.5112 0.3
    endloop
  endfacet
  facet normal 0 0 -1
    outer loop
      vertex 74.7243 40.2575 0.3
      vertex 75.4846 39.5112 0.3
      vertex 75.311 39.3878 0.3
    endloop
  endfacet
  facet normal 0 0 -1
    outer loop
      vertex 75.9129 39.9747 0.3
      vertex 74.9817 40.5296 0.3
      vertex 75.0464 40.6348 0.3
    endloop
  endfacet
  facet normal 0 0 -1
    outer loop
      vertex 74.6174 40.1812 0.3
      vertex 75.311 39.3878 0.3
      vertex 75.122 39.2804 0.3
    endloop
  endfacet
  facet normal 0 0 -1
    outer loop
      vertex 76.1212 40.3613 0.3
      vertex 75.1442 40.8668 0.3
      vertex 76.2021 40.5779 0.3
    endloop
  endfacet
  facet normal 0 -0 -1
    outer loop
      vertex 75.1442 40.8668 0.3
      vertex 76.1212 40.3613 0.3
      vertex 75.1006 40.7471 0.3
    endloop
  endfacet
  facet normal 0 0 -1
    outer loop
      vertex 76.0247 40.1602 0.3
      vertex 75.0464 40.6348 0.3
      vertex 75.1006 40.7471 0.3
    endloop
  endfacet
  facet normal 0 0 -1
    outer loop
      vertex 74.5023 40.1137 0.3
      vertex 75.122 39.2804 0.3
      vertex 74.9178 39.1895 0.3
    endloop
  endfacet
  facet normal 0 0 -1
    outer loop
      vertex 75.7856 39.8047 0.3
      vertex 74.9064 40.4317 0.3
      vertex 74.9817 40.5296 0.3
    endloop
  endfacet
  facet normal 0 0 -1
    outer loop
      vertex 75.6428 39.6502 0.3
      vertex 74.8206 40.3409 0.3
      vertex 74.9064 40.4317 0.3
    endloop
  endfacet
  facet normal 0 0 -1
    outer loop
      vertex 75.4846 39.5112 0.3
      vertex 74.7243 40.2575 0.3
      vertex 74.8206 40.3409 0.3
    endloop
  endfacet
  facet normal 0 0 -1
    outer loop
      vertex 74.3815 40.0567 0.3
      vertex 74.9178 39.1895 0.3
      vertex 74.6982 39.1151 0.3
    endloop
  endfacet
  facet normal 0 0 -1
    outer loop
      vertex 75.311 39.3878 0.3
      vertex 74.6174 40.1812 0.3
      vertex 74.7243 40.2575 0.3
    endloop
  endfacet
  facet normal 0 0 -1
    outer loop
      vertex 75.122 39.2804 0.3
      vertex 74.5023 40.1137 0.3
      vertex 74.6174 40.1812 0.3
    endloop
  endfacet
  facet normal 0 0 -1
    outer loop
      vertex 74.255 40.0099 0.3
      vertex 74.6982 39.1151 0.3
      vertex 74.4634 39.0573 0.3
    endloop
  endfacet
  facet normal 0 0 -1
    outer loop
      vertex 74.9178 39.1895 0.3
      vertex 74.3815 40.0567 0.3
      vertex 74.5023 40.1137 0.3
    endloop
  endfacet
  facet normal 0 0 -1
    outer loop
      vertex 74.6982 39.1151 0.3
      vertex 74.255 40.0099 0.3
      vertex 74.3815 40.0567 0.3
    endloop
  endfacet
  facet normal 0 0 -1
    outer loop
      vertex 74.1228 39.9736 0.3
      vertex 74.4634 39.0573 0.3
      vertex 74.2133 39.016 0.3
    endloop
  endfacet
  facet normal 0 0 -1
    outer loop
      vertex 74.4634 39.0573 0.3
      vertex 74.1228 39.9736 0.3
      vertex 74.255 40.0099 0.3
    endloop
  endfacet
  facet normal 0 0 -1
    outer loop
      vertex 74.2133 39.016 0.3
      vertex 73.9848 39.9477 0.3
      vertex 74.1228 39.9736 0.3
    endloop
  endfacet
  facet normal 0 0 -1
    outer loop
      vertex 73.9479 38.9912 0.3
      vertex 73.9848 39.9477 0.3
      vertex 74.2133 39.016 0.3
    endloop
  endfacet
  facet normal 0 0 -1
    outer loop
      vertex 73.9479 38.9912 0.3
      vertex 73.8411 39.9321 0.3
      vertex 73.9848 39.9477 0.3
    endloop
  endfacet
  facet normal 0 0 -1
    outer loop
      vertex 73.6673 38.9829 0.3
      vertex 73.8411 39.9321 0.3
      vertex 73.9479 38.9912 0.3
    endloop
  endfacet
  facet normal 0 0 -1
    outer loop
      vertex 73.8411 39.9321 0.3
      vertex 73.6673 38.9829 0.3
      vertex 73.6917 39.9269 0.3
    endloop
  endfacet
  facet normal 0 0 -1
    outer loop
      vertex 73.6673 38.9829 0.3
      vertex 73.4672 39.9372 0.3
      vertex 73.6917 39.9269 0.3
    endloop
  endfacet
  facet normal 0 0 -1
    outer loop
      vertex 73.2854 38.9984 0.3
      vertex 73.4672 39.9372 0.3
      vertex 73.6673 38.9829 0.3
    endloop
  endfacet
  facet normal 0 0 -1
    outer loop
      vertex 73.2854 38.9984 0.3
      vertex 73.2587 39.9681 0.3
      vertex 73.4672 39.9372 0.3
    endloop
  endfacet
  facet normal 0 0 -1
    outer loop
      vertex 72.9302 39.0447 0.3
      vertex 73.2587 39.9681 0.3
      vertex 73.2854 38.9984 0.3
    endloop
  endfacet
  facet normal -0 0 -1
    outer loop
      vertex 73.2587 39.9681 0.3
      vertex 72.9302 39.0447 0.3
      vertex 73.0663 40.0196 0.3
    endloop
  endfacet
  facet normal 0 0 -1
    outer loop
      vertex 72.6018 39.1219 0.3
      vertex 73.0663 40.0196 0.3
      vertex 72.9302 39.0447 0.3
    endloop
  endfacet
  facet normal -0 0 -1
    outer loop
      vertex 73.0663 40.0196 0.3
      vertex 72.6018 39.1219 0.3
      vertex 72.8899 40.0917 0.3
    endloop
  endfacet
  facet normal 0 0 -1
    outer loop
      vertex 72.3002 39.2301 0.3
      vertex 72.8899 40.0917 0.3
      vertex 72.6018 39.1219 0.3
    endloop
  endfacet
  facet normal -0 0 -1
    outer loop
      vertex 72.8899 40.0917 0.3
      vertex 72.3002 39.2301 0.3
      vertex 72.7295 40.1843 0.3
    endloop
  endfacet
  facet normal 0 0 -1
    outer loop
      vertex 72.0252 39.369 0.3
      vertex 72.7295 40.1843 0.3
      vertex 72.3002 39.2301 0.3
    endloop
  endfacet
  facet normal -0 0 -1
    outer loop
      vertex 72.7295 40.1843 0.3
      vertex 72.0252 39.369 0.3
      vertex 72.5851 40.2976 0.3
    endloop
  endfacet
  facet normal 0 0 -1
    outer loop
      vertex 71.777 39.5389 0.3
      vertex 72.5851 40.2976 0.3
      vertex 72.0252 39.369 0.3
    endloop
  endfacet
  facet normal -0 0 -1
    outer loop
      vertex 72.5851 40.2976 0.3
      vertex 71.777 39.5389 0.3
      vertex 72.4568 40.4315 0.3
    endloop
  endfacet
  facet normal 0 0 -1
    outer loop
      vertex 71.5556 39.7397 0.3
      vertex 72.4568 40.4315 0.3
      vertex 71.777 39.5389 0.3
    endloop
  endfacet
  facet normal -0 0 -1
    outer loop
      vertex 72.4568 40.4315 0.3
      vertex 71.5556 39.7397 0.3
      vertex 72.3451 40.5851 0.3
    endloop
  endfacet
  facet normal 0 0 -1
    outer loop
      vertex 71.3623 39.9693 0.3
      vertex 72.3451 40.5851 0.3
      vertex 71.5556 39.7397 0.3
    endloop
  endfacet
  facet normal 0 0 -1
    outer loop
      vertex 71.0651 40.5087 0.3
      vertex 72.2506 40.7579 0.3
      vertex 71.1988 40.2256 0.3
    endloop
  endfacet
  facet normal 0 0 -1
    outer loop
      vertex 71.1988 40.2256 0.3
      vertex 72.2506 40.7579 0.3
      vertex 71.3623 39.9693 0.3
    endloop
  endfacet
  facet normal -0 0 -1
    outer loop
      vertex 72.3451 40.5851 0.3
      vertex 71.3623 39.9693 0.3
      vertex 72.2506 40.7579 0.3
    endloop
  endfacet
  facet normal 0 0 -1
    outer loop
      vertex 75.2296 42.8482 0.3
      vertex 76.1724 43.4714 0.3
      vertex 76.2753 43.2429 0.3
    endloop
  endfacet
  facet normal 0 0 -1
    outer loop
      vertex 75.0952 43.1375 0.3
      vertex 76.1724 43.4714 0.3
      vertex 75.2296 42.8482 0.3
    endloop
  endfacet
  facet normal -0 0 -1
    outer loop
      vertex 76.0566 43.6825 0.3
      vertex 75.0952 43.1375 0.3
      vertex 75.928 43.8763 0.3
    endloop
  endfacet
  facet normal 0 0 -1
    outer loop
      vertex 74.9337 43.3823 0.3
      vertex 75.928 43.8763 0.3
      vertex 75.0952 43.1375 0.3
    endloop
  endfacet
  facet normal -0 0 -1
    outer loop
      vertex 75.928 43.8763 0.3
      vertex 74.9337 43.3823 0.3
      vertex 75.7864 44.0527 0.3
    endloop
  endfacet
  facet normal -0 0 -1
    outer loop
      vertex 75.7864 44.0527 0.3
      vertex 74.9337 43.3823 0.3
      vertex 75.632 44.2117 0.3
    endloop
  endfacet
  facet normal -0 0 -1
    outer loop
      vertex 76.1724 43.4714 0.3
      vertex 75.0952 43.1375 0.3
      vertex 76.0566 43.6825 0.3
    endloop
  endfacet
  facet normal 0 0 -1
    outer loop
      vertex 74.7452 43.5826 0.3
      vertex 75.632 44.2117 0.3
      vertex 74.9337 43.3823 0.3
    endloop
  endfacet
  facet normal -0 0 -1
    outer loop
      vertex 75.632 44.2117 0.3
      vertex 74.7452 43.5826 0.3
      vertex 75.4648 44.3534 0.3
    endloop
  endfacet
  facet normal -0 0 -1
    outer loop
      vertex 75.4648 44.3534 0.3
      vertex 74.7452 43.5826 0.3
      vertex 75.2846 44.4778 0.3
    endloop
  endfacet
  facet normal -0 0 -1
    outer loop
      vertex 75.2846 44.4778 0.3
      vertex 74.7452 43.5826 0.3
      vertex 75.0928 44.5852 0.3
    endloop
  endfacet
  facet normal 0 0 -1
    outer loop
      vertex 74.5295 43.7384 0.3
      vertex 75.0928 44.5852 0.3
      vertex 74.7452 43.5826 0.3
    endloop
  endfacet
  facet normal -0 0 -1
    outer loop
      vertex 75.0928 44.5852 0.3
      vertex 74.5295 43.7384 0.3
      vertex 74.8904 44.6761 0.3
    endloop
  endfacet
  facet normal -0 0 -1
    outer loop
      vertex 74.8904 44.6761 0.3
      vertex 74.5295 43.7384 0.3
      vertex 74.6774 44.7504 0.3
    endloop
  endfacet
  facet normal 0 0 -1
    outer loop
      vertex 74.2868 43.8497 0.3
      vertex 74.6774 44.7504 0.3
      vertex 74.5295 43.7384 0.3
    endloop
  endfacet
  facet normal -0 0 -1
    outer loop
      vertex 74.6774 44.7504 0.3
      vertex 74.2868 43.8497 0.3
      vertex 74.4539 44.8082 0.3
    endloop
  endfacet
  facet normal 0 0 -1
    outer loop
      vertex 74.017 43.9164 0.3
      vertex 74.4539 44.8082 0.3
      vertex 74.2868 43.8497 0.3
    endloop
  endfacet
  facet normal -0 0 -1
    outer loop
      vertex 74.4539 44.8082 0.3
      vertex 74.017 43.9164 0.3
      vertex 74.2199 44.8495 0.3
    endloop
  endfacet
  facet normal 0 0 -1
    outer loop
      vertex 74.017 43.9164 0.3
      vertex 73.9753 44.8743 0.3
      vertex 74.2199 44.8495 0.3
    endloop
  endfacet
  facet normal 0 0 -1
    outer loop
      vertex 73.7202 43.9387 0.3
      vertex 73.9753 44.8743 0.3
      vertex 74.017 43.9164 0.3
    endloop
  endfacet
  facet normal 0 0 -1
    outer loop
      vertex 73.7202 43.9387 0.3
      vertex 73.7202 44.8826 0.3
      vertex 73.9753 44.8743 0.3
    endloop
  endfacet
  facet normal 0 0 -1
    outer loop
      vertex 73.4944 43.9281 0.3
      vertex 73.7202 44.8826 0.3
      vertex 73.7202 43.9387 0.3
    endloop
  endfacet
  facet normal 0 0 -1
    outer loop
      vertex 73.4944 43.9281 0.3
      vertex 73.3378 44.8666 0.3
      vertex 73.7202 44.8826 0.3
    endloop
  endfacet
  facet normal 0 0 -1
    outer loop
      vertex 73.2842 43.8962 0.3
      vertex 73.3378 44.8666 0.3
      vertex 73.4944 43.9281 0.3
    endloop
  endfacet
  facet normal 0 0 -1
    outer loop
      vertex 72.981 44.8187 0.3
      vertex 73.2842 43.8962 0.3
      vertex 73.0898 43.843 0.3
    endloop
  endfacet
  facet normal 0 0 -1
    outer loop
      vertex 73.2842 43.8962 0.3
      vertex 72.981 44.8187 0.3
      vertex 73.3378 44.8666 0.3
    endloop
  endfacet
  facet normal 0 0 -1
    outer loop
      vertex 72.6499 44.7387 0.3
      vertex 73.0898 43.843 0.3
      vertex 72.9111 43.7686 0.3
    endloop
  endfacet
  facet normal 0 0 -1
    outer loop
      vertex 72.3444 44.6268 0.3
      vertex 72.9111 43.7686 0.3
      vertex 72.748 43.673 0.3
    endloop
  endfacet
  facet normal 0 0 -1
    outer loop
      vertex 73.0898 43.843 0.3
      vertex 72.6499 44.7387 0.3
      vertex 72.981 44.8187 0.3
    endloop
  endfacet
  facet normal 0 0 -1
    outer loop
      vertex 72.0646 44.483 0.3
      vertex 72.748 43.673 0.3
      vertex 72.6007 43.5561 0.3
    endloop
  endfacet
  facet normal 0 0 -1
    outer loop
      vertex 71.8105 44.3072 0.3
      vertex 72.6007 43.5561 0.3
      vertex 72.4691 43.4179 0.3
    endloop
  endfacet
  facet normal 0 0 -1
    outer loop
      vertex 71.582 44.0994 0.3
      vertex 72.4691 43.4179 0.3
      vertex 72.3541 43.2595 0.3
    endloop
  endfacet
  facet normal 0 0 -1
    outer loop
      vertex 72.9111 43.7686 0.3
      vertex 72.3444 44.6268 0.3
      vertex 72.6499 44.7387 0.3
    endloop
  endfacet
  facet normal 0 0 -1
    outer loop
      vertex 71.3818 43.8628 0.3
      vertex 72.3541 43.2595 0.3
      vertex 72.2568 43.0821 0.3
    endloop
  endfacet
  facet normal 0 0 -1
    outer loop
      vertex 71.2123 43.6008 0.3
      vertex 72.2568 43.0821 0.3
      vertex 72.1772 42.8855 0.3
    endloop
  endfacet
  facet normal 0 0 -1
    outer loop
      vertex 70.9659 43.0003 0.3
      vertex 72.1772 42.8855 0.3
      vertex 72.1153 42.6699 0.3
    endloop
  endfacet
  facet normal 0 0 -1
    outer loop
      vertex 70.8889 42.6618 0.3
      vertex 72.1153 42.6699 0.3
      vertex 72.0711 42.4351 0.3
    endloop
  endfacet
  facet normal 0 0 -1
    outer loop
      vertex 72.748 43.673 0.3
      vertex 72.0646 44.483 0.3
      vertex 72.3444 44.6268 0.3
    endloop
  endfacet
  facet normal 0 0 -1
    outer loop
      vertex 70.8427 42.2978 0.3
      vertex 72.0711 42.4351 0.3
      vertex 72.0446 42.1813 0.3
    endloop
  endfacet
  facet normal 0 0 -1
    outer loop
      vertex 70.8273 41.9084 0.3
      vertex 72.0446 42.1813 0.3
      vertex 72.0357 41.9084 0.3
    endloop
  endfacet
  facet normal 0 0 -1
    outer loop
      vertex 72.6007 43.5561 0.3
      vertex 71.8105 44.3072 0.3
      vertex 72.0646 44.483 0.3
    endloop
  endfacet
  facet normal -0 0 -1
    outer loop
      vertex 72.2506 40.7579 0.3
      vertex 71.0651 40.5087 0.3
      vertex 72.1732 40.9498 0.3
    endloop
  endfacet
  facet normal 0 0 -1
    outer loop
      vertex 70.961 40.8185 0.3
      vertex 72.1732 40.9498 0.3
      vertex 71.0651 40.5087 0.3
    endloop
  endfacet
  facet normal -0 0 -1
    outer loop
      vertex 72.0446 42.1813 0.3
      vertex 70.8273 41.9084 0.3
      vertex 70.8427 42.2978 0.3
    endloop
  endfacet
  facet normal -0 0 -1
    outer loop
      vertex 72.1732 40.9498 0.3
      vertex 70.961 40.8185 0.3
      vertex 72.1131 41.1608 0.3
    endloop
  endfacet
  facet normal -0 0 -1
    outer loop
      vertex 72.0711 42.4351 0.3
      vertex 70.8427 42.2978 0.3
      vertex 70.8889 42.6618 0.3
    endloop
  endfacet
  facet normal 0 0 -1
    outer loop
      vertex 70.8867 41.1551 0.3
      vertex 72.1131 41.1608 0.3
      vertex 70.961 40.8185 0.3
    endloop
  endfacet
  facet normal -0 0 -1
    outer loop
      vertex 72.1153 42.6699 0.3
      vertex 70.8889 42.6618 0.3
      vertex 70.9659 43.0003 0.3
    endloop
  endfacet
  facet normal -0 0 -1
    outer loop
      vertex 72.1131 41.1608 0.3
      vertex 70.8867 41.1551 0.3
      vertex 72.0701 41.3909 0.3
    endloop
  endfacet
  facet normal 0 0 -1
    outer loop
      vertex 72.1772 42.8855 0.3
      vertex 70.9659 43.0003 0.3
      vertex 71.0737 43.3133 0.3
    endloop
  endfacet
  facet normal 0 0 -1
    outer loop
      vertex 70.8421 41.5183 0.3
      vertex 72.0701 41.3909 0.3
      vertex 70.8867 41.1551 0.3
    endloop
  endfacet
  facet normal 0 0 -1
    outer loop
      vertex 72.1772 42.8855 0.3
      vertex 71.0737 43.3133 0.3
      vertex 71.2123 43.6008 0.3
    endloop
  endfacet
  facet normal 0 0 -1
    outer loop
      vertex 72.0701 41.3909 0.3
      vertex 70.8421 41.5183 0.3
      vertex 72.0443 41.6401 0.3
    endloop
  endfacet
  facet normal 0 0 -1
    outer loop
      vertex 72.2568 43.0821 0.3
      vertex 71.2123 43.6008 0.3
      vertex 71.3818 43.8628 0.3
    endloop
  endfacet
  facet normal 0 0 -1
    outer loop
      vertex 70.8273 41.9084 0.3
      vertex 72.0443 41.6401 0.3
      vertex 70.8421 41.5183 0.3
    endloop
  endfacet
  facet normal 0 0 -1
    outer loop
      vertex 72.3541 43.2595 0.3
      vertex 71.3818 43.8628 0.3
      vertex 71.582 44.0994 0.3
    endloop
  endfacet
  facet normal 0 0 -1
    outer loop
      vertex 72.0443 41.6401 0.3
      vertex 70.8273 41.9084 0.3
      vertex 72.0357 41.9084 0.3
    endloop
  endfacet
  facet normal 0 0 -1
    outer loop
      vertex 72.4691 43.4179 0.3
      vertex 71.582 44.0994 0.3
      vertex 71.8105 44.3072 0.3
    endloop
  endfacet
  facet normal 0 0 -1
    outer loop
      vertex 64.0277 42.4007 0.3
      vertex 65.0937 44.8012 0.3
      vertex 65.0937 39.0684 0.3
    endloop
  endfacet
  facet normal 0 0 -1
    outer loop
      vertex 65.0937 44.8012 0.3
      vertex 64.0815 43.3463 0.3
      vertex 64.1009 43.5196 0.3
    endloop
  endfacet
  facet normal 0 0 -1
    outer loop
      vertex 65.0937 44.8012 0.3
      vertex 64.065 43.1775 0.3
      vertex 64.0815 43.3463 0.3
    endloop
  endfacet
  facet normal 0 0 -1
    outer loop
      vertex 65.0937 44.8012 0.3
      vertex 64.0516 43.0131 0.3
      vertex 64.065 43.1775 0.3
    endloop
  endfacet
  facet normal 0 0 -1
    outer loop
      vertex 65.0937 44.8012 0.3
      vertex 64.0411 42.8533 0.3
      vertex 64.0516 43.0131 0.3
    endloop
  endfacet
  facet normal 0 0 -1
    outer loop
      vertex 65.0937 44.8012 0.3
      vertex 64.0337 42.698 0.3
      vertex 64.0411 42.8533 0.3
    endloop
  endfacet
  facet normal 0 0 -1
    outer loop
      vertex 65.0937 44.8012 0.3
      vertex 64.0292 42.5471 0.3
      vertex 64.0337 42.698 0.3
    endloop
  endfacet
  facet normal 0 0 -1
    outer loop
      vertex 64.0277 42.4007 0.3
      vertex 65.0937 39.0684 0.3
      vertex 64.0277 39.0684 0.3
    endloop
  endfacet
  facet normal 0 0 -1
    outer loop
      vertex 65.0937 44.8012 0.3
      vertex 64.0277 42.4007 0.3
      vertex 64.0292 42.5471 0.3
    endloop
  endfacet
  facet normal 0 0 -1
    outer loop
      vertex 64.1009 43.5196 0.3
      vertex 63.6859 44.8012 0.3
      vertex 65.0937 44.8012 0.3
    endloop
  endfacet
  facet normal 0 0 -1
    outer loop
      vertex 61.1877 40.3866 0.3
      vertex 64.1009 43.5196 0.3
      vertex 61.5661 39.0684 0.3
    endloop
  endfacet
  facet normal -0 0 -1
    outer loop
      vertex 64.1009 43.5196 0.3
      vertex 61.1877 40.3866 0.3
      vertex 63.6859 44.8012 0.3
    endloop
  endfacet
  facet normal 0 -0 -1
    outer loop
      vertex 61.1877 40.3866 0.3
      vertex 61.5661 39.0684 0.3
      vertex 60.1949 39.0684 0.3
    endloop
  endfacet
  facet normal 0 0 -1
    outer loop
      vertex 60.1949 39.0684 0.3
      vertex 61.2609 41.4201 0.3
      vertex 61.2594 41.3034 0.3
    endloop
  endfacet
  facet normal 0 0 -1
    outer loop
      vertex 60.1949 39.0684 0.3
      vertex 61.2594 41.3034 0.3
      vertex 61.2549 41.1763 0.3
    endloop
  endfacet
  facet normal 0 0 -1
    outer loop
      vertex 60.1949 39.0684 0.3
      vertex 61.2549 41.1763 0.3
      vertex 61.2475 41.039 0.3
    endloop
  endfacet
  facet normal 0 0 -1
    outer loop
      vertex 60.1949 39.0684 0.3
      vertex 61.2475 41.039 0.3
      vertex 61.237 40.8914 0.3
    endloop
  endfacet
  facet normal 0 0 -1
    outer loop
      vertex 60.1949 39.0684 0.3
      vertex 61.237 40.8914 0.3
      vertex 61.2236 40.7334 0.3
    endloop
  endfacet
  facet normal 0 0 -1
    outer loop
      vertex 60.1949 39.0684 0.3
      vertex 61.2236 40.7334 0.3
      vertex 61.2071 40.5652 0.3
    endloop
  endfacet
  facet normal 0 0 -1
    outer loop
      vertex 60.1949 39.0684 0.3
      vertex 61.2071 40.5652 0.3
      vertex 61.1877 40.3866 0.3
    endloop
  endfacet
  facet normal -0 0 -1
    outer loop
      vertex 61.2609 41.4201 0.3
      vertex 60.1949 39.0684 0.3
      vertex 60.1949 44.8012 0.3
    endloop
  endfacet
  facet normal 0 0 -1
    outer loop
      vertex 61.2609 41.4201 0.3
      vertex 60.1949 44.8012 0.3
      vertex 61.2609 44.8012 0.3
    endloop
  endfacet
  facet normal 0 0 -1
    outer loop
      vertex 70.2994 39.0684 0.3
      vertex 67.2722 39.996 0.3
      vertex 70.2994 39.996 0.3
    endloop
  endfacet
  facet normal 0 0 -1
    outer loop
      vertex 66.0719 39.0684 0.3
      vertex 67.2722 41.7701 0.3
      vertex 67.2722 39.996 0.3
    endloop
  endfacet
  facet normal 0 0 -1
    outer loop
      vertex 66.0719 44.8012 0.3
      vertex 67.2722 41.7701 0.3
      vertex 66.0719 39.0684 0.3
    endloop
  endfacet
  facet normal 0 0 -1
    outer loop
      vertex 66.0719 39.0684 0.3
      vertex 67.2722 39.996 0.3
      vertex 70.2994 39.0684 0.3
    endloop
  endfacet
  facet normal 0 0 -1
    outer loop
      vertex 67.2722 41.7701 0.3
      vertex 66.0719 44.8012 0.3
      vertex 67.2722 42.6977 0.3
    endloop
  endfacet
  facet normal 0 0 -1
    outer loop
      vertex 67.2722 42.6977 0.3
      vertex 66.0719 44.8012 0.3
      vertex 67.2722 44.8012 0.3
    endloop
  endfacet
  facet normal 0 0 -1
    outer loop
      vertex 67.2722 41.7701 0.3
      vertex 70.2057 42.6977 0.3
      vertex 70.2057 41.7701 0.3
    endloop
  endfacet
  facet normal -0 0 -1
    outer loop
      vertex 70.2057 42.6977 0.3
      vertex 67.2722 41.7701 0.3
      vertex 67.2722 42.6977 0.3
    endloop
  endfacet
  facet normal -0.195121 -0.980779 0
    outer loop
      vertex 69.6968 54.8888 0
      vertex 71.3646 54.557 0.3
      vertex 69.6968 54.8888 0.3
    endloop
  endfacet
  facet normal -0.195121 -0.980779 -0
    outer loop
      vertex 71.3646 54.557 0.3
      vertex 69.6968 54.8888 0
      vertex 71.3646 54.557 0
    endloop
  endfacet
  facet normal -0.321427 -0.946934 0
    outer loop
      vertex 71.3646 54.557 0
      vertex 72.9749 54.0104 0.3
      vertex 71.3646 54.557 0.3
    endloop
  endfacet
  facet normal -0.321427 -0.946934 -0
    outer loop
      vertex 72.9749 54.0104 0.3
      vertex 71.3646 54.557 0
      vertex 72.9749 54.0104 0
    endloop
  endfacet
  facet normal -0.442291 -0.896872 0
    outer loop
      vertex 72.9749 54.0104 0
      vertex 74.5 53.2583 0.3
      vertex 72.9749 54.0104 0.3
    endloop
  endfacet
  facet normal -0.442291 -0.896872 -0
    outer loop
      vertex 74.5 53.2583 0.3
      vertex 72.9749 54.0104 0
      vertex 74.5 53.2583 0
    endloop
  endfacet
  facet normal -0.555555 -0.83148 0
    outer loop
      vertex 74.5 53.2583 0
      vertex 75.9139 52.3136 0.3
      vertex 74.5 53.2583 0.3
    endloop
  endfacet
  facet normal -0.555555 -0.83148 -0
    outer loop
      vertex 75.9139 52.3136 0.3
      vertex 74.5 53.2583 0
      vertex 75.9139 52.3136 0
    endloop
  endfacet
  facet normal -0.659341 -0.751844 0
    outer loop
      vertex 75.9139 52.3136 0
      vertex 77.1924 51.1924 0.3
      vertex 75.9139 52.3136 0.3
    endloop
  endfacet
  facet normal -0.659341 -0.751844 -0
    outer loop
      vertex 77.1924 51.1924 0.3
      vertex 75.9139 52.3136 0
      vertex 77.1924 51.1924 0
    endloop
  endfacet
  facet normal -0.751844 -0.659341 0
    outer loop
      vertex 78.3136 49.9139 0
      vertex 77.1924 51.1924 0.3
      vertex 77.1924 51.1924 0
    endloop
  endfacet
  facet normal -0.751844 -0.659341 0
    outer loop
      vertex 77.1924 51.1924 0.3
      vertex 78.3136 49.9139 0
      vertex 78.3136 49.9139 0.3
    endloop
  endfacet
  facet normal -0.83148 -0.555555 0
    outer loop
      vertex 79.2583 48.5 0
      vertex 78.3136 49.9139 0.3
      vertex 78.3136 49.9139 0
    endloop
  endfacet
  facet normal -0.83148 -0.555555 0
    outer loop
      vertex 78.3136 49.9139 0.3
      vertex 79.2583 48.5 0
      vertex 79.2583 48.5 0.3
    endloop
  endfacet
  facet normal -0.896872 -0.442291 0
    outer loop
      vertex 80.0104 46.9749 0
      vertex 79.2583 48.5 0.3
      vertex 79.2583 48.5 0
    endloop
  endfacet
  facet normal -0.896872 -0.442291 0
    outer loop
      vertex 79.2583 48.5 0.3
      vertex 80.0104 46.9749 0
      vertex 80.0104 46.9749 0.3
    endloop
  endfacet
  facet normal -0.946934 -0.321427 0
    outer loop
      vertex 80.557 45.3646 0
      vertex 80.0104 46.9749 0.3
      vertex 80.0104 46.9749 0
    endloop
  endfacet
  facet normal -0.946934 -0.321427 0
    outer loop
      vertex 80.0104 46.9749 0.3
      vertex 80.557 45.3646 0
      vertex 80.557 45.3646 0.3
    endloop
  endfacet
  facet normal -0.980779 -0.195121 0
    outer loop
      vertex 80.8888 43.6968 0
      vertex 80.557 45.3646 0.3
      vertex 80.557 45.3646 0
    endloop
  endfacet
  facet normal -0.980779 -0.195121 0
    outer loop
      vertex 80.557 45.3646 0.3
      vertex 80.8888 43.6968 0
      vertex 80.8888 43.6968 0.3
    endloop
  endfacet
  facet normal -0.997859 -0.0653948 0
    outer loop
      vertex 81 42 0
      vertex 80.8888 43.6968 0.3
      vertex 80.8888 43.6968 0
    endloop
  endfacet
  facet normal -0.997859 -0.0653948 0
    outer loop
      vertex 80.8888 43.6968 0.3
      vertex 81 42 0
      vertex 81 42 0.3
    endloop
  endfacet
  facet normal -0.997859 0.0653948 0
    outer loop
      vertex 80.8888 40.3032 0
      vertex 81 42 0.3
      vertex 81 42 0
    endloop
  endfacet
  facet normal -0.997859 0.0653948 0
    outer loop
      vertex 81 42 0.3
      vertex 80.8888 40.3032 0
      vertex 80.8888 40.3032 0.3
    endloop
  endfacet
  facet normal -0.980779 0.195121 0
    outer loop
      vertex 80.557 38.6354 0
      vertex 80.8888 40.3032 0.3
      vertex 80.8888 40.3032 0
    endloop
  endfacet
  facet normal -0.980779 0.195121 0
    outer loop
      vertex 80.8888 40.3032 0.3
      vertex 80.557 38.6354 0
      vertex 80.557 38.6354 0.3
    endloop
  endfacet
  facet normal -0.946934 0.321427 0
    outer loop
      vertex 80.0104 37.0251 0
      vertex 80.557 38.6354 0.3
      vertex 80.557 38.6354 0
    endloop
  endfacet
  facet normal -0.946934 0.321427 0
    outer loop
      vertex 80.557 38.6354 0.3
      vertex 80.0104 37.0251 0
      vertex 80.0104 37.0251 0.3
    endloop
  endfacet
  facet normal -0.896872 0.442291 0
    outer loop
      vertex 79.2583 35.5 0
      vertex 80.0104 37.0251 0.3
      vertex 80.0104 37.0251 0
    endloop
  endfacet
  facet normal -0.896872 0.442291 0
    outer loop
      vertex 80.0104 37.0251 0.3
      vertex 79.2583 35.5 0
      vertex 79.2583 35.5 0.3
    endloop
  endfacet
  facet normal -0.83148 0.555555 0
    outer loop
      vertex 78.3136 34.0861 0
      vertex 79.2583 35.5 0.3
      vertex 79.2583 35.5 0
    endloop
  endfacet
  facet normal -0.83148 0.555555 0
    outer loop
      vertex 79.2583 35.5 0.3
      vertex 78.3136 34.0861 0
      vertex 78.3136 34.0861 0.3
    endloop
  endfacet
  facet normal -0.751844 0.659341 0
    outer loop
      vertex 77.1924 32.8076 0
      vertex 78.3136 34.0861 0.3
      vertex 78.3136 34.0861 0
    endloop
  endfacet
  facet normal -0.751844 0.659341 0
    outer loop
      vertex 78.3136 34.0861 0.3
      vertex 77.1924 32.8076 0
      vertex 77.1924 32.8076 0.3
    endloop
  endfacet
  facet normal -0.659341 0.751844 0
    outer loop
      vertex 77.1924 32.8076 0
      vertex 75.9139 31.6864 0.3
      vertex 77.1924 32.8076 0.3
    endloop
  endfacet
  facet normal -0.659341 0.751844 0
    outer loop
      vertex 75.9139 31.6864 0.3
      vertex 77.1924 32.8076 0
      vertex 75.9139 31.6864 0
    endloop
  endfacet
  facet normal -0.555555 0.83148 0
    outer loop
      vertex 75.9139 31.6864 0
      vertex 74.5 30.7417 0.3
      vertex 75.9139 31.6864 0.3
    endloop
  endfacet
  facet normal -0.555555 0.83148 0
    outer loop
      vertex 74.5 30.7417 0.3
      vertex 75.9139 31.6864 0
      vertex 74.5 30.7417 0
    endloop
  endfacet
  facet normal -0.442291 0.896872 0
    outer loop
      vertex 74.5 30.7417 0
      vertex 72.9749 29.9896 0.3
      vertex 74.5 30.7417 0.3
    endloop
  endfacet
  facet normal -0.442291 0.896872 0
    outer loop
      vertex 72.9749 29.9896 0.3
      vertex 74.5 30.7417 0
      vertex 72.9749 29.9896 0
    endloop
  endfacet
  facet normal -0.321427 0.946934 0
    outer loop
      vertex 72.9749 29.9896 0
      vertex 71.3646 29.443 0.3
      vertex 72.9749 29.9896 0.3
    endloop
  endfacet
  facet normal -0.321427 0.946934 0
    outer loop
      vertex 71.3646 29.443 0.3
      vertex 72.9749 29.9896 0
      vertex 71.3646 29.443 0
    endloop
  endfacet
  facet normal -0.195121 0.980779 0
    outer loop
      vertex 71.3646 29.443 0
      vertex 69.6968 29.1112 0.3
      vertex 71.3646 29.443 0.3
    endloop
  endfacet
  facet normal -0.195121 0.980779 0
    outer loop
      vertex 69.6968 29.1112 0.3
      vertex 71.3646 29.443 0
      vertex 69.6968 29.1112 0
    endloop
  endfacet
  facet normal -0.0653948 0.997859 0
    outer loop
      vertex 69.6968 29.1112 0
      vertex 68 29 0.3
      vertex 69.6968 29.1112 0.3
    endloop
  endfacet
  facet normal -0.0653948 0.997859 0
    outer loop
      vertex 68 29 0.3
      vertex 69.6968 29.1112 0
      vertex 68 29 0
    endloop
  endfacet
  facet normal 0.0653948 0.997859 -0
    outer loop
      vertex 68 29 0
      vertex 66.3032 29.1112 0.3
      vertex 68 29 0.3
    endloop
  endfacet
  facet normal 0.0653948 0.997859 0
    outer loop
      vertex 66.3032 29.1112 0.3
      vertex 68 29 0
      vertex 66.3032 29.1112 0
    endloop
  endfacet
  facet normal 0.195121 0.980779 -0
    outer loop
      vertex 66.3032 29.1112 0
      vertex 64.6354 29.443 0.3
      vertex 66.3032 29.1112 0.3
    endloop
  endfacet
  facet normal 0.195121 0.980779 0
    outer loop
      vertex 64.6354 29.443 0.3
      vertex 66.3032 29.1112 0
      vertex 64.6354 29.443 0
    endloop
  endfacet
  facet normal 0.321427 0.946934 -0
    outer loop
      vertex 64.6354 29.443 0
      vertex 63.0251 29.9896 0.3
      vertex 64.6354 29.443 0.3
    endloop
  endfacet
  facet normal 0.321427 0.946934 0
    outer loop
      vertex 63.0251 29.9896 0.3
      vertex 64.6354 29.443 0
      vertex 63.0251 29.9896 0
    endloop
  endfacet
  facet normal 0.442291 0.896872 -0
    outer loop
      vertex 63.0251 29.9896 0
      vertex 61.5 30.7417 0.3
      vertex 63.0251 29.9896 0.3
    endloop
  endfacet
  facet normal 0.442291 0.896872 0
    outer loop
      vertex 61.5 30.7417 0.3
      vertex 63.0251 29.9896 0
      vertex 61.5 30.7417 0
    endloop
  endfacet
  facet normal 0.555555 0.83148 -0
    outer loop
      vertex 61.5 30.7417 0
      vertex 60.0861 31.6864 0.3
      vertex 61.5 30.7417 0.3
    endloop
  endfacet
  facet normal 0.555555 0.83148 0
    outer loop
      vertex 60.0861 31.6864 0.3
      vertex 61.5 30.7417 0
      vertex 60.0861 31.6864 0
    endloop
  endfacet
  facet normal 0.659341 0.751844 -0
    outer loop
      vertex 60.0861 31.6864 0
      vertex 58.8076 32.8076 0.3
      vertex 60.0861 31.6864 0.3
    endloop
  endfacet
  facet normal 0.659341 0.751844 0
    outer loop
      vertex 58.8076 32.8076 0.3
      vertex 60.0861 31.6864 0
      vertex 58.8076 32.8076 0
    endloop
  endfacet
  facet normal 0.751844 0.659341 0
    outer loop
      vertex 58.8076 32.8076 0.3
      vertex 57.6864 34.0861 0
      vertex 57.6864 34.0861 0.3
    endloop
  endfacet
  facet normal 0.751844 0.659341 0
    outer loop
      vertex 57.6864 34.0861 0
      vertex 58.8076 32.8076 0.3
      vertex 58.8076 32.8076 0
    endloop
  endfacet
  facet normal 0.83148 0.555555 0
    outer loop
      vertex 57.6864 34.0861 0.3
      vertex 56.7417 35.5 0
      vertex 56.7417 35.5 0.3
    endloop
  endfacet
  facet normal 0.83148 0.555555 0
    outer loop
      vertex 56.7417 35.5 0
      vertex 57.6864 34.0861 0.3
      vertex 57.6864 34.0861 0
    endloop
  endfacet
  facet normal 0.896872 0.442291 0
    outer loop
      vertex 56.7417 35.5 0.3
      vertex 55.9896 37.0251 0
      vertex 55.9896 37.0251 0.3
    endloop
  endfacet
  facet normal 0.896872 0.442291 0
    outer loop
      vertex 55.9896 37.0251 0
      vertex 56.7417 35.5 0.3
      vertex 56.7417 35.5 0
    endloop
  endfacet
  facet normal 0.946934 0.321427 0
    outer loop
      vertex 55.9896 37.0251 0.3
      vertex 55.443 38.6354 0
      vertex 55.443 38.6354 0.3
    endloop
  endfacet
  facet normal 0.946934 0.321427 0
    outer loop
      vertex 55.443 38.6354 0
      vertex 55.9896 37.0251 0.3
      vertex 55.9896 37.0251 0
    endloop
  endfacet
  facet normal 0.980779 0.195121 0
    outer loop
      vertex 55.443 38.6354 0.3
      vertex 55.1112 40.3032 0
      vertex 55.1112 40.3032 0.3
    endloop
  endfacet
  facet normal 0.980779 0.195121 0
    outer loop
      vertex 55.1112 40.3032 0
      vertex 55.443 38.6354 0.3
      vertex 55.443 38.6354 0
    endloop
  endfacet
  facet normal 0.997859 0.0653948 0
    outer loop
      vertex 55.1112 40.3032 0.3
      vertex 55 42 0
      vertex 55 42 0.3
    endloop
  endfacet
  facet normal 0.997859 0.0653948 0
    outer loop
      vertex 55 42 0
      vertex 55.1112 40.3032 0.3
      vertex 55.1112 40.3032 0
    endloop
  endfacet
  facet normal 0.997859 -0.0653948 0
    outer loop
      vertex 55 42 0.3
      vertex 55.1112 43.6968 0
      vertex 55.1112 43.6968 0.3
    endloop
  endfacet
  facet normal 0.997859 -0.0653948 0
    outer loop
      vertex 55.1112 43.6968 0
      vertex 55 42 0.3
      vertex 55 42 0
    endloop
  endfacet
  facet normal 0.980779 -0.195121 0
    outer loop
      vertex 55.1112 43.6968 0.3
      vertex 55.443 45.3646 0
      vertex 55.443 45.3646 0.3
    endloop
  endfacet
  facet normal 0.980779 -0.195121 0
    outer loop
      vertex 55.443 45.3646 0
      vertex 55.1112 43.6968 0.3
      vertex 55.1112 43.6968 0
    endloop
  endfacet
  facet normal 0.946934 -0.321427 0
    outer loop
      vertex 55.443 45.3646 0.3
      vertex 55.9896 46.9749 0
      vertex 55.9896 46.9749 0.3
    endloop
  endfacet
  facet normal 0.946934 -0.321427 0
    outer loop
      vertex 55.9896 46.9749 0
      vertex 55.443 45.3646 0.3
      vertex 55.443 45.3646 0
    endloop
  endfacet
  facet normal 0.896872 -0.442291 0
    outer loop
      vertex 55.9896 46.9749 0.3
      vertex 56.7417 48.5 0
      vertex 56.7417 48.5 0.3
    endloop
  endfacet
  facet normal 0.896872 -0.442291 0
    outer loop
      vertex 56.7417 48.5 0
      vertex 55.9896 46.9749 0.3
      vertex 55.9896 46.9749 0
    endloop
  endfacet
  facet normal 0.83148 -0.555555 0
    outer loop
      vertex 56.7417 48.5 0.3
      vertex 57.6864 49.9139 0
      vertex 57.6864 49.9139 0.3
    endloop
  endfacet
  facet normal 0.83148 -0.555555 0
    outer loop
      vertex 57.6864 49.9139 0
      vertex 56.7417 48.5 0.3
      vertex 56.7417 48.5 0
    endloop
  endfacet
  facet normal 0.751844 -0.659341 0
    outer loop
      vertex 57.6864 49.9139 0.3
      vertex 58.8076 51.1924 0
      vertex 58.8076 51.1924 0.3
    endloop
  endfacet
  facet normal 0.751844 -0.659341 0
    outer loop
      vertex 58.8076 51.1924 0
      vertex 57.6864 49.9139 0.3
      vertex 57.6864 49.9139 0
    endloop
  endfacet
  facet normal 0.659341 -0.751844 0
    outer loop
      vertex 58.8076 51.1924 0
      vertex 60.0861 52.3136 0.3
      vertex 58.8076 51.1924 0.3
    endloop
  endfacet
  facet normal 0.659341 -0.751844 0
    outer loop
      vertex 60.0861 52.3136 0.3
      vertex 58.8076 51.1924 0
      vertex 60.0861 52.3136 0
    endloop
  endfacet
  facet normal 0.555555 -0.83148 0
    outer loop
      vertex 60.0861 52.3136 0
      vertex 61.5 53.2583 0.3
      vertex 60.0861 52.3136 0.3
    endloop
  endfacet
  facet normal 0.555555 -0.83148 0
    outer loop
      vertex 61.5 53.2583 0.3
      vertex 60.0861 52.3136 0
      vertex 61.5 53.2583 0
    endloop
  endfacet
  facet normal 0.442291 -0.896872 0
    outer loop
      vertex 61.5 53.2583 0
      vertex 63.0251 54.0104 0.3
      vertex 61.5 53.2583 0.3
    endloop
  endfacet
  facet normal 0.442291 -0.896872 0
    outer loop
      vertex 63.0251 54.0104 0.3
      vertex 61.5 53.2583 0
      vertex 63.0251 54.0104 0
    endloop
  endfacet
  facet normal 0.321427 -0.946934 0
    outer loop
      vertex 63.0251 54.0104 0
      vertex 64.6354 54.557 0.3
      vertex 63.0251 54.0104 0.3
    endloop
  endfacet
  facet normal 0.321427 -0.946934 0
    outer loop
      vertex 64.6354 54.557 0.3
      vertex 63.0251 54.0104 0
      vertex 64.6354 54.557 0
    endloop
  endfacet
  facet normal 0.195121 -0.980779 0
    outer loop
      vertex 64.6354 54.557 0
      vertex 66.3032 54.8888 0.3
      vertex 64.6354 54.557 0.3
    endloop
  endfacet
  facet normal 0.195121 -0.980779 0
    outer loop
      vertex 66.3032 54.8888 0.3
      vertex 64.6354 54.557 0
      vertex 66.3032 54.8888 0
    endloop
  endfacet
  facet normal 0.0653948 -0.997859 0
    outer loop
      vertex 66.3032 54.8888 0
      vertex 68 55 0.3
      vertex 66.3032 54.8888 0.3
    endloop
  endfacet
  facet normal 0.0653948 -0.997859 0
    outer loop
      vertex 68 55 0.3
      vertex 66.3032 54.8888 0
      vertex 68 55 0
    endloop
  endfacet
  facet normal -0.0653948 -0.997859 0
    outer loop
      vertex 68 55 0
      vertex 69.6968 54.8888 0.3
      vertex 68 55 0.3
    endloop
  endfacet
  facet normal -0.0653948 -0.997859 -0
    outer loop
      vertex 69.6968 54.8888 0.3
      vertex 68 55 0
      vertex 69.6968 54.8888 0
    endloop
  endfacet
  facet normal -0.1951 0.980783 0
    outer loop
      vertex 66.3945 54.1948 0
      vertex 64.8165 53.8809 0.3
      vertex 66.3945 54.1948 0.3
    endloop
  endfacet
  facet normal -0.1951 0.980783 0
    outer loop
      vertex 64.8165 53.8809 0.3
      vertex 66.3945 54.1948 0
      vertex 64.8165 53.8809 0
    endloop
  endfacet
  facet normal -0.321463 0.946922 0
    outer loop
      vertex 64.8165 53.8809 0
      vertex 63.293 53.3637 0.3
      vertex 64.8165 53.8809 0.3
    endloop
  endfacet
  facet normal -0.321463 0.946922 0
    outer loop
      vertex 63.293 53.3637 0.3
      vertex 64.8165 53.8809 0
      vertex 63.293 53.3637 0
    endloop
  endfacet
  facet normal -0.442284 0.896875 0
    outer loop
      vertex 63.293 53.3637 0
      vertex 61.85 52.6521 0.3
      vertex 63.293 53.3637 0.3
    endloop
  endfacet
  facet normal -0.442284 0.896875 0
    outer loop
      vertex 61.85 52.6521 0.3
      vertex 63.293 53.3637 0
      vertex 61.85 52.6521 0
    endloop
  endfacet
  facet normal -0.555575 0.831467 0
    outer loop
      vertex 61.85 52.6521 0
      vertex 60.5122 51.7582 0.3
      vertex 61.85 52.6521 0.3
    endloop
  endfacet
  facet normal -0.555575 0.831467 0
    outer loop
      vertex 60.5122 51.7582 0.3
      vertex 61.85 52.6521 0
      vertex 60.5122 51.7582 0
    endloop
  endfacet
  facet normal -0.659349 0.751837 0
    outer loop
      vertex 60.5122 51.7582 0
      vertex 59.3026 50.6974 0.3
      vertex 60.5122 51.7582 0.3
    endloop
  endfacet
  facet normal -0.659349 0.751837 0
    outer loop
      vertex 59.3026 50.6974 0.3
      vertex 60.5122 51.7582 0
      vertex 59.3026 50.6974 0
    endloop
  endfacet
  facet normal -0.751837 0.659349 0
    outer loop
      vertex 58.2418 49.4878 0
      vertex 59.3026 50.6974 0.3
      vertex 59.3026 50.6974 0
    endloop
  endfacet
  facet normal -0.751837 0.659349 0
    outer loop
      vertex 59.3026 50.6974 0.3
      vertex 58.2418 49.4878 0
      vertex 58.2418 49.4878 0.3
    endloop
  endfacet
  facet normal -0.831467 0.555575 0
    outer loop
      vertex 57.3479 48.15 0
      vertex 58.2418 49.4878 0.3
      vertex 58.2418 49.4878 0
    endloop
  endfacet
  facet normal -0.831467 0.555575 0
    outer loop
      vertex 58.2418 49.4878 0.3
      vertex 57.3479 48.15 0
      vertex 57.3479 48.15 0.3
    endloop
  endfacet
  facet normal -0.896875 0.442284 0
    outer loop
      vertex 56.6363 46.707 0
      vertex 57.3479 48.15 0.3
      vertex 57.3479 48.15 0
    endloop
  endfacet
  facet normal -0.896875 0.442284 0
    outer loop
      vertex 57.3479 48.15 0.3
      vertex 56.6363 46.707 0
      vertex 56.6363 46.707 0.3
    endloop
  endfacet
  facet normal -0.946922 0.321463 0
    outer loop
      vertex 56.1191 45.1835 0
      vertex 56.6363 46.707 0.3
      vertex 56.6363 46.707 0
    endloop
  endfacet
  facet normal -0.946922 0.321463 0
    outer loop
      vertex 56.6363 46.707 0.3
      vertex 56.1191 45.1835 0
      vertex 56.1191 45.1835 0.3
    endloop
  endfacet
  facet normal -0.980783 0.1951 0
    outer loop
      vertex 55.8052 43.6055 0
      vertex 56.1191 45.1835 0.3
      vertex 56.1191 45.1835 0
    endloop
  endfacet
  facet normal -0.980783 0.1951 0
    outer loop
      vertex 56.1191 45.1835 0.3
      vertex 55.8052 43.6055 0
      vertex 55.8052 43.6055 0.3
    endloop
  endfacet
  facet normal -0.99786 0.0653845 0
    outer loop
      vertex 55.7 42 0
      vertex 55.8052 43.6055 0.3
      vertex 55.8052 43.6055 0
    endloop
  endfacet
  facet normal -0.99786 0.0653845 0
    outer loop
      vertex 55.8052 43.6055 0.3
      vertex 55.7 42 0
      vertex 55.7 42 0.3
    endloop
  endfacet
  facet normal -0.99786 -0.0653845 0
    outer loop
      vertex 55.8052 40.3945 0
      vertex 55.7 42 0.3
      vertex 55.7 42 0
    endloop
  endfacet
  facet normal -0.99786 -0.0653845 0
    outer loop
      vertex 55.7 42 0.3
      vertex 55.8052 40.3945 0
      vertex 55.8052 40.3945 0.3
    endloop
  endfacet
  facet normal -0.980783 -0.1951 0
    outer loop
      vertex 56.1191 38.8165 0
      vertex 55.8052 40.3945 0.3
      vertex 55.8052 40.3945 0
    endloop
  endfacet
  facet normal -0.980783 -0.1951 0
    outer loop
      vertex 55.8052 40.3945 0.3
      vertex 56.1191 38.8165 0
      vertex 56.1191 38.8165 0.3
    endloop
  endfacet
  facet normal -0.946922 -0.321463 0
    outer loop
      vertex 56.6363 37.293 0
      vertex 56.1191 38.8165 0.3
      vertex 56.1191 38.8165 0
    endloop
  endfacet
  facet normal -0.946922 -0.321463 0
    outer loop
      vertex 56.1191 38.8165 0.3
      vertex 56.6363 37.293 0
      vertex 56.6363 37.293 0.3
    endloop
  endfacet
  facet normal -0.896875 -0.442284 0
    outer loop
      vertex 57.3479 35.85 0
      vertex 56.6363 37.293 0.3
      vertex 56.6363 37.293 0
    endloop
  endfacet
  facet normal -0.896875 -0.442284 0
    outer loop
      vertex 56.6363 37.293 0.3
      vertex 57.3479 35.85 0
      vertex 57.3479 35.85 0.3
    endloop
  endfacet
  facet normal -0.831467 -0.555575 0
    outer loop
      vertex 58.2418 34.5122 0
      vertex 57.3479 35.85 0.3
      vertex 57.3479 35.85 0
    endloop
  endfacet
  facet normal -0.831467 -0.555575 0
    outer loop
      vertex 57.3479 35.85 0.3
      vertex 58.2418 34.5122 0
      vertex 58.2418 34.5122 0.3
    endloop
  endfacet
  facet normal -0.751837 -0.659349 0
    outer loop
      vertex 59.3026 33.3026 0
      vertex 58.2418 34.5122 0.3
      vertex 58.2418 34.5122 0
    endloop
  endfacet
  facet normal -0.751837 -0.659349 0
    outer loop
      vertex 58.2418 34.5122 0.3
      vertex 59.3026 33.3026 0
      vertex 59.3026 33.3026 0.3
    endloop
  endfacet
  facet normal -0.659349 -0.751837 0
    outer loop
      vertex 59.3026 33.3026 0
      vertex 60.5122 32.2418 0.3
      vertex 59.3026 33.3026 0.3
    endloop
  endfacet
  facet normal -0.659349 -0.751837 -0
    outer loop
      vertex 60.5122 32.2418 0.3
      vertex 59.3026 33.3026 0
      vertex 60.5122 32.2418 0
    endloop
  endfacet
  facet normal -0.555575 -0.831467 0
    outer loop
      vertex 60.5122 32.2418 0
      vertex 61.85 31.3479 0.3
      vertex 60.5122 32.2418 0.3
    endloop
  endfacet
  facet normal -0.555575 -0.831467 -0
    outer loop
      vertex 61.85 31.3479 0.3
      vertex 60.5122 32.2418 0
      vertex 61.85 31.3479 0
    endloop
  endfacet
  facet normal -0.442284 -0.896875 0
    outer loop
      vertex 61.85 31.3479 0
      vertex 63.293 30.6363 0.3
      vertex 61.85 31.3479 0.3
    endloop
  endfacet
  facet normal -0.442284 -0.896875 -0
    outer loop
      vertex 63.293 30.6363 0.3
      vertex 61.85 31.3479 0
      vertex 63.293 30.6363 0
    endloop
  endfacet
  facet normal -0.321463 -0.946922 0
    outer loop
      vertex 63.293 30.6363 0
      vertex 64.8165 30.1191 0.3
      vertex 63.293 30.6363 0.3
    endloop
  endfacet
  facet normal -0.321463 -0.946922 -0
    outer loop
      vertex 64.8165 30.1191 0.3
      vertex 63.293 30.6363 0
      vertex 64.8165 30.1191 0
    endloop
  endfacet
  facet normal -0.1951 -0.980783 0
    outer loop
      vertex 64.8165 30.1191 0
      vertex 66.3945 29.8052 0.3
      vertex 64.8165 30.1191 0.3
    endloop
  endfacet
  facet normal -0.1951 -0.980783 -0
    outer loop
      vertex 66.3945 29.8052 0.3
      vertex 64.8165 30.1191 0
      vertex 66.3945 29.8052 0
    endloop
  endfacet
  facet normal -0.0653845 -0.99786 0
    outer loop
      vertex 66.3945 29.8052 0
      vertex 68 29.7 0.3
      vertex 66.3945 29.8052 0.3
    endloop
  endfacet
  facet normal -0.0653845 -0.99786 -0
    outer loop
      vertex 68 29.7 0.3
      vertex 66.3945 29.8052 0
      vertex 68 29.7 0
    endloop
  endfacet
  facet normal 0.0653845 -0.99786 0
    outer loop
      vertex 68 29.7 0
      vertex 69.6055 29.8052 0.3
      vertex 68 29.7 0.3
    endloop
  endfacet
  facet normal 0.0653845 -0.99786 0
    outer loop
      vertex 69.6055 29.8052 0.3
      vertex 68 29.7 0
      vertex 69.6055 29.8052 0
    endloop
  endfacet
  facet normal 0.1951 -0.980783 0
    outer loop
      vertex 69.6055 29.8052 0
      vertex 71.1835 30.1191 0.3
      vertex 69.6055 29.8052 0.3
    endloop
  endfacet
  facet normal 0.1951 -0.980783 0
    outer loop
      vertex 71.1835 30.1191 0.3
      vertex 69.6055 29.8052 0
      vertex 71.1835 30.1191 0
    endloop
  endfacet
  facet normal 0.321463 -0.946922 0
    outer loop
      vertex 71.1835 30.1191 0
      vertex 72.707 30.6363 0.3
      vertex 71.1835 30.1191 0.3
    endloop
  endfacet
  facet normal 0.321463 -0.946922 0
    outer loop
      vertex 72.707 30.6363 0.3
      vertex 71.1835 30.1191 0
      vertex 72.707 30.6363 0
    endloop
  endfacet
  facet normal 0.442284 -0.896875 0
    outer loop
      vertex 72.707 30.6363 0
      vertex 74.15 31.3479 0.3
      vertex 72.707 30.6363 0.3
    endloop
  endfacet
  facet normal 0.442284 -0.896875 0
    outer loop
      vertex 74.15 31.3479 0.3
      vertex 72.707 30.6363 0
      vertex 74.15 31.3479 0
    endloop
  endfacet
  facet normal 0.555575 -0.831467 0
    outer loop
      vertex 74.15 31.3479 0
      vertex 75.4878 32.2418 0.3
      vertex 74.15 31.3479 0.3
    endloop
  endfacet
  facet normal 0.555575 -0.831467 0
    outer loop
      vertex 75.4878 32.2418 0.3
      vertex 74.15 31.3479 0
      vertex 75.4878 32.2418 0
    endloop
  endfacet
  facet normal 0.659349 -0.751837 0
    outer loop
      vertex 75.4878 32.2418 0
      vertex 76.6974 33.3026 0.3
      vertex 75.4878 32.2418 0.3
    endloop
  endfacet
  facet normal 0.659349 -0.751837 0
    outer loop
      vertex 76.6974 33.3026 0.3
      vertex 75.4878 32.2418 0
      vertex 76.6974 33.3026 0
    endloop
  endfacet
  facet normal 0.751837 -0.659349 0
    outer loop
      vertex 76.6974 33.3026 0.3
      vertex 77.7582 34.5122 0
      vertex 77.7582 34.5122 0.3
    endloop
  endfacet
  facet normal 0.751837 -0.659349 0
    outer loop
      vertex 77.7582 34.5122 0
      vertex 76.6974 33.3026 0.3
      vertex 76.6974 33.3026 0
    endloop
  endfacet
  facet normal 0.831467 -0.555575 0
    outer loop
      vertex 77.7582 34.5122 0.3
      vertex 78.6521 35.85 0
      vertex 78.6521 35.85 0.3
    endloop
  endfacet
  facet normal 0.831467 -0.555575 0
    outer loop
      vertex 78.6521 35.85 0
      vertex 77.7582 34.5122 0.3
      vertex 77.7582 34.5122 0
    endloop
  endfacet
  facet normal 0.896875 -0.442284 0
    outer loop
      vertex 78.6521 35.85 0.3
      vertex 79.3637 37.293 0
      vertex 79.3637 37.293 0.3
    endloop
  endfacet
  facet normal 0.896875 -0.442284 0
    outer loop
      vertex 79.3637 37.293 0
      vertex 78.6521 35.85 0.3
      vertex 78.6521 35.85 0
    endloop
  endfacet
  facet normal 0.946922 -0.321463 0
    outer loop
      vertex 79.3637 37.293 0.3
      vertex 79.8809 38.8165 0
      vertex 79.8809 38.8165 0.3
    endloop
  endfacet
  facet normal 0.946922 -0.321463 0
    outer loop
      vertex 79.8809 38.8165 0
      vertex 79.3637 37.293 0.3
      vertex 79.3637 37.293 0
    endloop
  endfacet
  facet normal 0.980783 -0.1951 0
    outer loop
      vertex 79.8809 38.8165 0.3
      vertex 80.1948 40.3945 0
      vertex 80.1948 40.3945 0.3
    endloop
  endfacet
  facet normal 0.980783 -0.1951 0
    outer loop
      vertex 80.1948 40.3945 0
      vertex 79.8809 38.8165 0.3
      vertex 79.8809 38.8165 0
    endloop
  endfacet
  facet normal 0.99786 -0.0653845 0
    outer loop
      vertex 80.1948 40.3945 0.3
      vertex 80.3 42 0
      vertex 80.3 42 0.3
    endloop
  endfacet
  facet normal 0.99786 -0.0653845 0
    outer loop
      vertex 80.3 42 0
      vertex 80.1948 40.3945 0.3
      vertex 80.1948 40.3945 0
    endloop
  endfacet
  facet normal 0.99786 0.0653845 0
    outer loop
      vertex 80.3 42 0.3
      vertex 80.1948 43.6055 0
      vertex 80.1948 43.6055 0.3
    endloop
  endfacet
  facet normal 0.99786 0.0653845 0
    outer loop
      vertex 80.1948 43.6055 0
      vertex 80.3 42 0.3
      vertex 80.3 42 0
    endloop
  endfacet
  facet normal 0.980783 0.1951 0
    outer loop
      vertex 80.1948 43.6055 0.3
      vertex 79.8809 45.1835 0
      vertex 79.8809 45.1835 0.3
    endloop
  endfacet
  facet normal 0.980783 0.1951 0
    outer loop
      vertex 79.8809 45.1835 0
      vertex 80.1948 43.6055 0.3
      vertex 80.1948 43.6055 0
    endloop
  endfacet
  facet normal 0.946922 0.321463 0
    outer loop
      vertex 79.8809 45.1835 0.3
      vertex 79.3637 46.707 0
      vertex 79.3637 46.707 0.3
    endloop
  endfacet
  facet normal 0.946922 0.321463 0
    outer loop
      vertex 79.3637 46.707 0
      vertex 79.8809 45.1835 0.3
      vertex 79.8809 45.1835 0
    endloop
  endfacet
  facet normal 0.896875 0.442284 0
    outer loop
      vertex 79.3637 46.707 0.3
      vertex 78.6521 48.15 0
      vertex 78.6521 48.15 0.3
    endloop
  endfacet
  facet normal 0.896875 0.442284 0
    outer loop
      vertex 78.6521 48.15 0
      vertex 79.3637 46.707 0.3
      vertex 79.3637 46.707 0
    endloop
  endfacet
  facet normal 0.831467 0.555575 0
    outer loop
      vertex 78.6521 48.15 0.3
      vertex 77.7582 49.4878 0
      vertex 77.7582 49.4878 0.3
    endloop
  endfacet
  facet normal 0.831467 0.555575 0
    outer loop
      vertex 77.7582 49.4878 0
      vertex 78.6521 48.15 0.3
      vertex 78.6521 48.15 0
    endloop
  endfacet
  facet normal 0.751837 0.659349 0
    outer loop
      vertex 77.7582 49.4878 0.3
      vertex 76.6974 50.6974 0
      vertex 76.6974 50.6974 0.3
    endloop
  endfacet
  facet normal 0.751837 0.659349 0
    outer loop
      vertex 76.6974 50.6974 0
      vertex 77.7582 49.4878 0.3
      vertex 77.7582 49.4878 0
    endloop
  endfacet
  facet normal 0.659349 0.751837 -0
    outer loop
      vertex 76.6974 50.6974 0
      vertex 75.4878 51.7582 0.3
      vertex 76.6974 50.6974 0.3
    endloop
  endfacet
  facet normal 0.659349 0.751837 0
    outer loop
      vertex 75.4878 51.7582 0.3
      vertex 76.6974 50.6974 0
      vertex 75.4878 51.7582 0
    endloop
  endfacet
  facet normal 0.555575 0.831467 -0
    outer loop
      vertex 75.4878 51.7582 0
      vertex 74.15 52.6521 0.3
      vertex 75.4878 51.7582 0.3
    endloop
  endfacet
  facet normal 0.555575 0.831467 0
    outer loop
      vertex 74.15 52.6521 0.3
      vertex 75.4878 51.7582 0
      vertex 74.15 52.6521 0
    endloop
  endfacet
  facet normal 0.442284 0.896875 -0
    outer loop
      vertex 74.15 52.6521 0
      vertex 72.707 53.3637 0.3
      vertex 74.15 52.6521 0.3
    endloop
  endfacet
  facet normal 0.442284 0.896875 0
    outer loop
      vertex 72.707 53.3637 0.3
      vertex 74.15 52.6521 0
      vertex 72.707 53.3637 0
    endloop
  endfacet
  facet normal 0.321463 0.946922 -0
    outer loop
      vertex 72.707 53.3637 0
      vertex 71.1835 53.8809 0.3
      vertex 72.707 53.3637 0.3
    endloop
  endfacet
  facet normal 0.321463 0.946922 0
    outer loop
      vertex 71.1835 53.8809 0.3
      vertex 72.707 53.3637 0
      vertex 71.1835 53.8809 0
    endloop
  endfacet
  facet normal 0.1951 0.980783 -0
    outer loop
      vertex 71.1835 53.8809 0
      vertex 69.6055 54.1948 0.3
      vertex 71.1835 53.8809 0.3
    endloop
  endfacet
  facet normal 0.1951 0.980783 0
    outer loop
      vertex 69.6055 54.1948 0.3
      vertex 71.1835 53.8809 0
      vertex 69.6055 54.1948 0
    endloop
  endfacet
  facet normal 0.0653845 0.99786 -0
    outer loop
      vertex 69.6055 54.1948 0
      vertex 68 54.3 0.3
      vertex 69.6055 54.1948 0.3
    endloop
  endfacet
  facet normal 0.0653845 0.99786 0
    outer loop
      vertex 68 54.3 0.3
      vertex 69.6055 54.1948 0
      vertex 68 54.3 0
    endloop
  endfacet
  facet normal -0.0653845 0.99786 0
    outer loop
      vertex 68 54.3 0
      vertex 66.3945 54.1948 0.3
      vertex 68 54.3 0.3
    endloop
  endfacet
  facet normal -0.0653845 0.99786 0
    outer loop
      vertex 66.3945 54.1948 0.3
      vertex 68 54.3 0
      vertex 66.3945 54.1948 0
    endloop
  endfacet
  facet normal -0.100873 -0.994899 0
    outer loop
      vertex 73.9753 44.8743 0
      vertex 74.2199 44.8495 0.3
      vertex 73.9753 44.8743 0.3
    endloop
  endfacet
  facet normal -0.100873 -0.994899 -0
    outer loop
      vertex 74.2199 44.8495 0.3
      vertex 73.9753 44.8743 0
      vertex 74.2199 44.8495 0
    endloop
  endfacet
  facet normal -0.173809 -0.984779 0
    outer loop
      vertex 74.2199 44.8495 0
      vertex 74.4539 44.8082 0.3
      vertex 74.2199 44.8495 0.3
    endloop
  endfacet
  facet normal -0.173809 -0.984779 -0
    outer loop
      vertex 74.4539 44.8082 0.3
      vertex 74.2199 44.8495 0
      vertex 74.4539 44.8082 0
    endloop
  endfacet
  facet normal -0.250376 -0.968149 0
    outer loop
      vertex 74.4539 44.8082 0
      vertex 74.6774 44.7504 0.3
      vertex 74.4539 44.8082 0.3
    endloop
  endfacet
  facet normal -0.250376 -0.968149 -0
    outer loop
      vertex 74.6774 44.7504 0.3
      vertex 74.4539 44.8082 0
      vertex 74.6774 44.7504 0
    endloop
  endfacet
  facet normal -0.329363 -0.944203 0
    outer loop
      vertex 74.6774 44.7504 0
      vertex 74.8904 44.6761 0.3
      vertex 74.6774 44.7504 0.3
    endloop
  endfacet
  facet normal -0.329363 -0.944203 -0
    outer loop
      vertex 74.8904 44.6761 0.3
      vertex 74.6774 44.7504 0
      vertex 74.8904 44.6761 0
    endloop
  endfacet
  facet normal -0.40969 -0.912225 0
    outer loop
      vertex 74.8904 44.6761 0
      vertex 75.0928 44.5852 0.3
      vertex 74.8904 44.6761 0.3
    endloop
  endfacet
  facet normal -0.40969 -0.912225 -0
    outer loop
      vertex 75.0928 44.5852 0.3
      vertex 74.8904 44.6761 0
      vertex 75.0928 44.5852 0
    endloop
  endfacet
  facet normal -0.488576 -0.872522 0
    outer loop
      vertex 75.0928 44.5852 0
      vertex 75.2846 44.4778 0.3
      vertex 75.0928 44.5852 0.3
    endloop
  endfacet
  facet normal -0.488576 -0.872522 -0
    outer loop
      vertex 75.2846 44.4778 0.3
      vertex 75.0928 44.5852 0
      vertex 75.2846 44.4778 0
    endloop
  endfacet
  facet normal -0.568117 -0.822948 0
    outer loop
      vertex 75.2846 44.4778 0
      vertex 75.4648 44.3534 0.3
      vertex 75.2846 44.4778 0.3
    endloop
  endfacet
  facet normal -0.568117 -0.822948 -0
    outer loop
      vertex 75.4648 44.3534 0.3
      vertex 75.2846 44.4778 0
      vertex 75.4648 44.3534 0
    endloop
  endfacet
  facet normal -0.646535 -0.762884 0
    outer loop
      vertex 75.4648 44.3534 0
      vertex 75.632 44.2117 0.3
      vertex 75.4648 44.3534 0.3
    endloop
  endfacet
  facet normal -0.646535 -0.762884 -0
    outer loop
      vertex 75.632 44.2117 0.3
      vertex 75.4648 44.3534 0
      vertex 75.632 44.2117 0
    endloop
  endfacet
  facet normal -0.717408 -0.696653 0
    outer loop
      vertex 75.7864 44.0527 0
      vertex 75.632 44.2117 0.3
      vertex 75.632 44.2117 0
    endloop
  endfacet
  facet normal -0.717408 -0.696653 0
    outer loop
      vertex 75.632 44.2117 0.3
      vertex 75.7864 44.0527 0
      vertex 75.7864 44.0527 0.3
    endloop
  endfacet
  facet normal -0.779833 -0.625988 0
    outer loop
      vertex 75.928 43.8763 0
      vertex 75.7864 44.0527 0.3
      vertex 75.7864 44.0527 0
    endloop
  endfacet
  facet normal -0.779833 -0.625988 0
    outer loop
      vertex 75.7864 44.0527 0.3
      vertex 75.928 43.8763 0
      vertex 75.928 43.8763 0.3
    endloop
  endfacet
  facet normal -0.833239 -0.552913 0
    outer loop
      vertex 76.0566 43.6825 0
      vertex 75.928 43.8763 0.3
      vertex 75.928 43.8763 0
    endloop
  endfacet
  facet normal -0.833239 -0.552913 0
    outer loop
      vertex 75.928 43.8763 0.3
      vertex 76.0566 43.6825 0
      vertex 76.0566 43.6825 0.3
    endloop
  endfacet
  facet normal -0.87675 -0.480946 0
    outer loop
      vertex 76.1724 43.4714 0
      vertex 76.0566 43.6825 0.3
      vertex 76.0566 43.6825 0
    endloop
  endfacet
  facet normal -0.87675 -0.480946 0
    outer loop
      vertex 76.0566 43.6825 0.3
      vertex 76.1724 43.4714 0
      vertex 76.1724 43.4714 0.3
    endloop
  endfacet
  facet normal -0.911809 -0.410614 0
    outer loop
      vertex 76.2753 43.2429 0
      vertex 76.1724 43.4714 0.3
      vertex 76.1724 43.4714 0
    endloop
  endfacet
  facet normal -0.911809 -0.410614 0
    outer loop
      vertex 76.1724 43.4714 0.3
      vertex 76.2753 43.2429 0
      vertex 76.2753 43.2429 0.3
    endloop
  endfacet
  facet normal -0.353133 0.935573 0
    outer loop
      vertex 76.2753 43.2429 0
      vertex 75.2296 42.8482 0.3
      vertex 76.2753 43.2429 0.3
    endloop
  endfacet
  facet normal -0.353133 0.935573 0
    outer loop
      vertex 75.2296 42.8482 0.3
      vertex 76.2753 43.2429 0
      vertex 75.2296 42.8482 0
    endloop
  endfacet
  facet normal 0.906911 0.421323 0
    outer loop
      vertex 75.2296 42.8482 0.3
      vertex 75.0952 43.1375 0
      vertex 75.0952 43.1375 0.3
    endloop
  endfacet
  facet normal 0.906911 0.421323 0
    outer loop
      vertex 75.0952 43.1375 0
      vertex 75.2296 42.8482 0.3
      vertex 75.2296 42.8482 0
    endloop
  endfacet
  facet normal 0.834716 0.550681 0
    outer loop
      vertex 75.0952 43.1375 0.3
      vertex 74.9337 43.3823 0
      vertex 74.9337 43.3823 0.3
    endloop
  endfacet
  facet normal 0.834716 0.550681 0
    outer loop
      vertex 74.9337 43.3823 0
      vertex 75.0952 43.1375 0.3
      vertex 75.0952 43.1375 0
    endloop
  endfacet
  facet normal 0.728232 0.685331 0
    outer loop
      vertex 74.9337 43.3823 0.3
      vertex 74.7452 43.5826 0
      vertex 74.7452 43.5826 0.3
    endloop
  endfacet
  facet normal 0.728232 0.685331 0
    outer loop
      vertex 74.7452 43.5826 0
      vertex 74.9337 43.3823 0.3
      vertex 74.9337 43.3823 0
    endloop
  endfacet
  facet normal 0.585532 0.810649 -0
    outer loop
      vertex 74.7452 43.5826 0
      vertex 74.5295 43.7384 0.3
      vertex 74.7452 43.5826 0.3
    endloop
  endfacet
  facet normal 0.585532 0.810649 0
    outer loop
      vertex 74.5295 43.7384 0.3
      vertex 74.7452 43.5826 0
      vertex 74.5295 43.7384 0
    endloop
  endfacet
  facet normal 0.416848 0.908976 -0
    outer loop
      vertex 74.5295 43.7384 0
      vertex 74.2868 43.8497 0.3
      vertex 74.5295 43.7384 0.3
    endloop
  endfacet
  facet normal 0.416848 0.908976 0
    outer loop
      vertex 74.2868 43.8497 0.3
      vertex 74.5295 43.7384 0
      vertex 74.2868 43.8497 0
    endloop
  endfacet
  facet normal 0.239995 0.970774 -0
    outer loop
      vertex 74.2868 43.8497 0
      vertex 74.017 43.9164 0.3
      vertex 74.2868 43.8497 0.3
    endloop
  endfacet
  facet normal 0.239995 0.970774 0
    outer loop
      vertex 74.017 43.9164 0.3
      vertex 74.2868 43.8497 0
      vertex 74.017 43.9164 0
    endloop
  endfacet
  facet normal 0.0749236 0.997189 -0
    outer loop
      vertex 74.017 43.9164 0
      vertex 73.7202 43.9387 0.3
      vertex 74.017 43.9164 0.3
    endloop
  endfacet
  facet normal 0.0749236 0.997189 0
    outer loop
      vertex 73.7202 43.9387 0.3
      vertex 74.017 43.9164 0
      vertex 73.7202 43.9387 0
    endloop
  endfacet
  facet normal -0.0468926 0.9989 0
    outer loop
      vertex 73.7202 43.9387 0
      vertex 73.4944 43.9281 0.3
      vertex 73.7202 43.9387 0.3
    endloop
  endfacet
  facet normal -0.0468926 0.9989 0
    outer loop
      vertex 73.4944 43.9281 0.3
      vertex 73.7202 43.9387 0
      vertex 73.4944 43.9281 0
    endloop
  endfacet
  facet normal -0.150042 0.98868 0
    outer loop
      vertex 73.4944 43.9281 0
      vertex 73.2842 43.8962 0.3
      vertex 73.4944 43.9281 0.3
    endloop
  endfacet
  facet normal -0.150042 0.98868 0
    outer loop
      vertex 73.2842 43.8962 0.3
      vertex 73.4944 43.9281 0
      vertex 73.2842 43.8962 0
    endloop
  endfacet
  facet normal -0.263957 0.964534 0
    outer loop
      vertex 73.2842 43.8962 0
      vertex 73.0898 43.843 0.3
      vertex 73.2842 43.8962 0.3
    endloop
  endfacet
  facet normal -0.263957 0.964534 0
    outer loop
      vertex 73.0898 43.843 0.3
      vertex 73.2842 43.8962 0
      vertex 73.0898 43.843 0
    endloop
  endfacet
  facet normal -0.384359 0.923184 0
    outer loop
      vertex 73.0898 43.843 0
      vertex 72.9111 43.7686 0.3
      vertex 73.0898 43.843 0.3
    endloop
  endfacet
  facet normal -0.384359 0.923184 0
    outer loop
      vertex 72.9111 43.7686 0.3
      vertex 73.0898 43.843 0
      vertex 72.9111 43.7686 0
    endloop
  endfacet
  facet normal -0.505679 0.862722 0
    outer loop
      vertex 72.9111 43.7686 0
      vertex 72.748 43.673 0.3
      vertex 72.9111 43.7686 0.3
    endloop
  endfacet
  facet normal -0.505679 0.862722 0
    outer loop
      vertex 72.748 43.673 0.3
      vertex 72.9111 43.7686 0
      vertex 72.748 43.673 0
    endloop
  endfacet
  facet normal -0.621642 0.783301 0
    outer loop
      vertex 72.748 43.673 0
      vertex 72.6007 43.5561 0.3
      vertex 72.748 43.673 0.3
    endloop
  endfacet
  facet normal -0.621642 0.783301 0
    outer loop
      vertex 72.6007 43.5561 0.3
      vertex 72.748 43.673 0
      vertex 72.6007 43.5561 0
    endloop
  endfacet
  facet normal -0.724188 0.689603 0
    outer loop
      vertex 72.4691 43.4179 0
      vertex 72.6007 43.5561 0.3
      vertex 72.6007 43.5561 0
    endloop
  endfacet
  facet normal -0.724188 0.689603 0
    outer loop
      vertex 72.6007 43.5561 0.3
      vertex 72.4691 43.4179 0
      vertex 72.4691 43.4179 0.3
    endloop
  endfacet
  facet normal -0.809222 0.587503 0
    outer loop
      vertex 72.3541 43.2595 0
      vertex 72.4691 43.4179 0.3
      vertex 72.4691 43.4179 0
    endloop
  endfacet
  facet normal -0.809222 0.587503 0
    outer loop
      vertex 72.4691 43.4179 0.3
      vertex 72.3541 43.2595 0
      vertex 72.3541 43.2595 0.3
    endloop
  endfacet
  facet normal -0.876779 0.480894 0
    outer loop
      vertex 72.2568 43.0821 0
      vertex 72.3541 43.2595 0.3
      vertex 72.3541 43.2595 0
    endloop
  endfacet
  facet normal -0.876779 0.480894 0
    outer loop
      vertex 72.3541 43.2595 0.3
      vertex 72.2568 43.0821 0
      vertex 72.2568 43.0821 0.3
    endloop
  endfacet
  facet normal -0.926908 0.375289 0
    outer loop
      vertex 72.1772 42.8855 0
      vertex 72.2568 43.0821 0.3
      vertex 72.2568 43.0821 0
    endloop
  endfacet
  facet normal -0.926908 0.375289 0
    outer loop
      vertex 72.2568 43.0821 0.3
      vertex 72.1772 42.8855 0
      vertex 72.1772 42.8855 0.3
    endloop
  endfacet
  facet normal -0.96117 0.275957 0
    outer loop
      vertex 72.1153 42.6699 0
      vertex 72.1772 42.8855 0.3
      vertex 72.1772 42.8855 0
    endloop
  endfacet
  facet normal -0.96117 0.275957 0
    outer loop
      vertex 72.1772 42.8855 0.3
      vertex 72.1153 42.6699 0
      vertex 72.1153 42.6699 0.3
    endloop
  endfacet
  facet normal -0.982739 0.184996 0
    outer loop
      vertex 72.0711 42.4351 0
      vertex 72.1153 42.6699 0.3
      vertex 72.1153 42.6699 0
    endloop
  endfacet
  facet normal -0.982739 0.184996 0
    outer loop
      vertex 72.1153 42.6699 0.3
      vertex 72.0711 42.4351 0
      vertex 72.0711 42.4351 0.3
    endloop
  endfacet
  facet normal -0.994593 0.103848 0
    outer loop
      vertex 72.0446 42.1813 0
      vertex 72.0711 42.4351 0.3
      vertex 72.0711 42.4351 0
    endloop
  endfacet
  facet normal -0.994593 0.103848 0
    outer loop
      vertex 72.0711 42.4351 0.3
      vertex 72.0446 42.1813 0
      vertex 72.0446 42.1813 0.3
    endloop
  endfacet
  facet normal -0.999469 0.0325953 0
    outer loop
      vertex 72.0357 41.9084 0
      vertex 72.0446 42.1813 0.3
      vertex 72.0446 42.1813 0
    endloop
  endfacet
  facet normal -0.999469 0.0325953 0
    outer loop
      vertex 72.0446 42.1813 0.3
      vertex 72.0357 41.9084 0
      vertex 72.0357 41.9084 0.3
    endloop
  endfacet
  facet normal -0.999487 -0.0320372 0
    outer loop
      vertex 72.0443 41.6401 0
      vertex 72.0357 41.9084 0.3
      vertex 72.0357 41.9084 0
    endloop
  endfacet
  facet normal -0.999487 -0.0320372 0
    outer loop
      vertex 72.0357 41.9084 0.3
      vertex 72.0443 41.6401 0
      vertex 72.0443 41.6401 0.3
    endloop
  endfacet
  facet normal -0.994683 -0.102981 0
    outer loop
      vertex 72.0701 41.3909 0
      vertex 72.0443 41.6401 0.3
      vertex 72.0443 41.6401 0
    endloop
  endfacet
  facet normal -0.994683 -0.102981 0
    outer loop
      vertex 72.0443 41.6401 0.3
      vertex 72.0701 41.3909 0
      vertex 72.0701 41.3909 0.3
    endloop
  endfacet
  facet normal -0.982983 -0.183695 0
    outer loop
      vertex 72.1131 41.1608 0
      vertex 72.0701 41.3909 0.3
      vertex 72.0701 41.3909 0
    endloop
  endfacet
  facet normal -0.982983 -0.183695 0
    outer loop
      vertex 72.0701 41.3909 0.3
      vertex 72.1131 41.1608 0
      vertex 72.1131 41.1608 0.3
    endloop
  endfacet
  facet normal -0.961747 -0.273938 0
    outer loop
      vertex 72.1732 40.9498 0
      vertex 72.1131 41.1608 0.3
      vertex 72.1131 41.1608 0
    endloop
  endfacet
  facet normal -0.961747 -0.273938 0
    outer loop
      vertex 72.1131 41.1608 0.3
      vertex 72.1732 40.9498 0
      vertex 72.1732 40.9498 0.3
    endloop
  endfacet
  facet normal -0.927406 -0.374055 0
    outer loop
      vertex 72.2506 40.7579 0
      vertex 72.1732 40.9498 0.3
      vertex 72.1732 40.9498 0
    endloop
  endfacet
  facet normal -0.927406 -0.374055 0
    outer loop
      vertex 72.1732 40.9498 0.3
      vertex 72.2506 40.7579 0
      vertex 72.2506 40.7579 0.3
    endloop
  endfacet
  facet normal -0.877371 -0.479812 0
    outer loop
      vertex 72.3451 40.5851 0
      vertex 72.2506 40.7579 0.3
      vertex 72.2506 40.7579 0
    endloop
  endfacet
  facet normal -0.877371 -0.479812 0
    outer loop
      vertex 72.2506 40.7579 0.3
      vertex 72.3451 40.5851 0
      vertex 72.3451 40.5851 0.3
    endloop
  endfacet
  facet normal -0.808759 -0.58814 0
    outer loop
      vertex 72.4568 40.4315 0
      vertex 72.3451 40.5851 0.3
      vertex 72.3451 40.5851 0
    endloop
  endfacet
  facet normal -0.808759 -0.58814 0
    outer loop
      vertex 72.3451 40.5851 0.3
      vertex 72.4568 40.4315 0
      vertex 72.4568 40.4315 0.3
    endloop
  endfacet
  facet normal -0.722044 -0.691847 0
    outer loop
      vertex 72.5851 40.2976 0
      vertex 72.4568 40.4315 0.3
      vertex 72.4568 40.4315 0
    endloop
  endfacet
  facet normal -0.722044 -0.691847 0
    outer loop
      vertex 72.4568 40.4315 0.3
      vertex 72.5851 40.2976 0
      vertex 72.5851 40.2976 0.3
    endloop
  endfacet
  facet normal -0.617292 -0.786734 0
    outer loop
      vertex 72.5851 40.2976 0
      vertex 72.7295 40.1843 0.3
      vertex 72.5851 40.2976 0.3
    endloop
  endfacet
  facet normal -0.617292 -0.786734 -0
    outer loop
      vertex 72.7295 40.1843 0.3
      vertex 72.5851 40.2976 0
      vertex 72.7295 40.1843 0
    endloop
  endfacet
  facet normal -0.499972 -0.866042 0
    outer loop
      vertex 72.7295 40.1843 0
      vertex 72.8899 40.0917 0.3
      vertex 72.7295 40.1843 0.3
    endloop
  endfacet
  facet normal -0.499972 -0.866042 -0
    outer loop
      vertex 72.8899 40.0917 0.3
      vertex 72.7295 40.1843 0
      vertex 72.8899 40.0917 0
    endloop
  endfacet
  facet normal -0.378347 -0.925664 0
    outer loop
      vertex 72.8899 40.0917 0
      vertex 73.0663 40.0196 0.3
      vertex 72.8899 40.0917 0.3
    endloop
  endfacet
  facet normal -0.378347 -0.925664 -0
    outer loop
      vertex 73.0663 40.0196 0.3
      vertex 72.8899 40.0917 0
      vertex 73.0663 40.0196 0
    endloop
  endfacet
  facet normal -0.258569 -0.965993 0
    outer loop
      vertex 73.0663 40.0196 0
      vertex 73.2587 39.9681 0.3
      vertex 73.0663 40.0196 0.3
    endloop
  endfacet
  facet normal -0.258569 -0.965993 -0
    outer loop
      vertex 73.2587 39.9681 0.3
      vertex 73.0663 40.0196 0
      vertex 73.2587 39.9681 0
    endloop
  endfacet
  facet normal -0.1466 -0.989196 0
    outer loop
      vertex 73.2587 39.9681 0
      vertex 73.4672 39.9372 0.3
      vertex 73.2587 39.9681 0.3
    endloop
  endfacet
  facet normal -0.1466 -0.989196 -0
    outer loop
      vertex 73.4672 39.9372 0.3
      vertex 73.2587 39.9681 0
      vertex 73.4672 39.9372 0
    endloop
  endfacet
  facet normal -0.0458315 -0.998949 0
    outer loop
      vertex 73.4672 39.9372 0
      vertex 73.6917 39.9269 0.3
      vertex 73.4672 39.9372 0.3
    endloop
  endfacet
  facet normal -0.0458315 -0.998949 -0
    outer loop
      vertex 73.6917 39.9269 0.3
      vertex 73.4672 39.9372 0
      vertex 73.6917 39.9269 0
    endloop
  endfacet
  facet normal 0.0347848 -0.999395 0
    outer loop
      vertex 73.6917 39.9269 0
      vertex 73.8411 39.9321 0.3
      vertex 73.6917 39.9269 0.3
    endloop
  endfacet
  facet normal 0.0347848 -0.999395 0
    outer loop
      vertex 73.8411 39.9321 0.3
      vertex 73.6917 39.9269 0
      vertex 73.8411 39.9321 0
    endloop
  endfacet
  facet normal 0.107925 -0.994159 0
    outer loop
      vertex 73.8411 39.9321 0
      vertex 73.9848 39.9477 0.3
      vertex 73.8411 39.9321 0.3
    endloop
  endfacet
  facet normal 0.107925 -0.994159 0
    outer loop
      vertex 73.9848 39.9477 0.3
      vertex 73.8411 39.9321 0
      vertex 73.9848 39.9477 0
    endloop
  endfacet
  facet normal 0.184461 -0.98284 0
    outer loop
      vertex 73.9848 39.9477 0
      vertex 74.1228 39.9736 0.3
      vertex 73.9848 39.9477 0.3
    endloop
  endfacet
  facet normal 0.184461 -0.98284 0
    outer loop
      vertex 74.1228 39.9736 0.3
      vertex 73.9848 39.9477 0
      vertex 74.1228 39.9736 0
    endloop
  endfacet
  facet normal 0.264783 -0.964308 0
    outer loop
      vertex 74.1228 39.9736 0
      vertex 74.255 40.0099 0.3
      vertex 74.1228 39.9736 0.3
    endloop
  endfacet
  facet normal 0.264783 -0.964308 0
    outer loop
      vertex 74.255 40.0099 0.3
      vertex 74.1228 39.9736 0
      vertex 74.255 40.0099 0
    endloop
  endfacet
  facet normal 0.346976 -0.937874 0
    outer loop
      vertex 74.255 40.0099 0
      vertex 74.3815 40.0567 0.3
      vertex 74.255 40.0099 0.3
    endloop
  endfacet
  facet normal 0.346976 -0.937874 0
    outer loop
      vertex 74.3815 40.0567 0.3
      vertex 74.255 40.0099 0
      vertex 74.3815 40.0567 0
    endloop
  endfacet
  facet normal 0.426734 -0.904377 0
    outer loop
      vertex 74.3815 40.0567 0
      vertex 74.5023 40.1137 0.3
      vertex 74.3815 40.0567 0.3
    endloop
  endfacet
  facet normal 0.426734 -0.904377 0
    outer loop
      vertex 74.5023 40.1137 0.3
      vertex 74.3815 40.0567 0
      vertex 74.5023 40.1137 0
    endloop
  endfacet
  facet normal 0.505873 -0.862608 0
    outer loop
      vertex 74.5023 40.1137 0
      vertex 74.6174 40.1812 0.3
      vertex 74.5023 40.1137 0.3
    endloop
  endfacet
  facet normal 0.505873 -0.862608 0
    outer loop
      vertex 74.6174 40.1812 0.3
      vertex 74.5023 40.1137 0
      vertex 74.6174 40.1812 0
    endloop
  endfacet
  facet normal 0.58095 -0.813939 0
    outer loop
      vertex 74.6174 40.1812 0
      vertex 74.7243 40.2575 0.3
      vertex 74.6174 40.1812 0.3
    endloop
  endfacet
  facet normal 0.58095 -0.813939 0
    outer loop
      vertex 74.7243 40.2575 0.3
      vertex 74.6174 40.1812 0
      vertex 74.7243 40.2575 0
    endloop
  endfacet
  facet normal 0.654662 -0.755922 0
    outer loop
      vertex 74.7243 40.2575 0
      vertex 74.8206 40.3409 0.3
      vertex 74.7243 40.2575 0.3
    endloop
  endfacet
  facet normal 0.654662 -0.755922 0
    outer loop
      vertex 74.8206 40.3409 0.3
      vertex 74.7243 40.2575 0
      vertex 74.8206 40.3409 0
    endloop
  endfacet
  facet normal 0.726836 -0.686812 0
    outer loop
      vertex 74.8206 40.3409 0.3
      vertex 74.9064 40.4317 0
      vertex 74.9064 40.4317 0.3
    endloop
  endfacet
  facet normal 0.726836 -0.686812 0
    outer loop
      vertex 74.9064 40.4317 0
      vertex 74.8206 40.3409 0.3
      vertex 74.8206 40.3409 0
    endloop
  endfacet
  facet normal 0.792654 -0.609672 0
    outer loop
      vertex 74.9064 40.4317 0.3
      vertex 74.9817 40.5296 0
      vertex 74.9817 40.5296 0.3
    endloop
  endfacet
  facet normal 0.792654 -0.609672 0
    outer loop
      vertex 74.9817 40.5296 0
      vertex 74.9064 40.4317 0.3
      vertex 74.9064 40.4317 0
    endloop
  endfacet
  facet normal 0.851797 -0.523872 0
    outer loop
      vertex 74.9817 40.5296 0.3
      vertex 75.0464 40.6348 0
      vertex 75.0464 40.6348 0.3
    endloop
  endfacet
  facet normal 0.851797 -0.523872 0
    outer loop
      vertex 75.0464 40.6348 0
      vertex 74.9817 40.5296 0.3
      vertex 74.9817 40.5296 0
    endloop
  endfacet
  facet normal 0.900595 -0.434659 0
    outer loop
      vertex 75.0464 40.6348 0.3
      vertex 75.1006 40.7471 0
      vertex 75.1006 40.7471 0.3
    endloop
  endfacet
  facet normal 0.900595 -0.434659 0
    outer loop
      vertex 75.1006 40.7471 0
      vertex 75.0464 40.6348 0.3
      vertex 75.0464 40.6348 0
    endloop
  endfacet
  facet normal 0.93961 -0.342247 0
    outer loop
      vertex 75.1006 40.7471 0.3
      vertex 75.1442 40.8668 0
      vertex 75.1442 40.8668 0.3
    endloop
  endfacet
  facet normal 0.93961 -0.342247 0
    outer loop
      vertex 75.1442 40.8668 0
      vertex 75.1006 40.7471 0.3
      vertex 75.1006 40.7471 0
    endloop
  endfacet
  facet normal -0.263441 -0.964675 0
    outer loop
      vertex 75.1442 40.8668 0
      vertex 76.2021 40.5779 0.3
      vertex 75.1442 40.8668 0.3
    endloop
  endfacet
  facet normal -0.263441 -0.964675 -0
    outer loop
      vertex 76.2021 40.5779 0.3
      vertex 75.1442 40.8668 0
      vertex 76.2021 40.5779 0
    endloop
  endfacet
  facet normal -0.93679 0.349891 0
    outer loop
      vertex 76.1212 40.3613 0
      vertex 76.2021 40.5779 0.3
      vertex 76.2021 40.5779 0
    endloop
  endfacet
  facet normal -0.93679 0.349891 0
    outer loop
      vertex 76.2021 40.5779 0.3
      vertex 76.1212 40.3613 0
      vertex 76.1212 40.3613 0.3
    endloop
  endfacet
  facet normal -0.901572 0.432629 0
    outer loop
      vertex 76.0247 40.1602 0
      vertex 76.1212 40.3613 0.3
      vertex 76.1212 40.3613 0
    endloop
  endfacet
  facet normal -0.901572 0.432629 0
    outer loop
      vertex 76.1212 40.3613 0.3
      vertex 76.0247 40.1602 0
      vertex 76.0247 40.1602 0.3
    endloop
  endfacet
  facet normal -0.856473 0.516192 0
    outer loop
      vertex 75.9129 39.9747 0
      vertex 76.0247 40.1602 0.3
      vertex 76.0247 40.1602 0
    endloop
  endfacet
  facet normal -0.856473 0.516192 0
    outer loop
      vertex 76.0247 40.1602 0.3
      vertex 75.9129 39.9747 0
      vertex 75.9129 39.9747 0.3
    endloop
  endfacet
  facet normal -0.800452 0.599397 0
    outer loop
      vertex 75.7856 39.8047 0
      vertex 75.9129 39.9747 0.3
      vertex 75.9129 39.9747 0
    endloop
  endfacet
  facet normal -0.800452 0.599397 0
    outer loop
      vertex 75.9129 39.9747 0.3
      vertex 75.7856 39.8047 0
      vertex 75.7856 39.8047 0.3
    endloop
  endfacet
  facet normal -0.734366 0.678754 0
    outer loop
      vertex 75.6428 39.6502 0
      vertex 75.7856 39.8047 0.3
      vertex 75.7856 39.8047 0
    endloop
  endfacet
  facet normal -0.734366 0.678754 0
    outer loop
      vertex 75.7856 39.8047 0.3
      vertex 75.6428 39.6502 0
      vertex 75.6428 39.6502 0.3
    endloop
  endfacet
  facet normal -0.66005 0.751222 0
    outer loop
      vertex 75.6428 39.6502 0
      vertex 75.4846 39.5112 0.3
      vertex 75.6428 39.6502 0.3
    endloop
  endfacet
  facet normal -0.66005 0.751222 0
    outer loop
      vertex 75.4846 39.5112 0.3
      vertex 75.6428 39.6502 0
      vertex 75.4846 39.5112 0
    endloop
  endfacet
  facet normal -0.579371 0.815064 0
    outer loop
      vertex 75.4846 39.5112 0
      vertex 75.311 39.3878 0.3
      vertex 75.4846 39.5112 0.3
    endloop
  endfacet
  facet normal -0.579371 0.815064 0
    outer loop
      vertex 75.311 39.3878 0.3
      vertex 75.4846 39.5112 0
      vertex 75.311 39.3878 0
    endloop
  endfacet
  facet normal -0.494057 0.86943 0
    outer loop
      vertex 75.311 39.3878 0
      vertex 75.122 39.2804 0.3
      vertex 75.311 39.3878 0.3
    endloop
  endfacet
  facet normal -0.494057 0.86943 0
    outer loop
      vertex 75.122 39.2804 0.3
      vertex 75.311 39.3878 0
      vertex 75.122 39.2804 0
    endloop
  endfacet
  facet normal -0.406678 0.913572 0
    outer loop
      vertex 75.122 39.2804 0
      vertex 74.9178 39.1895 0.3
      vertex 75.122 39.2804 0.3
    endloop
  endfacet
  facet normal -0.406678 0.913572 0
    outer loop
      vertex 74.9178 39.1895 0.3
      vertex 75.122 39.2804 0
      vertex 74.9178 39.1895 0
    endloop
  endfacet
  facet normal -0.320882 0.947119 0
    outer loop
      vertex 74.9178 39.1895 0
      vertex 74.6982 39.1151 0.3
      vertex 74.9178 39.1895 0.3
    endloop
  endfacet
  facet normal -0.320882 0.947119 0
    outer loop
      vertex 74.6982 39.1151 0.3
      vertex 74.9178 39.1895 0
      vertex 74.6982 39.1151 0
    endloop
  endfacet
  facet normal -0.239031 0.971012 0
    outer loop
      vertex 74.6982 39.1151 0
      vertex 74.4634 39.0573 0.3
      vertex 74.6982 39.1151 0.3
    endloop
  endfacet
  facet normal -0.239031 0.971012 0
    outer loop
      vertex 74.4634 39.0573 0.3
      vertex 74.6982 39.1151 0
      vertex 74.4634 39.0573 0
    endloop
  endfacet
  facet normal -0.162927 0.986638 0
    outer loop
      vertex 74.4634 39.0573 0
      vertex 74.2133 39.016 0.3
      vertex 74.4634 39.0573 0.3
    endloop
  endfacet
  facet normal -0.162927 0.986638 0
    outer loop
      vertex 74.2133 39.016 0.3
      vertex 74.4634 39.0573 0
      vertex 74.2133 39.016 0
    endloop
  endfacet
  facet normal -0.0930385 0.995663 0
    outer loop
      vertex 74.2133 39.016 0
      vertex 73.9479 38.9912 0.3
      vertex 74.2133 39.016 0.3
    endloop
  endfacet
  facet normal -0.0930385 0.995663 0
    outer loop
      vertex 73.9479 38.9912 0.3
      vertex 74.2133 39.016 0
      vertex 73.9479 38.9912 0
    endloop
  endfacet
  facet normal -0.0295665 0.999563 0
    outer loop
      vertex 73.9479 38.9912 0
      vertex 73.6673 38.9829 0.3
      vertex 73.9479 38.9912 0.3
    endloop
  endfacet
  facet normal -0.0295665 0.999563 0
    outer loop
      vertex 73.6673 38.9829 0.3
      vertex 73.9479 38.9912 0
      vertex 73.6673 38.9829 0
    endloop
  endfacet
  facet normal 0.0405532 0.999177 -0
    outer loop
      vertex 73.6673 38.9829 0
      vertex 73.2854 38.9984 0.3
      vertex 73.6673 38.9829 0.3
    endloop
  endfacet
  facet normal 0.0405532 0.999177 0
    outer loop
      vertex 73.2854 38.9984 0.3
      vertex 73.6673 38.9829 0
      vertex 73.2854 38.9984 0
    endloop
  endfacet
  facet normal 0.129256 0.991611 -0
    outer loop
      vertex 73.2854 38.9984 0
      vertex 72.9302 39.0447 0.3
      vertex 73.2854 38.9984 0.3
    endloop
  endfacet
  facet normal 0.129256 0.991611 0
    outer loop
      vertex 72.9302 39.0447 0.3
      vertex 73.2854 38.9984 0
      vertex 72.9302 39.0447 0
    endloop
  endfacet
  facet normal 0.228841 0.973464 -0
    outer loop
      vertex 72.9302 39.0447 0
      vertex 72.6018 39.1219 0.3
      vertex 72.9302 39.0447 0.3
    endloop
  endfacet
  facet normal 0.228841 0.973464 0
    outer loop
      vertex 72.6018 39.1219 0.3
      vertex 72.9302 39.0447 0
      vertex 72.6018 39.1219 0
    endloop
  endfacet
  facet normal 0.33768 0.941261 -0
    outer loop
      vertex 72.6018 39.1219 0
      vertex 72.3002 39.2301 0.3
      vertex 72.6018 39.1219 0.3
    endloop
  endfacet
  facet normal 0.33768 0.941261 0
    outer loop
      vertex 72.3002 39.2301 0.3
      vertex 72.6018 39.1219 0
      vertex 72.3002 39.2301 0
    endloop
  endfacet
  facet normal 0.450845 0.892602 -0
    outer loop
      vertex 72.3002 39.2301 0
      vertex 72.0252 39.369 0.3
      vertex 72.3002 39.2301 0.3
    endloop
  endfacet
  facet normal 0.450845 0.892602 0
    outer loop
      vertex 72.0252 39.369 0.3
      vertex 72.3002 39.2301 0
      vertex 72.0252 39.369 0
    endloop
  endfacet
  facet normal 0.564863 0.825185 -0
    outer loop
      vertex 72.0252 39.369 0
      vertex 71.777 39.5389 0.3
      vertex 72.0252 39.369 0.3
    endloop
  endfacet
  facet normal 0.564863 0.825185 0
    outer loop
      vertex 71.777 39.5389 0.3
      vertex 72.0252 39.369 0
      vertex 71.777 39.5389 0
    endloop
  endfacet
  facet normal 0.671806 0.740727 -0
    outer loop
      vertex 71.777 39.5389 0
      vertex 71.5556 39.7397 0.3
      vertex 71.777 39.5389 0.3
    endloop
  endfacet
  facet normal 0.671806 0.740727 0
    outer loop
      vertex 71.5556 39.7397 0.3
      vertex 71.777 39.5389 0
      vertex 71.5556 39.7397 0
    endloop
  endfacet
  facet normal 0.764989 0.644043 0
    outer loop
      vertex 71.5556 39.7397 0.3
      vertex 71.3623 39.9693 0
      vertex 71.3623 39.9693 0.3
    endloop
  endfacet
  facet normal 0.764989 0.644043 0
    outer loop
      vertex 71.3623 39.9693 0
      vertex 71.5556 39.7397 0.3
      vertex 71.5556 39.7397 0
    endloop
  endfacet
  facet normal 0.843065 0.537812 0
    outer loop
      vertex 71.3623 39.9693 0.3
      vertex 71.1988 40.2256 0
      vertex 71.1988 40.2256 0.3
    endloop
  endfacet
  facet normal 0.843065 0.537812 0
    outer loop
      vertex 71.1988 40.2256 0
      vertex 71.3623 39.9693 0.3
      vertex 71.3623 39.9693 0
    endloop
  endfacet
  facet normal 0.904232 0.427043 0
    outer loop
      vertex 71.1988 40.2256 0.3
      vertex 71.0651 40.5087 0
      vertex 71.0651 40.5087 0.3
    endloop
  endfacet
  facet normal 0.904232 0.427043 0
    outer loop
      vertex 71.0651 40.5087 0
      vertex 71.1988 40.2256 0.3
      vertex 71.1988 40.2256 0
    endloop
  endfacet
  facet normal 0.947916 0.318522 0
    outer loop
      vertex 71.0651 40.5087 0.3
      vertex 70.961 40.8185 0
      vertex 70.961 40.8185 0.3
    endloop
  endfacet
  facet normal 0.947916 0.318522 0
    outer loop
      vertex 70.961 40.8185 0
      vertex 71.0651 40.5087 0.3
      vertex 71.0651 40.5087 0
    endloop
  endfacet
  facet normal 0.976493 0.215548 0
    outer loop
      vertex 70.961 40.8185 0.3
      vertex 70.8867 41.1551 0
      vertex 70.8867 41.1551 0.3
    endloop
  endfacet
  facet normal 0.976493 0.215548 0
    outer loop
      vertex 70.8867 41.1551 0
      vertex 70.961 40.8185 0.3
      vertex 70.961 40.8185 0
    endloop
  endfacet
  facet normal 0.992545 0.121882 0
    outer loop
      vertex 70.8867 41.1551 0.3
      vertex 70.8421 41.5183 0
      vertex 70.8421 41.5183 0.3
    endloop
  endfacet
  facet normal 0.992545 0.121882 0
    outer loop
      vertex 70.8421 41.5183 0
      vertex 70.8867 41.1551 0.3
      vertex 70.8867 41.1551 0
    endloop
  endfacet
  facet normal 0.999281 0.0379117 0
    outer loop
      vertex 70.8421 41.5183 0.3
      vertex 70.8273 41.9084 0
      vertex 70.8273 41.9084 0.3
    endloop
  endfacet
  facet normal 0.999281 0.0379117 0
    outer loop
      vertex 70.8273 41.9084 0
      vertex 70.8421 41.5183 0.3
      vertex 70.8421 41.5183 0
    endloop
  endfacet
  facet normal 0.999219 -0.0395171 0
    outer loop
      vertex 70.8273 41.9084 0.3
      vertex 70.8427 42.2978 0
      vertex 70.8427 42.2978 0.3
    endloop
  endfacet
  facet normal 0.999219 -0.0395171 0
    outer loop
      vertex 70.8427 42.2978 0
      vertex 70.8273 41.9084 0.3
      vertex 70.8273 41.9084 0
    endloop
  endfacet
  facet normal 0.992041 -0.125913 0
    outer loop
      vertex 70.8427 42.2978 0.3
      vertex 70.8889 42.6618 0
      vertex 70.8889 42.6618 0.3
    endloop
  endfacet
  facet normal 0.992041 -0.125913 0
    outer loop
      vertex 70.8889 42.6618 0
      vertex 70.8427 42.2978 0.3
      vertex 70.8427 42.2978 0
    endloop
  endfacet
  facet normal 0.97509 -0.221808 0
    outer loop
      vertex 70.8889 42.6618 0.3
      vertex 70.9659 43.0003 0
      vertex 70.9659 43.0003 0.3
    endloop
  endfacet
  facet normal 0.97509 -0.221808 0
    outer loop
      vertex 70.9659 43.0003 0
      vertex 70.8889 42.6618 0.3
      vertex 70.8889 42.6618 0
    endloop
  endfacet
  facet normal 0.945495 -0.325637 0
    outer loop
      vertex 70.9659 43.0003 0.3
      vertex 71.0737 43.3133 0
      vertex 71.0737 43.3133 0.3
    endloop
  endfacet
  facet normal 0.945495 -0.325637 0
    outer loop
      vertex 71.0737 43.3133 0
      vertex 70.9659 43.0003 0.3
      vertex 70.9659 43.0003 0
    endloop
  endfacet
  facet normal 0.900788 -0.434258 0
    outer loop
      vertex 71.0737 43.3133 0.3
      vertex 71.2123 43.6008 0
      vertex 71.2123 43.6008 0.3
    endloop
  endfacet
  facet normal 0.900788 -0.434258 0
    outer loop
      vertex 71.2123 43.6008 0
      vertex 71.0737 43.3133 0.3
      vertex 71.0737 43.3133 0
    endloop
  endfacet
  facet normal 0.839613 -0.543185 0
    outer loop
      vertex 71.2123 43.6008 0.3
      vertex 71.3818 43.8628 0
      vertex 71.3818 43.8628 0.3
    endloop
  endfacet
  facet normal 0.839613 -0.543185 0
    outer loop
      vertex 71.3818 43.8628 0
      vertex 71.2123 43.6008 0.3
      vertex 71.2123 43.6008 0
    endloop
  endfacet
  facet normal 0.763386 -0.645942 0
    outer loop
      vertex 71.3818 43.8628 0.3
      vertex 71.582 44.0994 0
      vertex 71.582 44.0994 0.3
    endloop
  endfacet
  facet normal 0.763386 -0.645942 0
    outer loop
      vertex 71.582 44.0994 0
      vertex 71.3818 43.8628 0.3
      vertex 71.3818 43.8628 0
    endloop
  endfacet
  facet normal 0.672802 -0.739823 0
    outer loop
      vertex 71.582 44.0994 0
      vertex 71.8105 44.3072 0.3
      vertex 71.582 44.0994 0.3
    endloop
  endfacet
  facet normal 0.672802 -0.739823 0
    outer loop
      vertex 71.8105 44.3072 0.3
      vertex 71.582 44.0994 0
      vertex 71.8105 44.3072 0
    endloop
  endfacet
  facet normal 0.568958 -0.822367 0
    outer loop
      vertex 71.8105 44.3072 0
      vertex 72.0646 44.483 0.3
      vertex 71.8105 44.3072 0.3
    endloop
  endfacet
  facet normal 0.568958 -0.822367 0
    outer loop
      vertex 72.0646 44.483 0.3
      vertex 71.8105 44.3072 0
      vertex 72.0646 44.483 0
    endloop
  endfacet
  facet normal 0.457104 -0.889413 0
    outer loop
      vertex 72.0646 44.483 0
      vertex 72.3444 44.6268 0.3
      vertex 72.0646 44.483 0.3
    endloop
  endfacet
  facet normal 0.457104 -0.889413 0
    outer loop
      vertex 72.3444 44.6268 0.3
      vertex 72.0646 44.483 0
      vertex 72.3444 44.6268 0
    endloop
  endfacet
  facet normal 0.343939 -0.938992 0
    outer loop
      vertex 72.3444 44.6268 0
      vertex 72.6499 44.7387 0.3
      vertex 72.3444 44.6268 0.3
    endloop
  endfacet
  facet normal 0.343939 -0.938992 0
    outer loop
      vertex 72.6499 44.7387 0.3
      vertex 72.3444 44.6268 0
      vertex 72.6499 44.7387 0
    endloop
  endfacet
  facet normal 0.234861 -0.972029 0
    outer loop
      vertex 72.6499 44.7387 0
      vertex 72.981 44.8187 0.3
      vertex 72.6499 44.7387 0.3
    endloop
  endfacet
  facet normal 0.234861 -0.972029 0
    outer loop
      vertex 72.981 44.8187 0.3
      vertex 72.6499 44.7387 0
      vertex 72.981 44.8187 0
    endloop
  endfacet
  facet normal 0.133055 -0.991109 0
    outer loop
      vertex 72.981 44.8187 0
      vertex 73.3378 44.8666 0.3
      vertex 72.981 44.8187 0.3
    endloop
  endfacet
  facet normal 0.133055 -0.991109 0
    outer loop
      vertex 73.3378 44.8666 0.3
      vertex 72.981 44.8187 0
      vertex 73.3378 44.8666 0
    endloop
  endfacet
  facet normal 0.0418044 -0.999126 0
    outer loop
      vertex 73.3378 44.8666 0
      vertex 73.7202 44.8826 0.3
      vertex 73.3378 44.8666 0.3
    endloop
  endfacet
  facet normal 0.0418044 -0.999126 0
    outer loop
      vertex 73.7202 44.8826 0.3
      vertex 73.3378 44.8666 0
      vertex 73.7202 44.8826 0
    endloop
  endfacet
  facet normal -0.0325191 -0.999471 0
    outer loop
      vertex 73.7202 44.8826 0
      vertex 73.9753 44.8743 0.3
      vertex 73.7202 44.8826 0.3
    endloop
  endfacet
  facet normal -0.0325191 -0.999471 -0
    outer loop
      vertex 73.9753 44.8743 0.3
      vertex 73.7202 44.8826 0
      vertex 73.9753 44.8743 0
    endloop
  endfacet
  facet normal -0.999917 0.0128524 0
    outer loop
      vertex 61.2594 41.3034 0
      vertex 61.2609 41.4201 0.3
      vertex 61.2609 41.4201 0
    endloop
  endfacet
  facet normal -0.999917 0.0128524 0
    outer loop
      vertex 61.2609 41.4201 0.3
      vertex 61.2594 41.3034 0
      vertex 61.2594 41.3034 0.3
    endloop
  endfacet
  facet normal -0.999374 0.035383 0
    outer loop
      vertex 61.2549 41.1763 0
      vertex 61.2594 41.3034 0.3
      vertex 61.2594 41.3034 0
    endloop
  endfacet
  facet normal -0.999374 0.035383 0
    outer loop
      vertex 61.2594 41.3034 0.3
      vertex 61.2549 41.1763 0
      vertex 61.2549 41.1763 0.3
    endloop
  endfacet
  facet normal -0.998551 0.0538185 0
    outer loop
      vertex 61.2475 41.039 0
      vertex 61.2549 41.1763 0.3
      vertex 61.2549 41.1763 0
    endloop
  endfacet
  facet normal -0.998551 0.0538185 0
    outer loop
      vertex 61.2549 41.1763 0.3
      vertex 61.2475 41.039 0
      vertex 61.2475 41.039 0.3
    endloop
  endfacet
  facet normal -0.997479 0.0709589 0
    outer loop
      vertex 61.237 40.8914 0
      vertex 61.2475 41.039 0.3
      vertex 61.2475 41.039 0
    endloop
  endfacet
  facet normal -0.997479 0.0709589 0
    outer loop
      vertex 61.2475 41.039 0.3
      vertex 61.237 40.8914 0
      vertex 61.237 40.8914 0.3
    endloop
  endfacet
  facet normal -0.996423 0.0845068 0
    outer loop
      vertex 61.2236 40.7334 0
      vertex 61.237 40.8914 0.3
      vertex 61.237 40.8914 0
    endloop
  endfacet
  facet normal -0.996423 0.0845068 0
    outer loop
      vertex 61.237 40.8914 0.3
      vertex 61.2236 40.7334 0
      vertex 61.2236 40.7334 0.3
    endloop
  endfacet
  facet normal -0.995223 0.0976289 0
    outer loop
      vertex 61.2071 40.5652 0
      vertex 61.2236 40.7334 0.3
      vertex 61.2236 40.7334 0
    endloop
  endfacet
  facet normal -0.995223 0.0976289 0
    outer loop
      vertex 61.2236 40.7334 0.3
      vertex 61.2071 40.5652 0
      vertex 61.2071 40.5652 0.3
    endloop
  endfacet
  facet normal -0.994152 0.107987 0
    outer loop
      vertex 61.1877 40.3866 0
      vertex 61.2071 40.5652 0.3
      vertex 61.2071 40.5652 0
    endloop
  endfacet
  facet normal -0.994152 0.107987 0
    outer loop
      vertex 61.2071 40.5652 0.3
      vertex 61.1877 40.3866 0
      vertex 61.1877 40.3866 0.3
    endloop
  endfacet
  facet normal 0.87031 -0.492504 0
    outer loop
      vertex 61.1877 40.3866 0.3
      vertex 63.6859 44.8012 0
      vertex 63.6859 44.8012 0.3
    endloop
  endfacet
  facet normal 0.87031 -0.492504 0
    outer loop
      vertex 63.6859 44.8012 0
      vertex 61.1877 40.3866 0.3
      vertex 61.1877 40.3866 0
    endloop
  endfacet
  facet normal 0 -1 0
    outer loop
      vertex 63.6859 44.8012 0
      vertex 65.0937 44.8012 0.3
      vertex 63.6859 44.8012 0.3
    endloop
  endfacet
  facet normal 0 -1 -0
    outer loop
      vertex 65.0937 44.8012 0.3
      vertex 63.6859 44.8012 0
      vertex 65.0937 44.8012 0
    endloop
  endfacet
  facet normal -1 0 0
    outer loop
      vertex 65.0937 39.0684 0
      vertex 65.0937 44.8012 0.3
      vertex 65.0937 44.8012 0
    endloop
  endfacet
  facet normal -1 -0 0
    outer loop
      vertex 65.0937 44.8012 0.3
      vertex 65.0937 39.0684 0
      vertex 65.0937 39.0684 0.3
    endloop
  endfacet
  facet normal 0 1 -0
    outer loop
      vertex 65.0937 39.0684 0
      vertex 64.0277 39.0684 0.3
      vertex 65.0937 39.0684 0.3
    endloop
  endfacet
  facet normal 0 1 0
    outer loop
      vertex 64.0277 39.0684 0.3
      vertex 65.0937 39.0684 0
      vertex 64.0277 39.0684 0
    endloop
  endfacet
  facet normal 1 -0 0
    outer loop
      vertex 64.0277 39.0684 0.3
      vertex 64.0277 42.4007 0
      vertex 64.0277 42.4007 0.3
    endloop
  endfacet
  facet normal 1 0 0
    outer loop
      vertex 64.0277 42.4007 0
      vertex 64.0277 39.0684 0.3
      vertex 64.0277 39.0684 0
    endloop
  endfacet
  facet normal 0.999948 -0.0102454 0
    outer loop
      vertex 64.0277 42.4007 0.3
      vertex 64.0292 42.5471 0
      vertex 64.0292 42.5471 0.3
    endloop
  endfacet
  facet normal 0.999948 -0.0102454 0
    outer loop
      vertex 64.0292 42.5471 0
      vertex 64.0277 42.4007 0.3
      vertex 64.0277 42.4007 0
    endloop
  endfacet
  facet normal 0.999556 -0.0298078 0
    outer loop
      vertex 64.0292 42.5471 0.3
      vertex 64.0337 42.698 0
      vertex 64.0337 42.698 0.3
    endloop
  endfacet
  facet normal 0.999556 -0.0298078 0
    outer loop
      vertex 64.0337 42.698 0
      vertex 64.0292 42.5471 0.3
      vertex 64.0292 42.5471 0
    endloop
  endfacet
  facet normal 0.998867 -0.0475957 0
    outer loop
      vertex 64.0337 42.698 0.3
      vertex 64.0411 42.8533 0
      vertex 64.0411 42.8533 0.3
    endloop
  endfacet
  facet normal 0.998867 -0.0475957 0
    outer loop
      vertex 64.0411 42.8533 0
      vertex 64.0337 42.698 0.3
      vertex 64.0337 42.698 0
    endloop
  endfacet
  facet normal 0.997848 -0.0655657 0
    outer loop
      vertex 64.0411 42.8533 0.3
      vertex 64.0516 43.0131 0
      vertex 64.0516 43.0131 0.3
    endloop
  endfacet
  facet normal 0.997848 -0.0655657 0
    outer loop
      vertex 64.0516 43.0131 0
      vertex 64.0411 42.8533 0.3
      vertex 64.0411 42.8533 0
    endloop
  endfacet
  facet normal 0.996695 -0.0812391 0
    outer loop
      vertex 64.0516 43.0131 0.3
      vertex 64.065 43.1775 0
      vertex 64.065 43.1775 0.3
    endloop
  endfacet
  facet normal 0.996695 -0.0812391 0
    outer loop
      vertex 64.065 43.1775 0
      vertex 64.0516 43.0131 0.3
      vertex 64.0516 43.0131 0
    endloop
  endfacet
  facet normal 0.995257 -0.0972851 0
    outer loop
      vertex 64.065 43.1775 0.3
      vertex 64.0815 43.3463 0
      vertex 64.0815 43.3463 0.3
    endloop
  endfacet
  facet normal 0.995257 -0.0972851 0
    outer loop
      vertex 64.0815 43.3463 0
      vertex 64.065 43.1775 0.3
      vertex 64.065 43.1775 0
    endloop
  endfacet
  facet normal 0.993792 -0.11125 0
    outer loop
      vertex 64.0815 43.3463 0.3
      vertex 64.1009 43.5196 0
      vertex 64.1009 43.5196 0.3
    endloop
  endfacet
  facet normal 0.993792 -0.11125 0
    outer loop
      vertex 64.1009 43.5196 0
      vertex 64.0815 43.3463 0.3
      vertex 64.0815 43.3463 0
    endloop
  endfacet
  facet normal -0.868977 0.494852 0
    outer loop
      vertex 61.5661 39.0684 0
      vertex 64.1009 43.5196 0.3
      vertex 64.1009 43.5196 0
    endloop
  endfacet
  facet normal -0.868977 0.494852 0
    outer loop
      vertex 64.1009 43.5196 0.3
      vertex 61.5661 39.0684 0
      vertex 61.5661 39.0684 0.3
    endloop
  endfacet
  facet normal 0 1 -0
    outer loop
      vertex 61.5661 39.0684 0
      vertex 60.1949 39.0684 0.3
      vertex 61.5661 39.0684 0.3
    endloop
  endfacet
  facet normal 0 1 0
    outer loop
      vertex 60.1949 39.0684 0.3
      vertex 61.5661 39.0684 0
      vertex 60.1949 39.0684 0
    endloop
  endfacet
  facet normal 1 -0 0
    outer loop
      vertex 60.1949 39.0684 0.3
      vertex 60.1949 44.8012 0
      vertex 60.1949 44.8012 0.3
    endloop
  endfacet
  facet normal 1 0 0
    outer loop
      vertex 60.1949 44.8012 0
      vertex 60.1949 39.0684 0.3
      vertex 60.1949 39.0684 0
    endloop
  endfacet
  facet normal 0 -1 0
    outer loop
      vertex 60.1949 44.8012 0
      vertex 61.2609 44.8012 0.3
      vertex 60.1949 44.8012 0.3
    endloop
  endfacet
  facet normal 0 -1 -0
    outer loop
      vertex 61.2609 44.8012 0.3
      vertex 60.1949 44.8012 0
      vertex 61.2609 44.8012 0
    endloop
  endfacet
  facet normal -1 0 0
    outer loop
      vertex 61.2609 41.4201 0
      vertex 61.2609 44.8012 0.3
      vertex 61.2609 44.8012 0
    endloop
  endfacet
  facet normal -1 -0 0
    outer loop
      vertex 61.2609 44.8012 0.3
      vertex 61.2609 41.4201 0
      vertex 61.2609 41.4201 0.3
    endloop
  endfacet
  facet normal 0 -1 0
    outer loop
      vertex 67.2722 42.6977 0
      vertex 70.2057 42.6977 0.3
      vertex 67.2722 42.6977 0.3
    endloop
  endfacet
  facet normal 0 -1 -0
    outer loop
      vertex 70.2057 42.6977 0.3
      vertex 67.2722 42.6977 0
      vertex 70.2057 42.6977 0
    endloop
  endfacet
  facet normal -1 0 0
    outer loop
      vertex 70.2057 41.7701 0
      vertex 70.2057 42.6977 0.3
      vertex 70.2057 42.6977 0
    endloop
  endfacet
  facet normal -1 -0 0
    outer loop
      vertex 70.2057 42.6977 0.3
      vertex 70.2057 41.7701 0
      vertex 70.2057 41.7701 0.3
    endloop
  endfacet
  facet normal 0 1 -0
    outer loop
      vertex 70.2057 41.7701 0
      vertex 67.2722 41.7701 0.3
      vertex 70.2057 41.7701 0.3
    endloop
  endfacet
  facet normal 0 1 0
    outer loop
      vertex 67.2722 41.7701 0.3
      vertex 70.2057 41.7701 0
      vertex 67.2722 41.7701 0
    endloop
  endfacet
  facet normal -1 0 0
    outer loop
      vertex 67.2722 39.996 0
      vertex 67.2722 41.7701 0.3
      vertex 67.2722 41.7701 0
    endloop
  endfacet
  facet normal -1 -0 0
    outer loop
      vertex 67.2722 41.7701 0.3
      vertex 67.2722 39.996 0
      vertex 67.2722 39.996 0.3
    endloop
  endfacet
  facet normal 0 -1 0
    outer loop
      vertex 67.2722 39.996 0
      vertex 70.2994 39.996 0.3
      vertex 67.2722 39.996 0.3
    endloop
  endfacet
  facet normal 0 -1 -0
    outer loop
      vertex 70.2994 39.996 0.3
      vertex 67.2722 39.996 0
      vertex 70.2994 39.996 0
    endloop
  endfacet
  facet normal -1 0 0
    outer loop
      vertex 70.2994 39.0684 0
      vertex 70.2994 39.996 0.3
      vertex 70.2994 39.996 0
    endloop
  endfacet
  facet normal -1 -0 0
    outer loop
      vertex 70.2994 39.996 0.3
      vertex 70.2994 39.0684 0
      vertex 70.2994 39.0684 0.3
    endloop
  endfacet
  facet normal 0 1 -0
    outer loop
      vertex 70.2994 39.0684 0
      vertex 66.0719 39.0684 0.3
      vertex 70.2994 39.0684 0.3
    endloop
  endfacet
  facet normal 0 1 0
    outer loop
      vertex 66.0719 39.0684 0.3
      vertex 70.2994 39.0684 0
      vertex 66.0719 39.0684 0
    endloop
  endfacet
  facet normal 1 -0 0
    outer loop
      vertex 66.0719 39.0684 0.3
      vertex 66.0719 44.8012 0
      vertex 66.0719 44.8012 0.3
    endloop
  endfacet
  facet normal 1 0 0
    outer loop
      vertex 66.0719 44.8012 0
      vertex 66.0719 39.0684 0.3
      vertex 66.0719 39.0684 0
    endloop
  endfacet
  facet normal 0 -1 0
    outer loop
      vertex 66.0719 44.8012 0
      vertex 67.2722 44.8012 0.3
      vertex 66.0719 44.8012 0.3
    endloop
  endfacet
  facet normal 0 -1 -0
    outer loop
      vertex 67.2722 44.8012 0.3
      vertex 66.0719 44.8012 0
      vertex 67.2722 44.8012 0
    endloop
  endfacet
  facet normal -1 0 0
    outer loop
      vertex 67.2722 42.6977 0
      vertex 67.2722 44.8012 0.3
      vertex 67.2722 44.8012 0
    endloop
  endfacet
  facet normal -1 -0 0
    outer loop
      vertex 67.2722 44.8012 0.3
      vertex 67.2722 42.6977 0
      vertex 67.2722 42.6977 0.3
    endloop
  endfacet
  facet normal -1 0 0
    outer loop
      vertex 47.4 64.6 1.6
      vertex 47.4 72.6 2
      vertex 47.4 72.6 1.6
    endloop
  endfacet
  facet normal -1 -0 0
    outer loop
      vertex 47.4 72.6 2
      vertex 47.4 64.6 1.6
      vertex 47.4 64.6 2
    endloop
  endfacet
  facet normal 1 -0 0
    outer loop
      vertex 55.4 71.8 2
      vertex 55.4 72.6 1.6
      vertex 55.4 72.6 2
    endloop
  endfacet
  facet normal 1 0 0
    outer loop
      vertex 55.4 72.6 1.6
      vertex 55.4 71.8 2
      vertex 55.4 71.8 1.6
    endloop
  endfacet
  facet normal 0 -1 0
    outer loop
      vertex 48.2 71.8 1.6
      vertex 55.4 71.8 2
      vertex 48.2 71.8 2
    endloop
  endfacet
  facet normal 0 -1 -0
    outer loop
      vertex 55.4 71.8 2
      vertex 48.2 71.8 1.6
      vertex 55.4 71.8 1.6
    endloop
  endfacet
  facet normal 0 0 1
    outer loop
      vertex 55.4 72.6 2
      vertex 48.2 71.8 2
      vertex 55.4 71.8 2
    endloop
  endfacet
  facet normal -0 0 1
    outer loop
      vertex 47.4 72.6 2
      vertex 48.2 71.8 2
      vertex 55.4 72.6 2
    endloop
  endfacet
  facet normal 0 0 1
    outer loop
      vertex 47.4 64.6 2
      vertex 48.2 71.8 2
      vertex 47.4 72.6 2
    endloop
  endfacet
  facet normal 0 0 1
    outer loop
      vertex 48.2 71.8 2
      vertex 47.4 64.6 2
      vertex 48.2 64.6 2
    endloop
  endfacet
  facet normal 0 1 -0
    outer loop
      vertex 55.4 72.6 1.6
      vertex 47.4 72.6 2
      vertex 55.4 72.6 2
    endloop
  endfacet
  facet normal 0 1 0
    outer loop
      vertex 47.4 72.6 2
      vertex 55.4 72.6 1.6
      vertex 47.4 72.6 1.6
    endloop
  endfacet
  facet normal 1 -0 0
    outer loop
      vertex 48.2 64.6 2
      vertex 48.2 71.8 1.6
      vertex 48.2 71.8 2
    endloop
  endfacet
  facet normal 1 0 0
    outer loop
      vertex 48.2 71.8 1.6
      vertex 48.2 64.6 2
      vertex 48.2 64.6 1.6
    endloop
  endfacet
  facet normal 0 -1 0
    outer loop
      vertex 47.4 64.6 1.6
      vertex 48.2 64.6 2
      vertex 47.4 64.6 2
    endloop
  endfacet
  facet normal 0 -1 -0
    outer loop
      vertex 48.2 64.6 2
      vertex 47.4 64.6 1.6
      vertex 48.2 64.6 1.6
    endloop
  endfacet
  facet normal -1 0 0
    outer loop
      vertex 47.4 11.4 1.6
      vertex 47.4 19.4 2
      vertex 47.4 19.4 1.6
    endloop
  endfacet
  facet normal -1 -0 0
    outer loop
      vertex 47.4 19.4 2
      vertex 47.4 11.4 1.6
      vertex 47.4 11.4 2
    endloop
  endfacet
  facet normal 1 -0 0
    outer loop
      vertex 55.4 11.4 2
      vertex 55.4 12.2 1.6
      vertex 55.4 12.2 2
    endloop
  endfacet
  facet normal 1 0 0
    outer loop
      vertex 55.4 12.2 1.6
      vertex 55.4 11.4 2
      vertex 55.4 11.4 1.6
    endloop
  endfacet
  facet normal 0 -1 0
    outer loop
      vertex 47.4 11.4 1.6
      vertex 55.4 11.4 2
      vertex 47.4 11.4 2
    endloop
  endfacet
  facet normal 0 -1 -0
    outer loop
      vertex 55.4 11.4 2
      vertex 47.4 11.4 1.6
      vertex 55.4 11.4 1.6
    endloop
  endfacet
  facet normal 0 0 1
    outer loop
      vertex 48.2 19.4 2
      vertex 47.4 19.4 2
      vertex 48.2 12.2 2
    endloop
  endfacet
  facet normal -0 0 1
    outer loop
      vertex 48.2 12.2 2
      vertex 55.4 11.4 2
      vertex 55.4 12.2 2
    endloop
  endfacet
  facet normal 0 0 1
    outer loop
      vertex 48.2 12.2 2
      vertex 47.4 11.4 2
      vertex 55.4 11.4 2
    endloop
  endfacet
  facet normal 0 0 1
    outer loop
      vertex 47.4 11.4 2
      vertex 48.2 12.2 2
      vertex 47.4 19.4 2
    endloop
  endfacet
  facet normal 0 1 -0
    outer loop
      vertex 55.4 12.2 1.6
      vertex 48.2 12.2 2
      vertex 55.4 12.2 2
    endloop
  endfacet
  facet normal 0 1 0
    outer loop
      vertex 48.2 12.2 2
      vertex 55.4 12.2 1.6
      vertex 48.2 12.2 1.6
    endloop
  endfacet
  facet normal 1 -0 0
    outer loop
      vertex 48.2 12.2 2
      vertex 48.2 19.4 1.6
      vertex 48.2 19.4 2
    endloop
  endfacet
  facet normal 1 0 0
    outer loop
      vertex 48.2 19.4 1.6
      vertex 48.2 12.2 2
      vertex 48.2 12.2 1.6
    endloop
  endfacet
  facet normal 0 1 -0
    outer loop
      vertex 48.2 19.4 1.6
      vertex 47.4 19.4 2
      vertex 48.2 19.4 2
    endloop
  endfacet
  facet normal 0 1 0
    outer loop
      vertex 47.4 19.4 2
      vertex 48.2 19.4 1.6
      vertex 47.4 19.4 1.6
    endloop
  endfacet
  facet normal -1 0 0
    outer loop
      vertex 80.6 71.8 1.6
      vertex 80.6 72.6 2
      vertex 80.6 72.6 1.6
    endloop
  endfacet
  facet normal -1 -0 0
    outer loop
      vertex 80.6 72.6 2
      vertex 80.6 71.8 1.6
      vertex 80.6 71.8 2
    endloop
  endfacet
  facet normal 1 -0 0
    outer loop
      vertex 88.6 64.6 2
      vertex 88.6 72.6 1.6
      vertex 88.6 72.6 2
    endloop
  endfacet
  facet normal 1 0 0
    outer loop
      vertex 88.6 72.6 1.6
      vertex 88.6 64.6 2
      vertex 88.6 64.6 1.6
    endloop
  endfacet
  facet normal 0 -1 0
    outer loop
      vertex 80.6 71.8 1.6
      vertex 87.8 71.8 2
      vertex 80.6 71.8 2
    endloop
  endfacet
  facet normal 0 -1 -0
    outer loop
      vertex 87.8 71.8 2
      vertex 80.6 71.8 1.6
      vertex 87.8 71.8 1.6
    endloop
  endfacet
  facet normal 0 0 1
    outer loop
      vertex 88.6 72.6 2
      vertex 87.8 71.8 2
      vertex 88.6 64.6 2
    endloop
  endfacet
  facet normal -0 0 1
    outer loop
      vertex 80.6 72.6 2
      vertex 87.8 71.8 2
      vertex 88.6 72.6 2
    endloop
  endfacet
  facet normal 0 0 1
    outer loop
      vertex 87.8 71.8 2
      vertex 80.6 72.6 2
      vertex 80.6 71.8 2
    endloop
  endfacet
  facet normal 0 0 1
    outer loop
      vertex 88.6 64.6 2
      vertex 87.8 71.8 2
      vertex 87.8 64.6 2
    endloop
  endfacet
  facet normal 0 1 -0
    outer loop
      vertex 88.6 72.6 1.6
      vertex 80.6 72.6 2
      vertex 88.6 72.6 2
    endloop
  endfacet
  facet normal 0 1 0
    outer loop
      vertex 80.6 72.6 2
      vertex 88.6 72.6 1.6
      vertex 80.6 72.6 1.6
    endloop
  endfacet
  facet normal -1 0 0
    outer loop
      vertex 87.8 64.6 1.6
      vertex 87.8 71.8 2
      vertex 87.8 71.8 1.6
    endloop
  endfacet
  facet normal -1 -0 0
    outer loop
      vertex 87.8 71.8 2
      vertex 87.8 64.6 1.6
      vertex 87.8 64.6 2
    endloop
  endfacet
  facet normal 0 -1 0
    outer loop
      vertex 87.8 64.6 1.6
      vertex 88.6 64.6 2
      vertex 87.8 64.6 2
    endloop
  endfacet
  facet normal 0 -1 -0
    outer loop
      vertex 88.6 64.6 2
      vertex 87.8 64.6 1.6
      vertex 88.6 64.6 1.6
    endloop
  endfacet
  facet normal -1 0 0
    outer loop
      vertex 80.6 11.4 1.6
      vertex 80.6 12.2 2
      vertex 80.6 12.2 1.6
    endloop
  endfacet
  facet normal -1 -0 0
    outer loop
      vertex 80.6 12.2 2
      vertex 80.6 11.4 1.6
      vertex 80.6 11.4 2
    endloop
  endfacet
  facet normal 1 -0 0
    outer loop
      vertex 88.6 11.4 2
      vertex 88.6 19.4 1.6
      vertex 88.6 19.4 2
    endloop
  endfacet
  facet normal 1 0 0
    outer loop
      vertex 88.6 19.4 1.6
      vertex 88.6 11.4 2
      vertex 88.6 11.4 1.6
    endloop
  endfacet
  facet normal 0 -1 0
    outer loop
      vertex 80.6 11.4 1.6
      vertex 88.6 11.4 2
      vertex 80.6 11.4 2
    endloop
  endfacet
  facet normal 0 -1 -0
    outer loop
      vertex 88.6 11.4 2
      vertex 80.6 11.4 1.6
      vertex 88.6 11.4 1.6
    endloop
  endfacet
  facet normal 0 0 1
    outer loop
      vertex 87.8 12.2 2
      vertex 88.6 19.4 2
      vertex 87.8 19.4 2
    endloop
  endfacet
  facet normal 0 0 1
    outer loop
      vertex 88.6 19.4 2
      vertex 87.8 12.2 2
      vertex 88.6 11.4 2
    endloop
  endfacet
  facet normal 0 0 1
    outer loop
      vertex 80.6 11.4 2
      vertex 87.8 12.2 2
      vertex 80.6 12.2 2
    endloop
  endfacet
  facet normal 0 0 1
    outer loop
      vertex 87.8 12.2 2
      vertex 80.6 11.4 2
      vertex 88.6 11.4 2
    endloop
  endfacet
  facet normal 0 1 -0
    outer loop
      vertex 87.8 12.2 1.6
      vertex 80.6 12.2 2
      vertex 87.8 12.2 2
    endloop
  endfacet
  facet normal 0 1 0
    outer loop
      vertex 80.6 12.2 2
      vertex 87.8 12.2 1.6
      vertex 80.6 12.2 1.6
    endloop
  endfacet
  facet normal -1 0 0
    outer loop
      vertex 87.8 12.2 1.6
      vertex 87.8 19.4 2
      vertex 87.8 19.4 1.6
    endloop
  endfacet
  facet normal -1 -0 0
    outer loop
      vertex 87.8 19.4 2
      vertex 87.8 12.2 1.6
      vertex 87.8 12.2 2
    endloop
  endfacet
  facet normal 0 1 -0
    outer loop
      vertex 88.6 19.4 1.6
      vertex 87.8 19.4 2
      vertex 88.6 19.4 2
    endloop
  endfacet
  facet normal 0 1 0
    outer loop
      vertex 87.8 19.4 2
      vertex 88.6 19.4 1.6
      vertex 87.8 19.4 1.6
    endloop
  endfacet
endsolid OpenSCAD_Model
