solid OpenSCAD_Model
  facet normal 0.321493 -0.946912 0
    outer loop
      vertex 93.0353 0.136292 0
      vertex 93.5307 0.304489 4.4
      vertex 93.0353 0.136292 4.4
    endloop
  endfacet
  facet normal 0.321493 -0.946912 0
    outer loop
      vertex 93.5307 0.304489 4.4
      vertex 93.0353 0.136292 0
      vertex 93.5307 0.304489 0
    endloop
  endfacet
  facet normal 0.195062 -0.980791 0
    outer loop
      vertex 92.5221 0.0342255 0
      vertex 93.0353 0.136292 4.4
      vertex 92.5221 0.0342255 4.4
    endloop
  endfacet
  facet normal 0.195062 -0.980791 0
    outer loop
      vertex 93.0353 0.136292 4.4
      vertex 92.5221 0.0342255 0
      vertex 93.0353 0.136292 0
    endloop
  endfacet
  facet normal -1 0 0
    outer loop
      vertex 0 4 0
      vertex 0 78 4.4
      vertex 0 78 0
    endloop
  endfacet
  facet normal -1 -0 0
    outer loop
      vertex 0 78 4.4
      vertex 0 4 0
      vertex 0 4 4.4
    endloop
  endfacet
  facet normal 0.0654131 -0.997858 0
    outer loop
      vertex 92 0 0
      vertex 92.5221 0.0342255 4.4
      vertex 92 0 4.4
    endloop
  endfacet
  facet normal 0.0654131 -0.997858 0
    outer loop
      vertex 92.5221 0.0342255 4.4
      vertex 92 0 0
      vertex 92.5221 0.0342255 0
    endloop
  endfacet
  facet normal 0.659343 0.751842 -0
    outer loop
      vertex 94.8284 80.8284 0
      vertex 94.435 81.1734 4.4
      vertex 94.8284 80.8284 4.4
    endloop
  endfacet
  facet normal 0.659343 0.751842 0
    outer loop
      vertex 94.435 81.1734 4.4
      vertex 94.8284 80.8284 0
      vertex 94.435 81.1734 0
    endloop
  endfacet
  facet normal 0 -1 0
    outer loop
      vertex 4 0 0
      vertex 10.35 0 4.4
      vertex 4 0 4.4
    endloop
  endfacet
  facet normal 0 -1 -0
    outer loop
      vertex 10.35 0 4.4
      vertex 4 0 0
      vertex 37.65 0 4.4
    endloop
  endfacet
  facet normal 0 -1 0
    outer loop
      vertex 92 0 0
      vertex 37.65 0 4.4
      vertex 4 0 0
    endloop
  endfacet
  facet normal 0 -1 0
    outer loop
      vertex 37.65 0 4.4
      vertex 92 0 0
      vertex 92 0 4.4
    endloop
  endfacet
  facet normal 0 -1 0
    outer loop
      vertex 10.35 0 4.4
      vertex 37.65 0 14
      vertex 10.35 0 14
    endloop
  endfacet
  facet normal 0 -1 -0
    outer loop
      vertex 37.65 0 14
      vertex 10.35 0 4.4
      vertex 37.65 0 4.4
    endloop
  endfacet
  facet normal -0.0653634 0.997862 0
    outer loop
      vertex 4 82 0
      vertex 3.47789 81.9658 4.4
      vertex 4 82 4.4
    endloop
  endfacet
  facet normal -0.0653634 0.997862 0
    outer loop
      vertex 3.47789 81.9658 4.4
      vertex 4 82 0
      vertex 3.47789 81.9658 0
    endloop
  endfacet
  facet normal 1 -0 0
    outer loop
      vertex 96 4 4.4
      vertex 96 78 0
      vertex 96 78 4.4
    endloop
  endfacet
  facet normal 1 0 0
    outer loop
      vertex 96 78 0
      vertex 96 4 4.4
      vertex 96 4 0
    endloop
  endfacet
  facet normal 0 0 1
    outer loop
      vertex 93.6 78 4.4
      vertex 96 78 4.4
      vertex 95.9658 78.5221 4.4
    endloop
  endfacet
  facet normal 0 0 1
    outer loop
      vertex 96 78 4.4
      vertex 93.6 78 4.4
      vertex 96 4 4.4
    endloop
  endfacet
  facet normal 0 0 1
    outer loop
      vertex 93.5863 78.2088 4.4
      vertex 95.9658 78.5221 4.4
      vertex 95.8637 79.0353 4.4
    endloop
  endfacet
  facet normal 0 0 1
    outer loop
      vertex 93.6 3.99999 4.4
      vertex 96 4 4.4
      vertex 93.6 78 4.4
    endloop
  endfacet
  facet normal 0 0 1
    outer loop
      vertex 93.5455 78.4141 4.4
      vertex 95.8637 79.0353 4.4
      vertex 95.6955 79.5307 4.4
    endloop
  endfacet
  facet normal 0 0 1
    outer loop
      vertex 96 4 4.4
      vertex 93.6 3.99999 4.4
      vertex 95.9658 3.47789 4.4
    endloop
  endfacet
  facet normal 0 0 1
    outer loop
      vertex 93.4782 78.6123 4.4
      vertex 95.6955 79.5307 4.4
      vertex 95.4641 80 4.4
    endloop
  endfacet
  facet normal -0 0 1
    outer loop
      vertex 93.5863 3.79114 4.4
      vertex 95.9658 3.47789 4.4
      vertex 93.6 3.99999 4.4
    endloop
  endfacet
  facet normal 0 0 1
    outer loop
      vertex 93.3856 78.8 4.4
      vertex 95.4641 80 4.4
      vertex 95.1734 80.435 4.4
    endloop
  endfacet
  facet normal 0 0 1
    outer loop
      vertex 95.9658 3.47789 4.4
      vertex 93.5863 3.79114 4.4
      vertex 95.8637 2.96472 4.4
    endloop
  endfacet
  facet normal 0 0 1
    outer loop
      vertex 93.2694 78.974 4.4
      vertex 95.1734 80.435 4.4
      vertex 94.8284 80.8284 4.4
    endloop
  endfacet
  facet normal -0 0 1
    outer loop
      vertex 93.5455 3.58588 4.4
      vertex 95.8637 2.96472 4.4
      vertex 93.5863 3.79114 4.4
    endloop
  endfacet
  facet normal 0 0 1
    outer loop
      vertex 93.1314 79.1314 4.4
      vertex 94.8284 80.8284 4.4
      vertex 94.435 81.1734 4.4
    endloop
  endfacet
  facet normal 0 0 1
    outer loop
      vertex 95.8637 2.96472 4.4
      vertex 93.5455 3.58588 4.4
      vertex 95.6955 2.46927 4.4
    endloop
  endfacet
  facet normal 0 0 1
    outer loop
      vertex 92.974 79.2694 4.4
      vertex 94.435 81.1734 4.4
      vertex 94 81.4641 4.4
    endloop
  endfacet
  facet normal -0 0 1
    outer loop
      vertex 93.4782 3.3877 4.4
      vertex 95.6955 2.46927 4.4
      vertex 93.5455 3.58588 4.4
    endloop
  endfacet
  facet normal 0 0 1
    outer loop
      vertex 95.6955 2.46927 4.4
      vertex 93.4782 3.3877 4.4
      vertex 95.4641 2 4.4
    endloop
  endfacet
  facet normal 0 0 1
    outer loop
      vertex 95.9658 78.5221 4.4
      vertex 93.5863 78.2088 4.4
      vertex 93.6 78 4.4
    endloop
  endfacet
  facet normal 0 0 1
    outer loop
      vertex 95.8637 79.0353 4.4
      vertex 93.5455 78.4141 4.4
      vertex 93.5863 78.2088 4.4
    endloop
  endfacet
  facet normal 0 0 1
    outer loop
      vertex 92.8 79.3856 4.4
      vertex 94 81.4641 4.4
      vertex 93.5307 81.6955 4.4
    endloop
  endfacet
  facet normal 0 0 1
    outer loop
      vertex 95.6955 79.5307 4.4
      vertex 93.4782 78.6123 4.4
      vertex 93.5455 78.4141 4.4
    endloop
  endfacet
  facet normal 0 0 1
    outer loop
      vertex 95.4641 80 4.4
      vertex 93.3856 78.8 4.4
      vertex 93.4782 78.6123 4.4
    endloop
  endfacet
  facet normal 0 0 1
    outer loop
      vertex 95.1734 80.435 4.4
      vertex 93.2694 78.974 4.4
      vertex 93.3856 78.8 4.4
    endloop
  endfacet
  facet normal 0 0 1
    outer loop
      vertex 94.8284 80.8284 4.4
      vertex 93.1314 79.1314 4.4
      vertex 93.2694 78.974 4.4
    endloop
  endfacet
  facet normal 0 0 1
    outer loop
      vertex 92.6123 79.4782 4.4
      vertex 93.5307 81.6955 4.4
      vertex 93.0353 81.8637 4.4
    endloop
  endfacet
  facet normal 0 0 1
    outer loop
      vertex 94.435 81.1734 4.4
      vertex 92.974 79.2694 4.4
      vertex 93.1314 79.1314 4.4
    endloop
  endfacet
  facet normal 0 0 1
    outer loop
      vertex 94 81.4641 4.4
      vertex 92.8 79.3856 4.4
      vertex 92.974 79.2694 4.4
    endloop
  endfacet
  facet normal 0 0 1
    outer loop
      vertex 93.5307 81.6955 4.4
      vertex 92.6123 79.4782 4.4
      vertex 92.8 79.3856 4.4
    endloop
  endfacet
  facet normal 0 0 1
    outer loop
      vertex 92.4141 79.5455 4.4
      vertex 93.0353 81.8637 4.4
      vertex 92.5221 81.9658 4.4
    endloop
  endfacet
  facet normal 0 0 1
    outer loop
      vertex 93.0353 81.8637 4.4
      vertex 92.4141 79.5455 4.4
      vertex 92.6123 79.4782 4.4
    endloop
  endfacet
  facet normal 0 0 1
    outer loop
      vertex 92.5221 81.9658 4.4
      vertex 92.2088 79.5863 4.4
      vertex 92.4141 79.5455 4.4
    endloop
  endfacet
  facet normal 0 0 1
    outer loop
      vertex 92 82 4.4
      vertex 92.2088 79.5863 4.4
      vertex 92.5221 81.9658 4.4
    endloop
  endfacet
  facet normal 0 0 1
    outer loop
      vertex 92 82 4.4
      vertex 92 79.6 4.4
      vertex 92.2088 79.5863 4.4
    endloop
  endfacet
  facet normal -0 0 1
    outer loop
      vertex 4 82 4.4
      vertex 92 79.6 4.4
      vertex 92 82 4.4
    endloop
  endfacet
  facet normal 0 0 1
    outer loop
      vertex 4 82 4.4
      vertex 3.99999 79.6 4.4
      vertex 92 79.6 4.4
    endloop
  endfacet
  facet normal 0 0 1
    outer loop
      vertex 4 82 4.4
      vertex 3.79114 79.5863 4.4
      vertex 3.99999 79.6 4.4
    endloop
  endfacet
  facet normal -0 0 1
    outer loop
      vertex 3.47789 81.9658 4.4
      vertex 3.79114 79.5863 4.4
      vertex 4 82 4.4
    endloop
  endfacet
  facet normal 0 0 1
    outer loop
      vertex 3.79114 79.5863 4.4
      vertex 3.47789 81.9658 4.4
      vertex 3.58588 79.5455 4.4
    endloop
  endfacet
  facet normal -0 0 1
    outer loop
      vertex 2.96472 81.8637 4.4
      vertex 3.58588 79.5455 4.4
      vertex 3.47789 81.9658 4.4
    endloop
  endfacet
  facet normal 0 0 1
    outer loop
      vertex 3.58588 79.5455 4.4
      vertex 2.96472 81.8637 4.4
      vertex 3.3877 79.4782 4.4
    endloop
  endfacet
  facet normal -0 0 1
    outer loop
      vertex 2.46927 81.6955 4.4
      vertex 3.3877 79.4782 4.4
      vertex 2.96472 81.8637 4.4
    endloop
  endfacet
  facet normal 0 0 1
    outer loop
      vertex 3.3877 79.4782 4.4
      vertex 2.46927 81.6955 4.4
      vertex 3.19999 79.3856 4.4
    endloop
  endfacet
  facet normal -0 0 1
    outer loop
      vertex 2 81.4641 4.4
      vertex 3.19999 79.3856 4.4
      vertex 2.46927 81.6955 4.4
    endloop
  endfacet
  facet normal 0 0 1
    outer loop
      vertex 3.19999 79.3856 4.4
      vertex 2 81.4641 4.4
      vertex 3.02598 79.2694 4.4
    endloop
  endfacet
  facet normal -0 0 1
    outer loop
      vertex 1.56496 81.1734 4.4
      vertex 3.02598 79.2694 4.4
      vertex 2 81.4641 4.4
    endloop
  endfacet
  facet normal 0 0 1
    outer loop
      vertex 3.02598 79.2694 4.4
      vertex 1.56496 81.1734 4.4
      vertex 2.86861 79.1314 4.4
    endloop
  endfacet
  facet normal -0 0 1
    outer loop
      vertex 1.17157 80.8284 4.4
      vertex 2.86861 79.1314 4.4
      vertex 1.56496 81.1734 4.4
    endloop
  endfacet
  facet normal 0 0 1
    outer loop
      vertex 2.86861 79.1314 4.4
      vertex 1.17157 80.8284 4.4
      vertex 2.73063 78.974 4.4
    endloop
  endfacet
  facet normal -0 0 1
    outer loop
      vertex 0.826584 80.435 4.4
      vertex 2.73063 78.974 4.4
      vertex 1.17157 80.8284 4.4
    endloop
  endfacet
  facet normal 0 0 1
    outer loop
      vertex 2.73063 78.974 4.4
      vertex 0.826584 80.435 4.4
      vertex 2.61436 78.8 4.4
    endloop
  endfacet
  facet normal 0 0 1
    outer loop
      vertex 2.61436 78.8 4.4
      vertex 0.535904 80 4.4
      vertex 2.52178 78.6123 4.4
    endloop
  endfacet
  facet normal -0 0 1
    outer loop
      vertex 0.535904 80 4.4
      vertex 2.61436 78.8 4.4
      vertex 0.826584 80.435 4.4
    endloop
  endfacet
  facet normal -0 0 1
    outer loop
      vertex 93.3856 3.19999 4.4
      vertex 95.4641 2 4.4
      vertex 93.4782 3.3877 4.4
    endloop
  endfacet
  facet normal 0 0 1
    outer loop
      vertex 95.4641 2 4.4
      vertex 93.3856 3.19999 4.4
      vertex 95.1734 1.56496 4.4
    endloop
  endfacet
  facet normal -0 0 1
    outer loop
      vertex 93.2694 3.02598 4.4
      vertex 95.1734 1.56496 4.4
      vertex 93.3856 3.19999 4.4
    endloop
  endfacet
  facet normal 0 0 1
    outer loop
      vertex 95.1734 1.56496 4.4
      vertex 93.2694 3.02598 4.4
      vertex 94.8284 1.17157 4.4
    endloop
  endfacet
  facet normal -0 0 1
    outer loop
      vertex 93.1314 2.86861 4.4
      vertex 94.8284 1.17157 4.4
      vertex 93.2694 3.02598 4.4
    endloop
  endfacet
  facet normal 0 0 1
    outer loop
      vertex 94.8284 1.17157 4.4
      vertex 93.1314 2.86861 4.4
      vertex 94.435 0.826584 4.4
    endloop
  endfacet
  facet normal -0 0 1
    outer loop
      vertex 92.974 2.73063 4.4
      vertex 94.435 0.826584 4.4
      vertex 93.1314 2.86861 4.4
    endloop
  endfacet
  facet normal 0 0 1
    outer loop
      vertex 94.435 0.826584 4.4
      vertex 92.974 2.73063 4.4
      vertex 94 0.535904 4.4
    endloop
  endfacet
  facet normal -0 0 1
    outer loop
      vertex 92.8 2.61436 4.4
      vertex 94 0.535904 4.4
      vertex 92.974 2.73063 4.4
    endloop
  endfacet
  facet normal 0 0 1
    outer loop
      vertex 94 0.535904 4.4
      vertex 92.8 2.61436 4.4
      vertex 93.5307 0.304489 4.4
    endloop
  endfacet
  facet normal -0 0 1
    outer loop
      vertex 92.6123 2.52178 4.4
      vertex 93.5307 0.304489 4.4
      vertex 92.8 2.61436 4.4
    endloop
  endfacet
  facet normal 0 0 1
    outer loop
      vertex 93.5307 0.304489 4.4
      vertex 92.6123 2.52178 4.4
      vertex 93.0353 0.136292 4.4
    endloop
  endfacet
  facet normal -0 0 1
    outer loop
      vertex 92.4141 2.4545 4.4
      vertex 93.0353 0.136292 4.4
      vertex 92.6123 2.52178 4.4
    endloop
  endfacet
  facet normal 0 0 1
    outer loop
      vertex 93.0353 0.136292 4.4
      vertex 92.4141 2.4545 4.4
      vertex 92.5221 0.0342255 4.4
    endloop
  endfacet
  facet normal -0 0 1
    outer loop
      vertex 92.2088 2.41367 4.4
      vertex 92.5221 0.0342255 4.4
      vertex 92.4141 2.4545 4.4
    endloop
  endfacet
  facet normal 0 0 1
    outer loop
      vertex 92.2088 2.41367 4.4
      vertex 92 0 4.4
      vertex 92.5221 0.0342255 4.4
    endloop
  endfacet
  facet normal -0 0 1
    outer loop
      vertex 92 2.39998 4.4
      vertex 92 0 4.4
      vertex 92.2088 2.41367 4.4
    endloop
  endfacet
  facet normal -0 0 1
    outer loop
      vertex 37.65 2.39998 4.4
      vertex 92 0 4.4
      vertex 92 2.39998 4.4
    endloop
  endfacet
  facet normal 0 0 1
    outer loop
      vertex 92 0 4.4
      vertex 37.65 2.39998 4.4
      vertex 37.65 0 4.4
    endloop
  endfacet
  facet normal 0 0 1
    outer loop
      vertex 10.35 2.39998 4.4
      vertex 4 0 4.4
      vertex 10.35 0 4.4
    endloop
  endfacet
  facet normal -0 0 1
    outer loop
      vertex 3.99999 2.39998 4.4
      vertex 4 0 4.4
      vertex 10.35 2.39998 4.4
    endloop
  endfacet
  facet normal 0 0 1
    outer loop
      vertex 3.79114 2.41367 4.4
      vertex 4 0 4.4
      vertex 3.99999 2.39998 4.4
    endloop
  endfacet
  facet normal 0 0 1
    outer loop
      vertex 3.47789 0.0342255 4.4
      vertex 3.79114 2.41367 4.4
      vertex 3.58588 2.4545 4.4
    endloop
  endfacet
  facet normal 0 0 1
    outer loop
      vertex 3.79114 2.41367 4.4
      vertex 3.47789 0.0342255 4.4
      vertex 4 0 4.4
    endloop
  endfacet
  facet normal 0 0 1
    outer loop
      vertex 2.96472 0.136292 4.4
      vertex 3.58588 2.4545 4.4
      vertex 3.3877 2.52178 4.4
    endloop
  endfacet
  facet normal 0 0 1
    outer loop
      vertex 2.46927 0.304489 4.4
      vertex 3.3877 2.52178 4.4
      vertex 3.19999 2.61436 4.4
    endloop
  endfacet
  facet normal 0 0 1
    outer loop
      vertex 2 0.535904 4.4
      vertex 3.19999 2.61436 4.4
      vertex 3.02598 2.73063 4.4
    endloop
  endfacet
  facet normal 0 0 1
    outer loop
      vertex 3.58588 2.4545 4.4
      vertex 2.96472 0.136292 4.4
      vertex 3.47789 0.0342255 4.4
    endloop
  endfacet
  facet normal 0 0 1
    outer loop
      vertex 1.56496 0.826584 4.4
      vertex 3.02598 2.73063 4.4
      vertex 2.86861 2.86861 4.4
    endloop
  endfacet
  facet normal 0 0 1
    outer loop
      vertex 1.17157 1.17157 4.4
      vertex 2.86861 2.86861 4.4
      vertex 2.73063 3.02598 4.4
    endloop
  endfacet
  facet normal 0 0 1
    outer loop
      vertex 0.826584 1.56496 4.4
      vertex 2.73063 3.02598 4.4
      vertex 2.61436 3.19999 4.4
    endloop
  endfacet
  facet normal 0 0 1
    outer loop
      vertex 0.535904 2 4.4
      vertex 2.61436 3.19999 4.4
      vertex 2.52178 3.3877 4.4
    endloop
  endfacet
  facet normal 0 0 1
    outer loop
      vertex 3.3877 2.52178 4.4
      vertex 2.46927 0.304489 4.4
      vertex 2.96472 0.136292 4.4
    endloop
  endfacet
  facet normal 0 0 1
    outer loop
      vertex 0.304489 2.46927 4.4
      vertex 2.52178 3.3877 4.4
      vertex 2.4545 3.58588 4.4
    endloop
  endfacet
  facet normal 0 0 1
    outer loop
      vertex 0.136292 2.96472 4.4
      vertex 2.4545 3.58588 4.4
      vertex 2.41367 3.79114 4.4
    endloop
  endfacet
  facet normal 0 0 1
    outer loop
      vertex 0.0342255 3.47789 4.4
      vertex 2.41367 3.79114 4.4
      vertex 2.39998 3.99999 4.4
    endloop
  endfacet
  facet normal 0 0 1
    outer loop
      vertex 3.19999 2.61436 4.4
      vertex 2 0.535904 4.4
      vertex 2.46927 0.304489 4.4
    endloop
  endfacet
  facet normal 0 0 1
    outer loop
      vertex 2.39998 78 4.4
      vertex 0 78 4.4
      vertex 2.39998 3.99999 4.4
    endloop
  endfacet
  facet normal -0 0 1
    outer loop
      vertex 0.304489 79.5307 4.4
      vertex 2.52178 78.6123 4.4
      vertex 0.535904 80 4.4
    endloop
  endfacet
  facet normal -0 0 1
    outer loop
      vertex 0 4 4.4
      vertex 2.39998 3.99999 4.4
      vertex 0 78 4.4
    endloop
  endfacet
  facet normal 0 0 1
    outer loop
      vertex 2.52178 78.6123 4.4
      vertex 0.304489 79.5307 4.4
      vertex 2.4545 78.4141 4.4
    endloop
  endfacet
  facet normal 0 -0 1
    outer loop
      vertex 0.0342255 3.47789 4.4
      vertex 2.39998 3.99999 4.4
      vertex 0 4 4.4
    endloop
  endfacet
  facet normal -0 0 1
    outer loop
      vertex 0.136292 79.0353 4.4
      vertex 2.4545 78.4141 4.4
      vertex 0.304489 79.5307 4.4
    endloop
  endfacet
  facet normal 0 0 1
    outer loop
      vertex 3.02598 2.73063 4.4
      vertex 1.56496 0.826584 4.4
      vertex 2 0.535904 4.4
    endloop
  endfacet
  facet normal 0 0 1
    outer loop
      vertex 2.4545 78.4141 4.4
      vertex 0.136292 79.0353 4.4
      vertex 2.41367 78.2088 4.4
    endloop
  endfacet
  facet normal 0 0 1
    outer loop
      vertex 2.86861 2.86861 4.4
      vertex 1.17157 1.17157 4.4
      vertex 1.56496 0.826584 4.4
    endloop
  endfacet
  facet normal -0 0 1
    outer loop
      vertex 0.0342255 78.5221 4.4
      vertex 2.41367 78.2088 4.4
      vertex 0.136292 79.0353 4.4
    endloop
  endfacet
  facet normal 0 0 1
    outer loop
      vertex 2.73063 3.02598 4.4
      vertex 0.826584 1.56496 4.4
      vertex 1.17157 1.17157 4.4
    endloop
  endfacet
  facet normal 0 0 1
    outer loop
      vertex 2.41367 78.2088 4.4
      vertex 0.0342255 78.5221 4.4
      vertex 2.39998 78 4.4
    endloop
  endfacet
  facet normal 0 0 1
    outer loop
      vertex 2.61436 3.19999 4.4
      vertex 0.535904 2 4.4
      vertex 0.826584 1.56496 4.4
    endloop
  endfacet
  facet normal 0 0 1
    outer loop
      vertex 2.39998 78 4.4
      vertex 0.0342255 78.5221 4.4
      vertex 0 78 4.4
    endloop
  endfacet
  facet normal 0 0 1
    outer loop
      vertex 2.52178 3.3877 4.4
      vertex 0.304489 2.46927 4.4
      vertex 0.535904 2 4.4
    endloop
  endfacet
  facet normal 0 0 1
    outer loop
      vertex 2.4545 3.58588 4.4
      vertex 0.136292 2.96472 4.4
      vertex 0.304489 2.46927 4.4
    endloop
  endfacet
  facet normal 0 0 1
    outer loop
      vertex 2.41367 3.79114 4.4
      vertex 0.0342255 3.47789 4.4
      vertex 0.136292 2.96472 4.4
    endloop
  endfacet
  facet normal -0.659337 -0.751847 0
    outer loop
      vertex 1.17157 1.17157 0
      vertex 1.56496 0.826584 4.4
      vertex 1.17157 1.17157 4.4
    endloop
  endfacet
  facet normal -0.659337 -0.751847 -0
    outer loop
      vertex 1.56496 0.826584 4.4
      vertex 1.17157 1.17157 0
      vertex 1.56496 0.826584 0
    endloop
  endfacet
  facet normal -0.321464 -0.946922 0
    outer loop
      vertex 2.46927 0.304489 0
      vertex 2.96472 0.136292 4.4
      vertex 2.46927 0.304489 4.4
    endloop
  endfacet
  facet normal -0.321464 -0.946922 -0
    outer loop
      vertex 2.96472 0.136292 4.4
      vertex 2.46927 0.304489 0
      vertex 2.96472 0.136292 0
    endloop
  endfacet
  facet normal -0.195135 0.980776 0
    outer loop
      vertex 3.47789 81.9658 0
      vertex 2.96472 81.8637 4.4
      vertex 3.47789 81.9658 4.4
    endloop
  endfacet
  facet normal -0.195135 0.980776 0
    outer loop
      vertex 2.96472 81.8637 4.4
      vertex 3.47789 81.9658 0
      vertex 2.96472 81.8637 0
    endloop
  endfacet
  facet normal 0.442238 0.896898 -0
    outer loop
      vertex 94 81.4641 0
      vertex 93.5307 81.6955 4.4
      vertex 94 81.4641 4.4
    endloop
  endfacet
  facet normal 0.442238 0.896898 0
    outer loop
      vertex 93.5307 81.6955 4.4
      vertex 94 81.4641 0
      vertex 93.5307 81.6955 0
    endloop
  endfacet
  facet normal 0.321498 0.94691 -0
    outer loop
      vertex 93.5307 81.6955 0
      vertex 93.0353 81.8637 4.4
      vertex 93.5307 81.6955 4.4
    endloop
  endfacet
  facet normal 0.321498 0.94691 0
    outer loop
      vertex 93.0353 81.8637 4.4
      vertex 93.5307 81.6955 0
      vertex 93.0353 81.8637 0
    endloop
  endfacet
  facet normal 0 1 -0
    outer loop
      vertex 92 82 0
      vertex 4 82 4.4
      vertex 92 82 4.4
    endloop
  endfacet
  facet normal 0 1 0
    outer loop
      vertex 4 82 4.4
      vertex 92 82 0
      vertex 4 82 0
    endloop
  endfacet
  facet normal -0.659353 0.751834 0
    outer loop
      vertex 1.56496 81.1734 0
      vertex 1.17157 80.8284 4.4
      vertex 1.56496 81.1734 4.4
    endloop
  endfacet
  facet normal -0.659353 0.751834 0
    outer loop
      vertex 1.17157 80.8284 4.4
      vertex 1.56496 81.1734 0
      vertex 1.17157 80.8284 0
    endloop
  endfacet
  facet normal -0.997858 0.0654131 0
    outer loop
      vertex 0 78 0
      vertex 0.0342255 78.5221 4.4
      vertex 0.0342255 78.5221 0
    endloop
  endfacet
  facet normal -0.997858 0.0654131 0
    outer loop
      vertex 0.0342255 78.5221 4.4
      vertex 0 78 0
      vertex 0 78 4.4
    endloop
  endfacet
  facet normal 0 0 -1
    outer loop
      vertex 92 0 0
      vertex 96 4 0
      vertex 95.9658 3.47789 0
    endloop
  endfacet
  facet normal -0 0 -1
    outer loop
      vertex 96 4 0
      vertex 92 0 0
      vertex 96 78 0
    endloop
  endfacet
  facet normal 0 0 -1
    outer loop
      vertex 92 0 0
      vertex 95.9658 3.47789 0
      vertex 95.8637 2.96472 0
    endloop
  endfacet
  facet normal 0 0 -1
    outer loop
      vertex 92 82 0
      vertex 96 78 0
      vertex 92 0 0
    endloop
  endfacet
  facet normal 0 0 -1
    outer loop
      vertex 92 0 0
      vertex 95.8637 2.96472 0
      vertex 95.6955 2.46927 0
    endloop
  endfacet
  facet normal 0 0 -1
    outer loop
      vertex 96 78 0
      vertex 92 82 0
      vertex 95.9658 78.5221 0
    endloop
  endfacet
  facet normal 0 0 -1
    outer loop
      vertex 92 0 0
      vertex 95.6955 2.46927 0
      vertex 95.4641 2 0
    endloop
  endfacet
  facet normal 0 0 -1
    outer loop
      vertex 95.9658 78.5221 0
      vertex 92 82 0
      vertex 95.8637 79.0353 0
    endloop
  endfacet
  facet normal 0 0 -1
    outer loop
      vertex 92 0 0
      vertex 95.4641 2 0
      vertex 95.1734 1.56496 0
    endloop
  endfacet
  facet normal 0 0 -1
    outer loop
      vertex 95.8637 79.0353 0
      vertex 92 82 0
      vertex 95.6955 79.5307 0
    endloop
  endfacet
  facet normal 0 0 -1
    outer loop
      vertex 92 0 0
      vertex 95.1734 1.56496 0
      vertex 94.8284 1.17157 0
    endloop
  endfacet
  facet normal 0 0 -1
    outer loop
      vertex 95.6955 79.5307 0
      vertex 92 82 0
      vertex 95.4641 80 0
    endloop
  endfacet
  facet normal 0 0 -1
    outer loop
      vertex 92 0 0
      vertex 94.8284 1.17157 0
      vertex 94.435 0.826584 0
    endloop
  endfacet
  facet normal 0 0 -1
    outer loop
      vertex 95.4641 80 0
      vertex 92 82 0
      vertex 95.1734 80.435 0
    endloop
  endfacet
  facet normal 0 0 -1
    outer loop
      vertex 92 0 0
      vertex 94.435 0.826584 0
      vertex 94 0.535904 0
    endloop
  endfacet
  facet normal 0 0 -1
    outer loop
      vertex 95.1734 80.435 0
      vertex 92 82 0
      vertex 94.8284 80.8284 0
    endloop
  endfacet
  facet normal 0 0 -1
    outer loop
      vertex 92 0 0
      vertex 94 0.535904 0
      vertex 93.5307 0.304489 0
    endloop
  endfacet
  facet normal 0 0 -1
    outer loop
      vertex 94.8284 80.8284 0
      vertex 92 82 0
      vertex 94.435 81.1734 0
    endloop
  endfacet
  facet normal 0 0 -1
    outer loop
      vertex 92 0 0
      vertex 93.5307 0.304489 0
      vertex 93.0353 0.136292 0
    endloop
  endfacet
  facet normal 0 0 -1
    outer loop
      vertex 94.435 81.1734 0
      vertex 92 82 0
      vertex 94 81.4641 0
    endloop
  endfacet
  facet normal 0 0 -1
    outer loop
      vertex 92 0 0
      vertex 93.0353 0.136292 0
      vertex 92.5221 0.0342255 0
    endloop
  endfacet
  facet normal 0 0 -1
    outer loop
      vertex 94 81.4641 0
      vertex 92 82 0
      vertex 93.5307 81.6955 0
    endloop
  endfacet
  facet normal 0 0 -1
    outer loop
      vertex 93.5307 81.6955 0
      vertex 92 82 0
      vertex 93.0353 81.8637 0
    endloop
  endfacet
  facet normal 0 0 -1
    outer loop
      vertex 93.0353 81.8637 0
      vertex 92 82 0
      vertex 92.5221 81.9658 0
    endloop
  endfacet
  facet normal 0 0 -1
    outer loop
      vertex 4 0 0
      vertex 92 82 0
      vertex 92 0 0
    endloop
  endfacet
  facet normal 0 0 -1
    outer loop
      vertex 4 0 0
      vertex 4 82 0
      vertex 92 82 0
    endloop
  endfacet
  facet normal 0 0 -1
    outer loop
      vertex 0 4 0
      vertex 4 0 0
      vertex 3.47789 0.0342255 0
    endloop
  endfacet
  facet normal 0 0 -1
    outer loop
      vertex 4 0 0
      vertex 0 4 0
      vertex 4 82 0
    endloop
  endfacet
  facet normal 0 0 -1
    outer loop
      vertex 0 4 0
      vertex 3.47789 0.0342255 0
      vertex 2.96472 0.136292 0
    endloop
  endfacet
  facet normal 0 0 -1
    outer loop
      vertex 0 78 0
      vertex 4 82 0
      vertex 0 4 0
    endloop
  endfacet
  facet normal 0 0 -1
    outer loop
      vertex 0 4 0
      vertex 2.96472 0.136292 0
      vertex 2.46927 0.304489 0
    endloop
  endfacet
  facet normal 0 0 -1
    outer loop
      vertex 4 82 0
      vertex 0 78 0
      vertex 3.47789 81.9658 0
    endloop
  endfacet
  facet normal 0 0 -1
    outer loop
      vertex 0 4 0
      vertex 2.46927 0.304489 0
      vertex 2 0.535904 0
    endloop
  endfacet
  facet normal 0 0 -1
    outer loop
      vertex 3.47789 81.9658 0
      vertex 0 78 0
      vertex 2.96472 81.8637 0
    endloop
  endfacet
  facet normal 0 0 -1
    outer loop
      vertex 0 4 0
      vertex 2 0.535904 0
      vertex 1.56496 0.826584 0
    endloop
  endfacet
  facet normal 0 0 -1
    outer loop
      vertex 2.96472 81.8637 0
      vertex 0 78 0
      vertex 2.46927 81.6955 0
    endloop
  endfacet
  facet normal 0 0 -1
    outer loop
      vertex 0 4 0
      vertex 1.56496 0.826584 0
      vertex 1.17157 1.17157 0
    endloop
  endfacet
  facet normal 0 0 -1
    outer loop
      vertex 2.46927 81.6955 0
      vertex 0 78 0
      vertex 2 81.4641 0
    endloop
  endfacet
  facet normal 0 0 -1
    outer loop
      vertex 0 4 0
      vertex 1.17157 1.17157 0
      vertex 0.826584 1.56496 0
    endloop
  endfacet
  facet normal 0 0 -1
    outer loop
      vertex 2 81.4641 0
      vertex 0 78 0
      vertex 1.56496 81.1734 0
    endloop
  endfacet
  facet normal 0 0 -1
    outer loop
      vertex 0 4 0
      vertex 0.826584 1.56496 0
      vertex 0.535904 2 0
    endloop
  endfacet
  facet normal 0 0 -1
    outer loop
      vertex 1.56496 81.1734 0
      vertex 0 78 0
      vertex 1.17157 80.8284 0
    endloop
  endfacet
  facet normal 0 0 -1
    outer loop
      vertex 0 4 0
      vertex 0.535904 2 0
      vertex 0.304489 2.46927 0
    endloop
  endfacet
  facet normal 0 0 -1
    outer loop
      vertex 1.17157 80.8284 0
      vertex 0 78 0
      vertex 0.826584 80.435 0
    endloop
  endfacet
  facet normal 0 0 -1
    outer loop
      vertex 0 4 0
      vertex 0.304489 2.46927 0
      vertex 0.136292 2.96472 0
    endloop
  endfacet
  facet normal 0 0 -1
    outer loop
      vertex 0.826584 80.435 0
      vertex 0 78 0
      vertex 0.535904 80 0
    endloop
  endfacet
  facet normal 0 0 -1
    outer loop
      vertex 0 4 0
      vertex 0.136292 2.96472 0
      vertex 0.0342255 3.47789 0
    endloop
  endfacet
  facet normal 0 0 -1
    outer loop
      vertex 0.535904 80 0
      vertex 0 78 0
      vertex 0.304489 79.5307 0
    endloop
  endfacet
  facet normal 0 0 -1
    outer loop
      vertex 0.304489 79.5307 0
      vertex 0 78 0
      vertex 0.136292 79.0353 0
    endloop
  endfacet
  facet normal 0 0 -1
    outer loop
      vertex 0.136292 79.0353 0
      vertex 0 78 0
      vertex 0.0342255 78.5221 0
    endloop
  endfacet
  facet normal -0.555564 -0.831474 0
    outer loop
      vertex 1.56496 0.826584 0
      vertex 2 0.535904 4.4
      vertex 1.56496 0.826584 4.4
    endloop
  endfacet
  facet normal -0.555564 -0.831474 -0
    outer loop
      vertex 2 0.535904 4.4
      vertex 1.56496 0.826584 0
      vertex 2 0.535904 0
    endloop
  endfacet
  facet normal -0.0654119 -0.997858 0
    outer loop
      vertex 3.47789 0.0342255 0
      vertex 4 0 4.4
      vertex 3.47789 0.0342255 4.4
    endloop
  endfacet
  facet normal -0.0654119 -0.997858 -0
    outer loop
      vertex 4 0 4.4
      vertex 3.47789 0.0342255 0
      vertex 4 0 0
    endloop
  endfacet
  facet normal -0.195073 -0.980789 0
    outer loop
      vertex 2.96472 0.136292 0
      vertex 3.47789 0.0342255 4.4
      vertex 2.96472 0.136292 4.4
    endloop
  endfacet
  facet normal -0.195073 -0.980789 -0
    outer loop
      vertex 3.47789 0.0342255 4.4
      vertex 2.96472 0.136292 0
      vertex 3.47789 0.0342255 0
    endloop
  endfacet
  facet normal 0.555626 0.831432 -0
    outer loop
      vertex 94.435 81.1734 0
      vertex 94 81.4641 4.4
      vertex 94.435 81.1734 4.4
    endloop
  endfacet
  facet normal 0.555626 0.831432 0
    outer loop
      vertex 94 81.4641 4.4
      vertex 94.435 81.1734 0
      vertex 94 81.4641 0
    endloop
  endfacet
  facet normal 0.0653646 0.997861 -0
    outer loop
      vertex 92.5221 81.9658 0
      vertex 92 82 4.4
      vertex 92.5221 81.9658 4.4
    endloop
  endfacet
  facet normal 0.0653646 0.997861 0
    outer loop
      vertex 92 82 4.4
      vertex 92.5221 81.9658 0
      vertex 92 82 0
    endloop
  endfacet
  facet normal 0.195124 0.980779 -0
    outer loop
      vertex 93.0353 81.8637 0
      vertex 92.5221 81.9658 4.4
      vertex 93.0353 81.8637 4.4
    endloop
  endfacet
  facet normal 0.195124 0.980779 0
    outer loop
      vertex 92.5221 81.9658 4.4
      vertex 93.0353 81.8637 0
      vertex 92.5221 81.9658 0
    endloop
  endfacet
  facet normal 0.831456 -0.555591 0
    outer loop
      vertex 95.1734 1.56496 4.4
      vertex 95.4641 2 0
      vertex 95.4641 2 4.4
    endloop
  endfacet
  facet normal 0.831456 -0.555591 0
    outer loop
      vertex 95.4641 2 0
      vertex 95.1734 1.56496 4.4
      vertex 95.1734 1.56496 0
    endloop
  endfacet
  facet normal 0.980776 -0.195135 0
    outer loop
      vertex 95.8637 2.96472 4.4
      vertex 95.9658 3.47789 0
      vertex 95.9658 3.47789 4.4
    endloop
  endfacet
  facet normal 0.980776 -0.195135 0
    outer loop
      vertex 95.9658 3.47789 0
      vertex 95.8637 2.96472 4.4
      vertex 95.8637 2.96472 0
    endloop
  endfacet
  facet normal 0.659328 -0.751855 0
    outer loop
      vertex 94.435 0.826584 0
      vertex 94.8284 1.17157 4.4
      vertex 94.435 0.826584 4.4
    endloop
  endfacet
  facet normal 0.659328 -0.751855 0
    outer loop
      vertex 94.8284 1.17157 4.4
      vertex 94.435 0.826584 0
      vertex 94.8284 1.17157 0
    endloop
  endfacet
  facet normal 0.442261 -0.896886 0
    outer loop
      vertex 93.5307 0.304489 0
      vertex 94 0.535904 4.4
      vertex 93.5307 0.304489 4.4
    endloop
  endfacet
  facet normal 0.442261 -0.896886 0
    outer loop
      vertex 94 0.535904 4.4
      vertex 93.5307 0.304489 0
      vertex 94 0.535904 0
    endloop
  endfacet
  facet normal 0.94691 0.321498 0
    outer loop
      vertex 95.8637 79.0353 4.4
      vertex 95.6955 79.5307 0
      vertex 95.6955 79.5307 4.4
    endloop
  endfacet
  facet normal 0.94691 0.321498 0
    outer loop
      vertex 95.6955 79.5307 0
      vertex 95.8637 79.0353 4.4
      vertex 95.8637 79.0353 0
    endloop
  endfacet
  facet normal 0.980779 0.195124 0
    outer loop
      vertex 95.9658 78.5221 4.4
      vertex 95.8637 79.0353 0
      vertex 95.8637 79.0353 4.4
    endloop
  endfacet
  facet normal 0.980779 0.195124 0
    outer loop
      vertex 95.8637 79.0353 0
      vertex 95.9658 78.5221 4.4
      vertex 95.9658 78.5221 0
    endloop
  endfacet
  facet normal 0.751842 0.659343 0
    outer loop
      vertex 95.1734 80.435 4.4
      vertex 94.8284 80.8284 0
      vertex 94.8284 80.8284 4.4
    endloop
  endfacet
  facet normal 0.751842 0.659343 0
    outer loop
      vertex 94.8284 80.8284 0
      vertex 95.1734 80.435 4.4
      vertex 95.1734 80.435 0
    endloop
  endfacet
  facet normal -0.751855 0.659328 0
    outer loop
      vertex 0.826584 80.435 0
      vertex 1.17157 80.8284 4.4
      vertex 1.17157 80.8284 0
    endloop
  endfacet
  facet normal -0.751855 0.659328 0
    outer loop
      vertex 1.17157 80.8284 4.4
      vertex 0.826584 80.435 0
      vertex 0.826584 80.435 4.4
    endloop
  endfacet
  facet normal -0.44226 0.896887 0
    outer loop
      vertex 2.46927 81.6955 0
      vertex 2 81.4641 4.4
      vertex 2.46927 81.6955 4.4
    endloop
  endfacet
  facet normal -0.44226 0.896887 0
    outer loop
      vertex 2 81.4641 4.4
      vertex 2.46927 81.6955 0
      vertex 2 81.4641 0
    endloop
  endfacet
  facet normal -0.321469 0.94692 0
    outer loop
      vertex 2.96472 81.8637 0
      vertex 2.46927 81.6955 4.4
      vertex 2.96472 81.8637 4.4
    endloop
  endfacet
  facet normal -0.321469 0.94692 0
    outer loop
      vertex 2.46927 81.6955 4.4
      vertex 2.96472 81.8637 0
      vertex 2.46927 81.6955 0
    endloop
  endfacet
  facet normal -0.83145 0.5556 0
    outer loop
      vertex 0.535904 80 0
      vertex 0.826584 80.435 4.4
      vertex 0.826584 80.435 0
    endloop
  endfacet
  facet normal -0.83145 0.5556 0
    outer loop
      vertex 0.826584 80.435 4.4
      vertex 0.535904 80 0
      vertex 0.535904 80 4.4
    endloop
  endfacet
  facet normal -0.980791 0.195062 0
    outer loop
      vertex 0.0342255 78.5221 0
      vertex 0.136292 79.0353 4.4
      vertex 0.136292 79.0353 0
    endloop
  endfacet
  facet normal -0.980791 0.195062 0
    outer loop
      vertex 0.136292 79.0353 4.4
      vertex 0.0342255 78.5221 0
      vertex 0.0342255 78.5221 4.4
    endloop
  endfacet
  facet normal -0.997858 -0.0654119 0
    outer loop
      vertex 0.0342255 3.47789 0
      vertex 0 4 4.4
      vertex 0 4 0
    endloop
  endfacet
  facet normal -0.997858 -0.0654119 0
    outer loop
      vertex 0 4 4.4
      vertex 0.0342255 3.47789 0
      vertex 0.0342255 3.47789 4.4
    endloop
  endfacet
  facet normal -0.896875 -0.442284 0
    outer loop
      vertex 0.535904 2 0
      vertex 0.304489 2.46927 4.4
      vertex 0.304489 2.46927 0
    endloop
  endfacet
  facet normal -0.896875 -0.442284 0
    outer loop
      vertex 0.304489 2.46927 4.4
      vertex 0.535904 2 0
      vertex 0.535904 2 4.4
    endloop
  endfacet
  facet normal -0.751847 -0.659337 0
    outer loop
      vertex 1.17157 1.17157 0
      vertex 0.826584 1.56496 4.4
      vertex 0.826584 1.56496 0
    endloop
  endfacet
  facet normal -0.751847 -0.659337 0
    outer loop
      vertex 0.826584 1.56496 4.4
      vertex 1.17157 1.17157 0
      vertex 1.17157 1.17157 4.4
    endloop
  endfacet
  facet normal -0.946922 -0.321464 0
    outer loop
      vertex 0.304489 2.46927 0
      vertex 0.136292 2.96472 4.4
      vertex 0.136292 2.96472 0
    endloop
  endfacet
  facet normal -0.946922 -0.321464 0
    outer loop
      vertex 0.136292 2.96472 4.4
      vertex 0.304489 2.46927 0
      vertex 0.304489 2.46927 4.4
    endloop
  endfacet
  facet normal -0.442284 -0.896875 0
    outer loop
      vertex 2 0.535904 0
      vertex 2.46927 0.304489 4.4
      vertex 2 0.535904 4.4
    endloop
  endfacet
  facet normal -0.442284 -0.896875 -0
    outer loop
      vertex 2.46927 0.304489 4.4
      vertex 2 0.535904 0
      vertex 2.46927 0.304489 0
    endloop
  endfacet
  facet normal 0.896887 -0.44226 0
    outer loop
      vertex 95.4641 2 4.4
      vertex 95.6955 2.46927 0
      vertex 95.6955 2.46927 4.4
    endloop
  endfacet
  facet normal 0.896887 -0.44226 0
    outer loop
      vertex 95.6955 2.46927 0
      vertex 95.4641 2 4.4
      vertex 95.4641 2 0
    endloop
  endfacet
  facet normal 0.997862 -0.0653634 0
    outer loop
      vertex 95.9658 3.47789 4.4
      vertex 96 4 0
      vertex 96 4 4.4
    endloop
  endfacet
  facet normal 0.997862 -0.0653634 0
    outer loop
      vertex 96 4 0
      vertex 95.9658 3.47789 4.4
      vertex 95.9658 3.47789 0
    endloop
  endfacet
  facet normal 0.751834 -0.659353 0
    outer loop
      vertex 94.8284 1.17157 4.4
      vertex 95.1734 1.56496 0
      vertex 95.1734 1.56496 4.4
    endloop
  endfacet
  facet normal 0.751834 -0.659353 0
    outer loop
      vertex 95.1734 1.56496 0
      vertex 94.8284 1.17157 4.4
      vertex 94.8284 1.17157 0
    endloop
  endfacet
  facet normal 0.5556 -0.83145 0
    outer loop
      vertex 94 0.535904 0
      vertex 94.435 0.826584 4.4
      vertex 94 0.535904 4.4
    endloop
  endfacet
  facet normal 0.5556 -0.83145 0
    outer loop
      vertex 94.435 0.826584 4.4
      vertex 94 0.535904 0
      vertex 94.435 0.826584 0
    endloop
  endfacet
  facet normal 0.997861 0.0653646 0
    outer loop
      vertex 96 78 4.4
      vertex 95.9658 78.5221 0
      vertex 95.9658 78.5221 4.4
    endloop
  endfacet
  facet normal 0.997861 0.0653646 0
    outer loop
      vertex 95.9658 78.5221 0
      vertex 96 78 4.4
      vertex 96 78 0
    endloop
  endfacet
  facet normal 0.831432 0.555626 0
    outer loop
      vertex 95.4641 80 4.4
      vertex 95.1734 80.435 0
      vertex 95.1734 80.435 4.4
    endloop
  endfacet
  facet normal 0.831432 0.555626 0
    outer loop
      vertex 95.1734 80.435 0
      vertex 95.4641 80 4.4
      vertex 95.4641 80 0
    endloop
  endfacet
  facet normal 0.896898 0.442238 0
    outer loop
      vertex 95.6955 79.5307 4.4
      vertex 95.4641 80 0
      vertex 95.4641 80 4.4
    endloop
  endfacet
  facet normal 0.896898 0.442238 0
    outer loop
      vertex 95.4641 80 0
      vertex 95.6955 79.5307 4.4
      vertex 95.6955 79.5307 0
    endloop
  endfacet
  facet normal -0.555591 0.831456 0
    outer loop
      vertex 2 81.4641 0
      vertex 1.56496 81.1734 4.4
      vertex 2 81.4641 4.4
    endloop
  endfacet
  facet normal -0.555591 0.831456 0
    outer loop
      vertex 1.56496 81.1734 4.4
      vertex 2 81.4641 0
      vertex 1.56496 81.1734 0
    endloop
  endfacet
  facet normal -0.946912 0.321493 0
    outer loop
      vertex 0.136292 79.0353 0
      vertex 0.304489 79.5307 4.4
      vertex 0.304489 79.5307 0
    endloop
  endfacet
  facet normal -0.946912 0.321493 0
    outer loop
      vertex 0.304489 79.5307 4.4
      vertex 0.136292 79.0353 0
      vertex 0.136292 79.0353 4.4
    endloop
  endfacet
  facet normal -0.896886 0.442261 0
    outer loop
      vertex 0.304489 79.5307 0
      vertex 0.535904 80 4.4
      vertex 0.535904 80 0
    endloop
  endfacet
  facet normal -0.896886 0.442261 0
    outer loop
      vertex 0.535904 80 4.4
      vertex 0.304489 79.5307 0
      vertex 0.304489 79.5307 4.4
    endloop
  endfacet
  facet normal -0.831474 -0.555564 0
    outer loop
      vertex 0.826584 1.56496 0
      vertex 0.535904 2 4.4
      vertex 0.535904 2 0
    endloop
  endfacet
  facet normal -0.831474 -0.555564 0
    outer loop
      vertex 0.535904 2 4.4
      vertex 0.826584 1.56496 0
      vertex 0.826584 1.56496 4.4
    endloop
  endfacet
  facet normal -0.980789 -0.195073 0
    outer loop
      vertex 0.136292 2.96472 0
      vertex 0.0342255 3.47789 4.4
      vertex 0.0342255 3.47789 0
    endloop
  endfacet
  facet normal -0.980789 -0.195073 0
    outer loop
      vertex 0.0342255 3.47789 4.4
      vertex 0.136292 2.96472 0
      vertex 0.136292 2.96472 4.4
    endloop
  endfacet
  facet normal 0.94692 -0.321469 0
    outer loop
      vertex 95.6955 2.46927 4.4
      vertex 95.8637 2.96472 0
      vertex 95.8637 2.96472 4.4
    endloop
  endfacet
  facet normal 0.94692 -0.321469 0
    outer loop
      vertex 95.8637 2.96472 0
      vertex 95.6955 2.46927 4.4
      vertex 95.6955 2.46927 0
    endloop
  endfacet
  facet normal -0.0654247 0.997858 0
    outer loop
      vertex 92.2088 2.41367 3.6
      vertex 92 2.39998 4.4
      vertex 92.2088 2.41367 4.4
    endloop
  endfacet
  facet normal -0.0654247 0.997858 0
    outer loop
      vertex 92 2.39998 4.4
      vertex 92.2088 2.41367 3.6
      vertex 92 2.39998 3.6
    endloop
  endfacet
  facet normal -0.195059 0.980791 0
    outer loop
      vertex 92.4141 2.4545 3.6
      vertex 92.2088 2.41367 4.4
      vertex 92.4141 2.4545 4.4
    endloop
  endfacet
  facet normal -0.195059 0.980791 0
    outer loop
      vertex 92.2088 2.41367 4.4
      vertex 92.4141 2.4545 3.6
      vertex 92.2088 2.41367 3.6
    endloop
  endfacet
  facet normal 0.0654566 -0.997855 0
    outer loop
      vertex 3.79114 79.5863 3.6
      vertex 3.99999 79.6 4.4
      vertex 3.79114 79.5863 4.4
    endloop
  endfacet
  facet normal 0.0654566 -0.997855 0
    outer loop
      vertex 3.99999 79.6 4.4
      vertex 3.79114 79.5863 3.6
      vertex 3.99999 79.6 3.6
    endloop
  endfacet
  facet normal -0.0654722 -0.997854 0
    outer loop
      vertex 92 79.6 3.6
      vertex 92.2088 79.5863 4.4
      vertex 92 79.6 4.4
    endloop
  endfacet
  facet normal -0.0654722 -0.997854 -0
    outer loop
      vertex 92.2088 79.5863 4.4
      vertex 92 79.6 3.6
      vertex 92.2088 79.5863 3.6
    endloop
  endfacet
  facet normal 0.751973 -0.659194 0
    outer loop
      vertex 2.73063 78.974 4.4
      vertex 2.86861 79.1314 3.6
      vertex 2.86861 79.1314 4.4
    endloop
  endfacet
  facet normal 0.751973 -0.659194 0
    outer loop
      vertex 2.86861 79.1314 3.6
      vertex 2.73063 78.974 4.4
      vertex 2.73063 78.974 3.6
    endloop
  endfacet
  facet normal 0.659265 0.75191 -0
    outer loop
      vertex 3.02598 2.73063 3.6
      vertex 2.86861 2.86861 4.4
      vertex 3.02598 2.73063 4.4
    endloop
  endfacet
  facet normal 0.659265 0.75191 0
    outer loop
      vertex 2.86861 2.86861 4.4
      vertex 3.02598 2.73063 3.6
      vertex 2.86861 2.86861 3.6
    endloop
  endfacet
  facet normal 0 1 0
    outer loop
      vertex 92 2.39998 4.4
      vertex 37.65 2.39998 4.38
      vertex 37.65 2.39998 4.4
    endloop
  endfacet
  facet normal 0 1 0
    outer loop
      vertex 3.99999 2.39998 3.6
      vertex 37.65 2.39998 4.38
      vertex 92 2.39998 3.6
    endloop
  endfacet
  facet normal 0 1 -0
    outer loop
      vertex 92 2.39998 3.6
      vertex 37.65 2.39998 4.38
      vertex 92 2.39998 4.4
    endloop
  endfacet
  facet normal 0 1 -0
    outer loop
      vertex 10.35 2.39998 4.38
      vertex 3.99999 2.39998 4.4
      vertex 10.35 2.39998 4.4
    endloop
  endfacet
  facet normal 0 1 0
    outer loop
      vertex 37.65 2.39998 4.38
      vertex 3.99999 2.39998 3.6
      vertex 10.35 2.39998 4.38
    endloop
  endfacet
  facet normal 0 1 0
    outer loop
      vertex 10.35 2.39998 4.38
      vertex 3.99999 2.39998 3.6
      vertex 3.99999 2.39998 4.4
    endloop
  endfacet
  facet normal 0 -1 0
    outer loop
      vertex 3.99999 79.6 3.6
      vertex 92 79.6 4.4
      vertex 3.99999 79.6 4.4
    endloop
  endfacet
  facet normal 0 -1 -0
    outer loop
      vertex 92 79.6 4.4
      vertex 3.99999 79.6 3.6
      vertex 92 79.6 3.6
    endloop
  endfacet
  facet normal 0.44241 -0.896813 0
    outer loop
      vertex 3.19999 79.3856 3.6
      vertex 3.3877 79.4782 4.4
      vertex 3.19999 79.3856 4.4
    endloop
  endfacet
  facet normal 0.44241 -0.896813 0
    outer loop
      vertex 3.3877 79.4782 4.4
      vertex 3.19999 79.3856 3.6
      vertex 3.3877 79.4782 3.6
    endloop
  endfacet
  facet normal 1 -0 0
    outer loop
      vertex 2.39998 3.99999 4.4
      vertex 2.39998 78 3.6
      vertex 2.39998 78 4.4
    endloop
  endfacet
  facet normal 1 0 0
    outer loop
      vertex 2.39998 78 3.6
      vertex 2.39998 3.99999 4.4
      vertex 2.39998 3.99999 3.6
    endloop
  endfacet
  facet normal 0.195096 0.980784 -0
    outer loop
      vertex 3.79114 2.41367 3.6
      vertex 3.58588 2.4545 4.4
      vertex 3.79114 2.41367 4.4
    endloop
  endfacet
  facet normal 0.195096 0.980784 0
    outer loop
      vertex 3.58588 2.4545 4.4
      vertex 3.79114 2.41367 3.6
      vertex 3.58588 2.4545 3.6
    endloop
  endfacet
  facet normal 0.321469 0.94692 -0
    outer loop
      vertex 3.58588 2.4545 3.6
      vertex 3.3877 2.52178 4.4
      vertex 3.58588 2.4545 4.4
    endloop
  endfacet
  facet normal 0.321469 0.94692 0
    outer loop
      vertex 3.3877 2.52178 4.4
      vertex 3.58588 2.4545 3.6
      vertex 3.3877 2.52178 3.6
    endloop
  endfacet
  facet normal -1 0 0
    outer loop
      vertex 93.6 3.99999 3.6
      vertex 93.6 78 4.4
      vertex 93.6 78 3.6
    endloop
  endfacet
  facet normal -1 -0 0
    outer loop
      vertex 93.6 78 4.4
      vertex 93.6 3.99999 3.6
      vertex 93.6 3.99999 4.4
    endloop
  endfacet
  facet normal -0.659248 -0.751925 0
    outer loop
      vertex 92.974 79.2694 3.6
      vertex 93.1314 79.1314 4.4
      vertex 92.974 79.2694 4.4
    endloop
  endfacet
  facet normal -0.659248 -0.751925 -0
    outer loop
      vertex 93.1314 79.1314 4.4
      vertex 92.974 79.2694 3.6
      vertex 93.1314 79.1314 3.6
    endloop
  endfacet
  facet normal -0.751863 0.659319 0
    outer loop
      vertex 93.1314 2.86861 3.6
      vertex 93.2694 3.02598 4.4
      vertex 93.2694 3.02598 3.6
    endloop
  endfacet
  facet normal -0.751863 0.659319 0
    outer loop
      vertex 93.2694 3.02598 4.4
      vertex 93.1314 2.86861 3.6
      vertex 93.1314 2.86861 4.4
    endloop
  endfacet
  facet normal -0.321526 -0.946901 0
    outer loop
      vertex 92.4141 79.5455 3.6
      vertex 92.6123 79.4782 4.4
      vertex 92.4141 79.5455 4.4
    endloop
  endfacet
  facet normal -0.321526 -0.946901 -0
    outer loop
      vertex 92.6123 79.4782 4.4
      vertex 92.4141 79.5455 3.6
      vertex 92.6123 79.4782 3.6
    endloop
  endfacet
  facet normal 0.997858 -0.0654247 0
    outer loop
      vertex 2.39998 78 4.4
      vertex 2.41367 78.2088 3.6
      vertex 2.41367 78.2088 4.4
    endloop
  endfacet
  facet normal 0.997858 -0.0654247 0
    outer loop
      vertex 2.41367 78.2088 3.6
      vertex 2.39998 78 4.4
      vertex 2.39998 78 3.6
    endloop
  endfacet
  facet normal 0.55534 -0.831624 0
    outer loop
      vertex 3.02598 79.2694 3.6
      vertex 3.19999 79.3856 4.4
      vertex 3.02598 79.2694 4.4
    endloop
  endfacet
  facet normal 0.55534 -0.831624 0
    outer loop
      vertex 3.19999 79.3856 4.4
      vertex 3.02598 79.2694 3.6
      vertex 3.19999 79.3856 3.6
    endloop
  endfacet
  facet normal 0.997859 0.0654091 0
    outer loop
      vertex 2.41367 3.79114 4.4
      vertex 2.39998 3.99999 3.6
      vertex 2.39998 3.99999 4.4
    endloop
  endfacet
  facet normal 0.997859 0.0654091 0
    outer loop
      vertex 2.39998 3.99999 3.6
      vertex 2.41367 3.79114 4.4
      vertex 2.41367 3.79114 3.6
    endloop
  endfacet
  facet normal 0.0654091 0.997859 -0
    outer loop
      vertex 3.99999 2.39998 3.6
      vertex 3.79114 2.41367 4.4
      vertex 3.99999 2.39998 4.4
    endloop
  endfacet
  facet normal 0.0654091 0.997859 0
    outer loop
      vertex 3.79114 2.41367 4.4
      vertex 3.99999 2.39998 3.6
      vertex 3.79114 2.41367 3.6
    endloop
  endfacet
  facet normal -0.194922 -0.980819 0
    outer loop
      vertex 92.2088 79.5863 3.6
      vertex 92.4141 79.5455 4.4
      vertex 92.2088 79.5863 4.4
    endloop
  endfacet
  facet normal -0.194922 -0.980819 -0
    outer loop
      vertex 92.4141 79.5455 4.4
      vertex 92.2088 79.5863 3.6
      vertex 92.4141 79.5455 3.6
    endloop
  endfacet
  facet normal 0.980791 -0.195059 0
    outer loop
      vertex 2.41367 78.2088 4.4
      vertex 2.4545 78.4141 3.6
      vertex 2.4545 78.4141 4.4
    endloop
  endfacet
  facet normal 0.980791 -0.195059 0
    outer loop
      vertex 2.4545 78.4141 3.6
      vertex 2.41367 78.2088 4.4
      vertex 2.41367 78.2088 3.6
    endloop
  endfacet
  facet normal 0.831454 -0.555593 0
    outer loop
      vertex 2.61436 78.8 4.4
      vertex 2.73063 78.974 3.6
      vertex 2.73063 78.974 4.4
    endloop
  endfacet
  facet normal 0.831454 -0.555593 0
    outer loop
      vertex 2.73063 78.974 3.6
      vertex 2.61436 78.8 4.4
      vertex 2.61436 78.8 3.6
    endloop
  endfacet
  facet normal 0.555571 0.831469 -0
    outer loop
      vertex 3.19999 2.61436 3.6
      vertex 3.02598 2.73063 4.4
      vertex 3.19999 2.61436 4.4
    endloop
  endfacet
  facet normal 0.555571 0.831469 0
    outer loop
      vertex 3.02598 2.73063 4.4
      vertex 3.19999 2.61436 3.6
      vertex 3.02598 2.73063 3.6
    endloop
  endfacet
  facet normal 0.75191 0.659265 0
    outer loop
      vertex 2.86861 2.86861 4.4
      vertex 2.73063 3.02598 3.6
      vertex 2.73063 3.02598 4.4
    endloop
  endfacet
  facet normal 0.75191 0.659265 0
    outer loop
      vertex 2.73063 3.02598 3.6
      vertex 2.86861 2.86861 4.4
      vertex 2.86861 2.86861 3.6
    endloop
  endfacet
  facet normal -0.946901 -0.321526 0
    outer loop
      vertex 93.5455 78.4141 3.6
      vertex 93.4782 78.6123 4.4
      vertex 93.4782 78.6123 3.6
    endloop
  endfacet
  facet normal -0.946901 -0.321526 0
    outer loop
      vertex 93.4782 78.6123 4.4
      vertex 93.5455 78.4141 3.6
      vertex 93.5455 78.4141 4.4
    endloop
  endfacet
  facet normal -0.980812 0.194958 0
    outer loop
      vertex 93.5455 3.58588 3.6
      vertex 93.5863 3.79114 4.4
      vertex 93.5863 3.79114 3.6
    endloop
  endfacet
  facet normal -0.980812 0.194958 0
    outer loop
      vertex 93.5863 3.79114 4.4
      vertex 93.5455 3.58588 3.6
      vertex 93.5455 3.58588 4.4
    endloop
  endfacet
  facet normal -0.555593 0.831454 0
    outer loop
      vertex 92.974 2.73063 3.6
      vertex 92.8 2.61436 4.4
      vertex 92.974 2.73063 4.4
    endloop
  endfacet
  facet normal -0.555593 0.831454 0
    outer loop
      vertex 92.8 2.61436 4.4
      vertex 92.974 2.73063 3.6
      vertex 92.8 2.61436 3.6
    endloop
  endfacet
  facet normal -0.442429 -0.896803 0
    outer loop
      vertex 92.6123 79.4782 3.6
      vertex 92.8 79.3856 4.4
      vertex 92.6123 79.4782 4.4
    endloop
  endfacet
  facet normal -0.442429 -0.896803 -0
    outer loop
      vertex 92.8 79.3856 4.4
      vertex 92.6123 79.4782 3.6
      vertex 92.8 79.3856 3.6
    endloop
  endfacet
  facet normal -0.555362 -0.831609 0
    outer loop
      vertex 92.8 79.3856 3.6
      vertex 92.974 79.2694 4.4
      vertex 92.8 79.3856 4.4
    endloop
  endfacet
  facet normal -0.555362 -0.831609 -0
    outer loop
      vertex 92.974 79.2694 4.4
      vertex 92.8 79.3856 3.6
      vertex 92.974 79.2694 3.6
    endloop
  endfacet
  facet normal 0.94693 -0.32144 0
    outer loop
      vertex 2.4545 78.4141 4.4
      vertex 2.52178 78.6123 3.6
      vertex 2.52178 78.6123 4.4
    endloop
  endfacet
  facet normal 0.94693 -0.32144 0
    outer loop
      vertex 2.52178 78.6123 3.6
      vertex 2.4545 78.4141 4.4
      vertex 2.4545 78.4141 3.6
    endloop
  endfacet
  facet normal 0.659319 -0.751863 0
    outer loop
      vertex 2.86861 79.1314 3.6
      vertex 3.02598 79.2694 4.4
      vertex 2.86861 79.1314 4.4
    endloop
  endfacet
  facet normal 0.659319 -0.751863 0
    outer loop
      vertex 3.02598 79.2694 4.4
      vertex 2.86861 79.1314 3.6
      vertex 3.02598 79.2694 3.6
    endloop
  endfacet
  facet normal 0.896841 -0.442353 0
    outer loop
      vertex 2.52178 78.6123 4.4
      vertex 2.61436 78.8 3.6
      vertex 2.61436 78.8 4.4
    endloop
  endfacet
  facet normal 0.896841 -0.442353 0
    outer loop
      vertex 2.61436 78.8 3.6
      vertex 2.52178 78.6123 4.4
      vertex 2.52178 78.6123 3.6
    endloop
  endfacet
  facet normal 0.442334 0.896851 -0
    outer loop
      vertex 3.3877 2.52178 3.6
      vertex 3.19999 2.61436 4.4
      vertex 3.3877 2.52178 4.4
    endloop
  endfacet
  facet normal 0.442334 0.896851 0
    outer loop
      vertex 3.19999 2.61436 4.4
      vertex 3.3877 2.52178 3.6
      vertex 3.19999 2.61436 3.6
    endloop
  endfacet
  facet normal 0.896851 0.442334 0
    outer loop
      vertex 2.61436 3.19999 4.4
      vertex 2.52178 3.3877 3.6
      vertex 2.52178 3.3877 4.4
    endloop
  endfacet
  facet normal 0.896851 0.442334 0
    outer loop
      vertex 2.52178 3.3877 3.6
      vertex 2.61436 3.19999 4.4
      vertex 2.61436 3.19999 3.6
    endloop
  endfacet
  facet normal 0.980784 0.195096 0
    outer loop
      vertex 2.4545 3.58588 4.4
      vertex 2.41367 3.79114 3.6
      vertex 2.41367 3.79114 4.4
    endloop
  endfacet
  facet normal 0.980784 0.195096 0
    outer loop
      vertex 2.41367 3.79114 3.6
      vertex 2.4545 3.58588 4.4
      vertex 2.4545 3.58588 3.6
    endloop
  endfacet
  facet normal 0.831469 0.555571 0
    outer loop
      vertex 2.73063 3.02598 4.4
      vertex 2.61436 3.19999 3.6
      vertex 2.61436 3.19999 4.4
    endloop
  endfacet
  facet normal 0.831469 0.555571 0
    outer loop
      vertex 2.61436 3.19999 3.6
      vertex 2.73063 3.02598 4.4
      vertex 2.73063 3.02598 3.6
    endloop
  endfacet
  facet normal -0.997854 -0.0654722 0
    outer loop
      vertex 93.6 78 3.6
      vertex 93.5863 78.2088 4.4
      vertex 93.5863 78.2088 3.6
    endloop
  endfacet
  facet normal -0.997854 -0.0654722 0
    outer loop
      vertex 93.5863 78.2088 4.4
      vertex 93.6 78 3.6
      vertex 93.6 78 4.4
    endloop
  endfacet
  facet normal -0.997855 0.0654566 0
    outer loop
      vertex 93.5863 3.79114 3.6
      vertex 93.6 3.99999 4.4
      vertex 93.6 3.99999 3.6
    endloop
  endfacet
  facet normal -0.997855 0.0654566 0
    outer loop
      vertex 93.6 3.99999 4.4
      vertex 93.5863 3.79114 3.6
      vertex 93.5863 3.79114 4.4
    endloop
  endfacet
  facet normal -0.659194 0.751973 0
    outer loop
      vertex 93.1314 2.86861 3.6
      vertex 92.974 2.73063 4.4
      vertex 93.1314 2.86861 4.4
    endloop
  endfacet
  facet normal -0.659194 0.751973 0
    outer loop
      vertex 92.974 2.73063 4.4
      vertex 93.1314 2.86861 3.6
      vertex 92.974 2.73063 3.6
    endloop
  endfacet
  facet normal -0.442353 0.896841 0
    outer loop
      vertex 92.8 2.61436 3.6
      vertex 92.6123 2.52178 4.4
      vertex 92.8 2.61436 4.4
    endloop
  endfacet
  facet normal -0.442353 0.896841 0
    outer loop
      vertex 92.6123 2.52178 4.4
      vertex 92.8 2.61436 3.6
      vertex 92.6123 2.52178 3.6
    endloop
  endfacet
  facet normal -0.32144 0.94693 0
    outer loop
      vertex 92.6123 2.52178 3.6
      vertex 92.4141 2.4545 4.4
      vertex 92.6123 2.52178 4.4
    endloop
  endfacet
  facet normal -0.32144 0.94693 0
    outer loop
      vertex 92.4141 2.4545 4.4
      vertex 92.6123 2.52178 3.6
      vertex 92.4141 2.4545 3.6
    endloop
  endfacet
  facet normal 0.321555 -0.946891 0
    outer loop
      vertex 3.3877 79.4782 3.6
      vertex 3.58588 79.5455 4.4
      vertex 3.3877 79.4782 4.4
    endloop
  endfacet
  facet normal 0.321555 -0.946891 0
    outer loop
      vertex 3.58588 79.5455 4.4
      vertex 3.3877 79.4782 3.6
      vertex 3.58588 79.5455 3.6
    endloop
  endfacet
  facet normal 0.194958 -0.980812 0
    outer loop
      vertex 3.58588 79.5455 3.6
      vertex 3.79114 79.5863 4.4
      vertex 3.58588 79.5455 4.4
    endloop
  endfacet
  facet normal 0.194958 -0.980812 0
    outer loop
      vertex 3.79114 79.5863 4.4
      vertex 3.58588 79.5455 3.6
      vertex 3.79114 79.5863 3.6
    endloop
  endfacet
  facet normal 0 0 1
    outer loop
      vertex 6 58.6667 3.6
      vertex 2.8 58.6667 3.6
      vertex 6 55.86 3.6
    endloop
  endfacet
  facet normal -0 0 1
    outer loop
      vertex 4 72 3.6
      vertex 6.13333 69.3333 3.6
      vertex 8 72 3.6
    endloop
  endfacet
  facet normal -0 0 1
    outer loop
      vertex 3.58588 79.5455 3.6
      vertex 4 78 3.6
      vertex 3.79114 79.5863 3.6
    endloop
  endfacet
  facet normal -0 0 1
    outer loop
      vertex 3.3877 79.4782 3.6
      vertex 4 78 3.6
      vertex 3.58588 79.5455 3.6
    endloop
  endfacet
  facet normal -0 0 1
    outer loop
      vertex 3.19999 79.3856 3.6
      vertex 4 78 3.6
      vertex 3.3877 79.4782 3.6
    endloop
  endfacet
  facet normal -0 0 1
    outer loop
      vertex 3.02598 79.2694 3.6
      vertex 4 78 3.6
      vertex 3.19999 79.3856 3.6
    endloop
  endfacet
  facet normal -0 0 1
    outer loop
      vertex 2.86861 79.1314 3.6
      vertex 4 78 3.6
      vertex 3.02598 79.2694 3.6
    endloop
  endfacet
  facet normal -0 0 1
    outer loop
      vertex 2.73063 78.974 3.6
      vertex 4 78 3.6
      vertex 2.86861 79.1314 3.6
    endloop
  endfacet
  facet normal 0 0 1
    outer loop
      vertex 4 72 3.6
      vertex 2.8 69.3333 3.6
      vertex 6.13333 69.3333 3.6
    endloop
  endfacet
  facet normal 0 0 1
    outer loop
      vertex 4 78 3.6
      vertex 2.39998 78 3.6
      vertex 4 72 3.6
    endloop
  endfacet
  facet normal 0 0 1
    outer loop
      vertex 2.39998 78 3.6
      vertex 2.8 58.6667 3.6
      vertex 2.8 69.3333 3.6
    endloop
  endfacet
  facet normal 0 0 1
    outer loop
      vertex 2.8 58.6667 3.6
      vertex 2.39998 78 3.6
      vertex 2.8 31.3333 3.6
    endloop
  endfacet
  facet normal 0 0 1
    outer loop
      vertex 4 72 3.6
      vertex 2.39998 78 3.6
      vertex 2.8 69.3333 3.6
    endloop
  endfacet
  facet normal -0 0 1
    outer loop
      vertex 2.61436 78.8 3.6
      vertex 4 78 3.6
      vertex 2.73063 78.974 3.6
    endloop
  endfacet
  facet normal 0 0 1
    outer loop
      vertex 6.13333 20.6667 3.6
      vertex 9.5 24 3.6
      vertex 7 24 3.6
    endloop
  endfacet
  facet normal 0 0 1
    outer loop
      vertex 6.13333 20.6667 3.6
      vertex 7 24 3.6
      vertex 6.13333 31.3333 3.6
    endloop
  endfacet
  facet normal 0 0 1
    outer loop
      vertex 9.5 24 3.6
      vertex 6.13333 20.6667 3.6
      vertex 8 10 3.6
    endloop
  endfacet
  facet normal 0 0 1
    outer loop
      vertex 6.13333 20.6667 3.6
      vertex 4 10 3.6
      vertex 8 10 3.6
    endloop
  endfacet
  facet normal 0 0 1
    outer loop
      vertex 2.39998 3.99999 3.6
      vertex 4 4 3.6
      vertex 4 10 3.6
    endloop
  endfacet
  facet normal 0 -0 1
    outer loop
      vertex 2.41367 3.79114 3.6
      vertex 4 4 3.6
      vertex 2.39998 3.99999 3.6
    endloop
  endfacet
  facet normal 0 0 1
    outer loop
      vertex 4 4 3.6
      vertex 3.79114 2.41367 3.6
      vertex 3.99999 2.39998 3.6
    endloop
  endfacet
  facet normal 0 0 1
    outer loop
      vertex 4 4 3.6
      vertex 3.58588 2.4545 3.6
      vertex 3.79114 2.41367 3.6
    endloop
  endfacet
  facet normal 0 0 1
    outer loop
      vertex 4 4 3.6
      vertex 3.3877 2.52178 3.6
      vertex 3.58588 2.4545 3.6
    endloop
  endfacet
  facet normal 0 0 1
    outer loop
      vertex 4 4 3.6
      vertex 3.19999 2.61436 3.6
      vertex 3.3877 2.52178 3.6
    endloop
  endfacet
  facet normal 0 0 1
    outer loop
      vertex 4 4 3.6
      vertex 3.02598 2.73063 3.6
      vertex 3.19999 2.61436 3.6
    endloop
  endfacet
  facet normal -0 0 1
    outer loop
      vertex 2.8 20.6667 3.6
      vertex 4 10 3.6
      vertex 6.13333 20.6667 3.6
    endloop
  endfacet
  facet normal 0 0 1
    outer loop
      vertex 2.39998 3.99999 3.6
      vertex 4 10 3.6
      vertex 2.8 20.6667 3.6
    endloop
  endfacet
  facet normal 0 0 1
    outer loop
      vertex 4 4 3.6
      vertex 2.86861 2.86861 3.6
      vertex 3.02598 2.73063 3.6
    endloop
  endfacet
  facet normal 0 0 1
    outer loop
      vertex 2.39998 3.99999 3.6
      vertex 2.8 31.3333 3.6
      vertex 2.39998 78 3.6
    endloop
  endfacet
  facet normal -0 0 1
    outer loop
      vertex 2.52178 78.6123 3.6
      vertex 4 78 3.6
      vertex 2.61436 78.8 3.6
    endloop
  endfacet
  facet normal 0 0 1
    outer loop
      vertex 2.8 31.3333 3.6
      vertex 2.39998 3.99999 3.6
      vertex 2.8 20.6667 3.6
    endloop
  endfacet
  facet normal -0 0 1
    outer loop
      vertex 2.4545 78.4141 3.6
      vertex 4 78 3.6
      vertex 2.52178 78.6123 3.6
    endloop
  endfacet
  facet normal 0 0 1
    outer loop
      vertex 4 4 3.6
      vertex 2.73063 3.02598 3.6
      vertex 2.86861 2.86861 3.6
    endloop
  endfacet
  facet normal -0 0 1
    outer loop
      vertex 2.41367 78.2088 3.6
      vertex 4 78 3.6
      vertex 2.4545 78.4141 3.6
    endloop
  endfacet
  facet normal 0 0 1
    outer loop
      vertex 4 4 3.6
      vertex 2.61436 3.19999 3.6
      vertex 2.73063 3.02598 3.6
    endloop
  endfacet
  facet normal 0 0 1
    outer loop
      vertex 4 78 3.6
      vertex 2.41367 78.2088 3.6
      vertex 2.39998 78 3.6
    endloop
  endfacet
  facet normal 0 0 1
    outer loop
      vertex 4 4 3.6
      vertex 2.52178 3.3877 3.6
      vertex 2.61436 3.19999 3.6
    endloop
  endfacet
  facet normal 0 0 1
    outer loop
      vertex 4 4 3.6
      vertex 2.4545 3.58588 3.6
      vertex 2.52178 3.3877 3.6
    endloop
  endfacet
  facet normal 0 0 1
    outer loop
      vertex 4 4 3.6
      vertex 2.41367 3.79114 3.6
      vertex 2.4545 3.58588 3.6
    endloop
  endfacet
  facet normal -0 0 1
    outer loop
      vertex 7 44 3.6
      vertex 9.5 32 3.6
      vertex 9.5 44 3.6
    endloop
  endfacet
  facet normal 0 0 1
    outer loop
      vertex 9.5 32 3.6
      vertex 7 44 3.6
      vertex 7 32 3.6
    endloop
  endfacet
  facet normal -0 0 1
    outer loop
      vertex 17 44 3.6
      vertex 31 34 3.6
      vertex 31 44 3.6
    endloop
  endfacet
  facet normal 0 0 1
    outer loop
      vertex 31 34 3.6
      vertex 17 44 3.6
      vertex 17 34 3.6
    endloop
  endfacet
  facet normal -0 0 1
    outer loop
      vertex 38.44 44 3.6
      vertex 40.94 32 3.6
      vertex 40.94 44 3.6
    endloop
  endfacet
  facet normal 0 0 1
    outer loop
      vertex 40.94 32 3.6
      vertex 38.44 44 3.6
      vertex 38.44 32 3.6
    endloop
  endfacet
  facet normal 0 0 1
    outer loop
      vertex 46 40 3.6
      vertex 40.94 32 3.6
      vertex 46 34 3.6
    endloop
  endfacet
  facet normal 0 0 1
    outer loop
      vertex 42 55.86 3.6
      vertex 38.44 52 3.6
      vertex 40.94 52 3.6
    endloop
  endfacet
  facet normal 0 0 1
    outer loop
      vertex 31 44 3.6
      vertex 38.44 44 3.6
      vertex 38.44 52 3.6
    endloop
  endfacet
  facet normal 0 0 1
    outer loop
      vertex 31 34 3.6
      vertex 38.44 44 3.6
      vertex 31 44 3.6
    endloop
  endfacet
  facet normal 0 0 1
    outer loop
      vertex 31 44 3.6
      vertex 38.44 52 3.6
      vertex 31 54 3.6
    endloop
  endfacet
  facet normal 0 0 1
    outer loop
      vertex 42 55.86 3.6
      vertex 31 54 3.6
      vertex 38.44 52 3.6
    endloop
  endfacet
  facet normal -0 0 1
    outer loop
      vertex 29.5 55.86 3.6
      vertex 31 54 3.6
      vertex 42 55.86 3.6
    endloop
  endfacet
  facet normal 0 0 1
    outer loop
      vertex 18.5 55.86 3.6
      vertex 29.5 55.86 3.6
      vertex 18.5 59.86 3.6
    endloop
  endfacet
  facet normal 0 0 1
    outer loop
      vertex 29.5 55.86 3.6
      vertex 18.5 55.86 3.6
      vertex 31 54 3.6
    endloop
  endfacet
  facet normal 0 0 1
    outer loop
      vertex 18.5 55.86 3.6
      vertex 17 54 3.6
      vertex 31 54 3.6
    endloop
  endfacet
  facet normal -0 0 1
    outer loop
      vertex 9.5 52 3.6
      vertex 17 44 3.6
      vertex 17 54 3.6
    endloop
  endfacet
  facet normal 0 0 1
    outer loop
      vertex 17 44 3.6
      vertex 9.5 44 3.6
      vertex 17 34 3.6
    endloop
  endfacet
  facet normal 0 0 1
    outer loop
      vertex 17 44 3.6
      vertex 9.5 52 3.6
      vertex 9.5 44 3.6
    endloop
  endfacet
  facet normal -0 0 1
    outer loop
      vertex 6 55.86 3.6
      vertex 17 54 3.6
      vertex 18.5 55.86 3.6
    endloop
  endfacet
  facet normal 0 0 1
    outer loop
      vertex 17 54 3.6
      vertex 6 55.86 3.6
      vertex 9.5 52 3.6
    endloop
  endfacet
  facet normal 0 0 1
    outer loop
      vertex 2.8 58.6667 3.6
      vertex 7 44 3.6
      vertex 7 52 3.6
    endloop
  endfacet
  facet normal 0 0 1
    outer loop
      vertex 7 44 3.6
      vertex 2.8 31.3333 3.6
      vertex 7 32 3.6
    endloop
  endfacet
  facet normal 0 0 1
    outer loop
      vertex 7 32 3.6
      vertex 6.13333 31.3333 3.6
      vertex 7 24 3.6
    endloop
  endfacet
  facet normal 0 0 1
    outer loop
      vertex 9.5 52 3.6
      vertex 6 55.86 3.6
      vertex 7 52 3.6
    endloop
  endfacet
  facet normal 0 0 1
    outer loop
      vertex 2.8 58.6667 3.6
      vertex 7 52 3.6
      vertex 6 55.86 3.6
    endloop
  endfacet
  facet normal 0 0 1
    outer loop
      vertex 7 44 3.6
      vertex 2.8 58.6667 3.6
      vertex 2.8 31.3333 3.6
    endloop
  endfacet
  facet normal 0 0 1
    outer loop
      vertex 7 32 3.6
      vertex 2.8 31.3333 3.6
      vertex 6.13333 31.3333 3.6
    endloop
  endfacet
  facet normal 0 0 1
    outer loop
      vertex 42 55.86 3.6
      vertex 43.5072 59 3.6
      vertex 43.4 59 3.6
    endloop
  endfacet
  facet normal 0 0 1
    outer loop
      vertex 43.5072 59 3.6
      vertex 42 55.86 3.6
      vertex 43.5072 49 3.6
    endloop
  endfacet
  facet normal -0 0 1
    outer loop
      vertex 43.4 21 3.6
      vertex 43.5072 11 3.6
      vertex 43.5072 21 3.6
    endloop
  endfacet
  facet normal 0 0 1
    outer loop
      vertex 43.5072 11 3.6
      vertex 43.4 21 3.6
      vertex 43.4 11 3.6
    endloop
  endfacet
  facet normal 0 0 1
    outer loop
      vertex 46 34 3.6
      vertex 40.94 32 3.6
      vertex 43.4 24.5 3.6
    endloop
  endfacet
  facet normal 0 0 1
    outer loop
      vertex 40.94 24 3.6
      vertex 43.4 24.5 3.6
      vertex 40.94 32 3.6
    endloop
  endfacet
  facet normal 0 0 1
    outer loop
      vertex 43.4 24.5 3.6
      vertex 40.94 24 3.6
      vertex 42 6.4 3.6
    endloop
  endfacet
  facet normal -0 0 1
    outer loop
      vertex 38.44 24 3.6
      vertex 42 6.4 3.6
      vertex 40.94 24 3.6
    endloop
  endfacet
  facet normal 0 0 1
    outer loop
      vertex 38.44 44 3.6
      vertex 31 34 3.6
      vertex 38.44 32 3.6
    endloop
  endfacet
  facet normal 0 0 1
    outer loop
      vertex 31 24 3.6
      vertex 38.44 32 3.6
      vertex 31 34 3.6
    endloop
  endfacet
  facet normal 0 0 1
    outer loop
      vertex 38.44 32 3.6
      vertex 31 24 3.6
      vertex 38.44 24 3.6
    endloop
  endfacet
  facet normal 0 0 1
    outer loop
      vertex 29.5 6.4 3.6
      vertex 38.44 24 3.6
      vertex 31 24 3.6
    endloop
  endfacet
  facet normal 0 0 1
    outer loop
      vertex 38.44 24 3.6
      vertex 29.5 6.4 3.6
      vertex 42 6.4 3.6
    endloop
  endfacet
  facet normal 0 0 1
    outer loop
      vertex 29.5 6.4 3.6
      vertex 18.5 6.4 3.6
      vertex 29.5 2.4 3.6
    endloop
  endfacet
  facet normal 0 0 1
    outer loop
      vertex 31 24 3.6
      vertex 18.5 6.4 3.6
      vertex 29.5 6.4 3.6
    endloop
  endfacet
  facet normal -0 0 1
    outer loop
      vertex 17 24 3.6
      vertex 18.5 6.4 3.6
      vertex 31 24 3.6
    endloop
  endfacet
  facet normal 0 0 1
    outer loop
      vertex 9.5 32 3.6
      vertex 17 34 3.6
      vertex 9.5 44 3.6
    endloop
  endfacet
  facet normal 0 0 1
    outer loop
      vertex 17 34 3.6
      vertex 9.5 32 3.6
      vertex 17 24 3.6
    endloop
  endfacet
  facet normal 0 0 1
    outer loop
      vertex 9.5 24 3.6
      vertex 17 24 3.6
      vertex 9.5 32 3.6
    endloop
  endfacet
  facet normal 0 0 1
    outer loop
      vertex 8 10 3.6
      vertex 17 24 3.6
      vertex 9.5 24 3.6
    endloop
  endfacet
  facet normal 0 0 1
    outer loop
      vertex 17 24 3.6
      vertex 8 10 3.6
      vertex 18.5 6.4 3.6
    endloop
  endfacet
  facet normal 0 0 1
    outer loop
      vertex 18.5 6.4 3.6
      vertex 8 10 3.6
      vertex 8 6.4 3.6
    endloop
  endfacet
  facet normal -0 0 1
    outer loop
      vertex 8 72 3.6
      vertex 18.5 59.86 3.6
      vertex 8 78 3.6
    endloop
  endfacet
  facet normal -0 0 1
    outer loop
      vertex 6.13333 69.3333 3.6
      vertex 18.5 59.86 3.6
      vertex 8 72 3.6
    endloop
  endfacet
  facet normal 0 0 1
    outer loop
      vertex 18.5 59.86 3.6
      vertex 6.13333 69.3333 3.6
      vertex 6.13333 59.86 3.6
    endloop
  endfacet
  facet normal 0 0 1
    outer loop
      vertex 6 4 3.6
      vertex 4 4 3.6
      vertex 6 2.4 3.6
    endloop
  endfacet
  facet normal 0 0 1
    outer loop
      vertex 47.9333 47.6667 3.6
      vertex 60 70 3.6
      vertex 47.9333 60.3333 3.6
    endloop
  endfacet
  facet normal 0 0 1
    outer loop
      vertex 50 64 3.6
      vertex 46.6 62.5 3.6
      vertex 47.9333 60.3333 3.6
    endloop
  endfacet
  facet normal -0 0 1
    outer loop
      vertex 46 64 3.6
      vertex 46.6 62.5 3.6
      vertex 50 64 3.6
    endloop
  endfacet
  facet normal 0 0 1
    outer loop
      vertex 46.6 62.5 3.6
      vertex 46 64 3.6
      vertex 43.4 62.5 3.6
    endloop
  endfacet
  facet normal 0 0 1
    outer loop
      vertex 88 7 3.6
      vertex 84 7 3.6
      vertex 88 4 3.6
    endloop
  endfacet
  facet normal 0 0 1
    outer loop
      vertex 88.0667 47.6667 3.6
      vertex 50 40 3.6
      vertex 86 40 3.6
    endloop
  endfacet
  facet normal 0 0 1
    outer loop
      vertex 50 34 3.6
      vertex 86 40 3.6
      vertex 50 40 3.6
    endloop
  endfacet
  facet normal 0 0 1
    outer loop
      vertex 47.9333 22.3333 3.6
      vertex 86 40 3.6
      vertex 50 34 3.6
    endloop
  endfacet
  facet normal 0 0 1
    outer loop
      vertex 86 40 3.6
      vertex 47.9333 22.3333 3.6
      vertex 52 10 3.6
    endloop
  endfacet
  facet normal 0 0 1
    outer loop
      vertex 47.9333 9.66667 3.6
      vertex 48 10 3.6
      vertex 47.9333 22.3333 3.6
    endloop
  endfacet
  facet normal 0 0 1
    outer loop
      vertex 52 10 3.6
      vertex 47.9333 22.3333 3.6
      vertex 48 10 3.6
    endloop
  endfacet
  facet normal 0 0 1
    outer loop
      vertex 50 34 3.6
      vertex 46.6 24.5 3.6
      vertex 47.9333 22.3333 3.6
    endloop
  endfacet
  facet normal -0 0 1
    outer loop
      vertex 46 34 3.6
      vertex 46.6 24.5 3.6
      vertex 50 34 3.6
    endloop
  endfacet
  facet normal 0 0 1
    outer loop
      vertex 40.94 32 3.6
      vertex 46 40 3.6
      vertex 40.94 44 3.6
    endloop
  endfacet
  facet normal 0 0 1
    outer loop
      vertex 46 34 3.6
      vertex 43.4 24.5 3.6
      vertex 46.6 24.5 3.6
    endloop
  endfacet
  facet normal 0 0 1
    outer loop
      vertex 60 70 3.6
      vertex 47.9333 47.6667 3.6
      vertex 50 40 3.6
    endloop
  endfacet
  facet normal 0 0 1
    outer loop
      vertex 46.6 45.5 3.6
      vertex 47.9333 47.6667 3.6
      vertex 46.6 47.6667 3.6
    endloop
  endfacet
  facet normal 0 0 1
    outer loop
      vertex 47.9333 47.6667 3.6
      vertex 46.6 45.5 3.6
      vertex 50 40 3.6
    endloop
  endfacet
  facet normal 0 0 1
    outer loop
      vertex 46.6 45.5 3.6
      vertex 46 40 3.6
      vertex 50 40 3.6
    endloop
  endfacet
  facet normal -0 0 1
    outer loop
      vertex 40.94 44 3.6
      vertex 46 40 3.6
      vertex 43.4 45.5 3.6
    endloop
  endfacet
  facet normal -0 0 1
    outer loop
      vertex 43.4 45.5 3.6
      vertex 46 40 3.6
      vertex 46.6 45.5 3.6
    endloop
  endfacet
  facet normal 0 0 1
    outer loop
      vertex 47.9333 60.3333 3.6
      vertex 46.6 62.5 3.6
      vertex 46.6 60.3333 3.6
    endloop
  endfacet
  facet normal 0 0 1
    outer loop
      vertex 47.9333 22.3333 3.6
      vertex 46.6 24.5 3.6
      vertex 46.6 22.3333 3.6
    endloop
  endfacet
  facet normal 0 0 1
    outer loop
      vertex 89.8667 64 3.6
      vertex 89.4 62.5 3.6
      vertex 89.8667 62.5 3.6
    endloop
  endfacet
  facet normal 0 0 1
    outer loop
      vertex 89.4 62.5 3.6
      vertex 88.0667 60.3333 3.6
      vertex 89.4 60.3333 3.6
    endloop
  endfacet
  facet normal -0 0 1
    outer loop
      vertex 86 64 3.6
      vertex 89.4 62.5 3.6
      vertex 89.8667 64 3.6
    endloop
  endfacet
  facet normal 0 0 1
    outer loop
      vertex 76 70 3.6
      vertex 88.0667 60.3333 3.6
      vertex 86 64 3.6
    endloop
  endfacet
  facet normal 0 0 1
    outer loop
      vertex 89.4 62.5 3.6
      vertex 86 64 3.6
      vertex 88.0667 60.3333 3.6
    endloop
  endfacet
  facet normal 0 0 1
    outer loop
      vertex 89.4 47.6667 3.6
      vertex 88.0667 47.6667 3.6
      vertex 89.4 45.5 3.6
    endloop
  endfacet
  facet normal -0 0 1
    outer loop
      vertex 89.4 45.5 3.6
      vertex 90 40 3.6
      vertex 92.6 45.5 3.6
    endloop
  endfacet
  facet normal 0 0 1
    outer loop
      vertex 86 40 3.6
      vertex 89.4 45.5 3.6
      vertex 88.0667 47.6667 3.6
    endloop
  endfacet
  facet normal 0 0 1
    outer loop
      vertex 89.4 45.5 3.6
      vertex 86 40 3.6
      vertex 90 40 3.6
    endloop
  endfacet
  facet normal 0 0 1
    outer loop
      vertex 88.0667 60.3333 3.6
      vertex 76 70 3.6
      vertex 88.0667 47.6667 3.6
    endloop
  endfacet
  facet normal -0 0 1
    outer loop
      vertex 88 72 3.6
      vertex 90 70 3.6
      vertex 92 72 3.6
    endloop
  endfacet
  facet normal 0 0 1
    outer loop
      vertex 90 70 3.6
      vertex 88 72 3.6
      vertex 86 70 3.6
    endloop
  endfacet
  facet normal 0 0 1
    outer loop
      vertex 92 79.6 3.6
      vertex 92 78 3.6
      vertex 92.2088 79.5863 3.6
    endloop
  endfacet
  facet normal 0 0 1
    outer loop
      vertex 92 79.6 3.6
      vertex 88 78 3.6
      vertex 92 78 3.6
    endloop
  endfacet
  facet normal 0 0 1
    outer loop
      vertex 88 78 3.6
      vertex 86 70 3.6
      vertex 88 72 3.6
    endloop
  endfacet
  facet normal -0 0 1
    outer loop
      vertex 76 70 3.6
      vertex 86 64 3.6
      vertex 86 70 3.6
    endloop
  endfacet
  facet normal -0 0 1
    outer loop
      vertex 60 70 3.6
      vertex 88.0667 47.6667 3.6
      vertex 76 70 3.6
    endloop
  endfacet
  facet normal 0 0 1
    outer loop
      vertex 50 40 3.6
      vertex 88.0667 47.6667 3.6
      vertex 60 70 3.6
    endloop
  endfacet
  facet normal 0 0 1
    outer loop
      vertex 47.9333 60.3333 3.6
      vertex 60 70 3.6
      vertex 50 64 3.6
    endloop
  endfacet
  facet normal 0 0 1
    outer loop
      vertex 76 70 3.6
      vertex 86 70 3.6
      vertex 76 71.6 3.6
    endloop
  endfacet
  facet normal 0 0 1
    outer loop
      vertex 88 78 3.6
      vertex 76 71.6 3.6
      vertex 86 70 3.6
    endloop
  endfacet
  facet normal 0 0 1
    outer loop
      vertex 88 78 3.6
      vertex 60 71.6 3.6
      vertex 76 71.6 3.6
    endloop
  endfacet
  facet normal 0 0 1
    outer loop
      vertex 92 79.6 3.6
      vertex 60 71.6 3.6
      vertex 88 78 3.6
    endloop
  endfacet
  facet normal 0 0 1
    outer loop
      vertex 50 70 3.6
      vertex 60 70 3.6
      vertex 60 71.6 3.6
    endloop
  endfacet
  facet normal 0 0 1
    outer loop
      vertex 50 64 3.6
      vertex 60 70 3.6
      vertex 50 70 3.6
    endloop
  endfacet
  facet normal -0 0 1
    outer loop
      vertex 3.99999 79.6 3.6
      vertex 60 71.6 3.6
      vertex 92 79.6 3.6
    endloop
  endfacet
  facet normal 0 0 1
    outer loop
      vertex 60 71.6 3.6
      vertex 46 70 3.6
      vertex 50 70 3.6
    endloop
  endfacet
  facet normal 0 0 1
    outer loop
      vertex 46 70 3.6
      vertex 43.4 62.5 3.6
      vertex 46 64 3.6
    endloop
  endfacet
  facet normal -0 0 1
    outer loop
      vertex 42 59.86 3.6
      vertex 43.4 59 3.6
      vertex 43.4 62.5 3.6
    endloop
  endfacet
  facet normal -0 0 1
    outer loop
      vertex 40.94 52 3.6
      vertex 43.5072 49 3.6
      vertex 42 55.86 3.6
    endloop
  endfacet
  facet normal 0 0 1
    outer loop
      vertex 43.5072 49 3.6
      vertex 40.94 52 3.6
      vertex 43.4 49 3.6
    endloop
  endfacet
  facet normal 0 0 1
    outer loop
      vertex 40.94 44 3.6
      vertex 43.4 49 3.6
      vertex 40.94 52 3.6
    endloop
  endfacet
  facet normal 0 0 1
    outer loop
      vertex 43.4 49 3.6
      vertex 40.94 44 3.6
      vertex 43.4 45.5 3.6
    endloop
  endfacet
  facet normal 0 0 1
    outer loop
      vertex 43.4 24.5 3.6
      vertex 42 6.4 3.6
      vertex 43.4 21 3.6
    endloop
  endfacet
  facet normal 0 0 1
    outer loop
      vertex 43.4 59 3.6
      vertex 42 59.86 3.6
      vertex 42 55.86 3.6
    endloop
  endfacet
  facet normal 0 0 1
    outer loop
      vertex 29.5 59.86 3.6
      vertex 43.4 62.5 3.6
      vertex 46 70 3.6
    endloop
  endfacet
  facet normal 0 0 1
    outer loop
      vertex 43.4 62.5 3.6
      vertex 29.5 59.86 3.6
      vertex 42 59.86 3.6
    endloop
  endfacet
  facet normal 0 0 1
    outer loop
      vertex 29.5 59.86 3.6
      vertex 18.5 59.86 3.6
      vertex 29.5 55.86 3.6
    endloop
  endfacet
  facet normal 0 0 1
    outer loop
      vertex 8 78 3.6
      vertex 29.5 59.86 3.6
      vertex 46 70 3.6
    endloop
  endfacet
  facet normal 0 0 1
    outer loop
      vertex 29.5 59.86 3.6
      vertex 8 78 3.6
      vertex 18.5 59.86 3.6
    endloop
  endfacet
  facet normal 0 0 1
    outer loop
      vertex 60 71.6 3.6
      vertex 8 78 3.6
      vertex 46 70 3.6
    endloop
  endfacet
  facet normal 0 0 1
    outer loop
      vertex 60 71.6 3.6
      vertex 3.99999 79.6 3.6
      vertex 8 78 3.6
    endloop
  endfacet
  facet normal -0 0 1
    outer loop
      vertex 3.79114 79.5863 3.6
      vertex 4 78 3.6
      vertex 3.99999 79.6 3.6
    endloop
  endfacet
  facet normal 0 0 1
    outer loop
      vertex 8 78 3.6
      vertex 3.99999 79.6 3.6
      vertex 4 78 3.6
    endloop
  endfacet
  facet normal 0 0 1
    outer loop
      vertex 92.6 45.5 3.6
      vertex 93.2 58.6667 3.6
      vertex 92.6 49 3.6
    endloop
  endfacet
  facet normal -0 0 1
    outer loop
      vertex 92.4928 58.6667 3.6
      vertex 92.6 49 3.6
      vertex 93.2 58.6667 3.6
    endloop
  endfacet
  facet normal 0 0 1
    outer loop
      vertex 92.6 49 3.6
      vertex 92.4928 58.6667 3.6
      vertex 92.4928 49 3.6
    endloop
  endfacet
  facet normal 0 0 1
    outer loop
      vertex 92 78 3.6
      vertex 93.6 78 3.6
      vertex 93.5863 78.2088 3.6
    endloop
  endfacet
  facet normal 0 0 1
    outer loop
      vertex 93.6 78 3.6
      vertex 93.2 58.6667 3.6
      vertex 93.6 3.99999 3.6
    endloop
  endfacet
  facet normal 0 0 1
    outer loop
      vertex 92 78 3.6
      vertex 93.5863 78.2088 3.6
      vertex 93.5455 78.4141 3.6
    endloop
  endfacet
  facet normal -0 0 1
    outer loop
      vertex 93.2 31.3333 3.6
      vertex 93.6 3.99999 3.6
      vertex 93.2 58.6667 3.6
    endloop
  endfacet
  facet normal 0 0 1
    outer loop
      vertex 92 78 3.6
      vertex 93.5455 78.4141 3.6
      vertex 93.4782 78.6123 3.6
    endloop
  endfacet
  facet normal -0 0 1
    outer loop
      vertex 93.2 20.6667 3.6
      vertex 93.6 3.99999 3.6
      vertex 93.2 31.3333 3.6
    endloop
  endfacet
  facet normal 0 0 1
    outer loop
      vertex 92 78 3.6
      vertex 93.4782 78.6123 3.6
      vertex 93.3856 78.8 3.6
    endloop
  endfacet
  facet normal -0 0 1
    outer loop
      vertex 92.6 11 3.6
      vertex 93.6 3.99999 3.6
      vertex 93.2 20.6667 3.6
    endloop
  endfacet
  facet normal 0 0 1
    outer loop
      vertex 92 78 3.6
      vertex 93.3856 78.8 3.6
      vertex 93.2694 78.974 3.6
    endloop
  endfacet
  facet normal 0 0 1
    outer loop
      vertex 93.6 78 3.6
      vertex 93.2 69.3333 3.6
      vertex 93.2 58.6667 3.6
    endloop
  endfacet
  facet normal -0 0 1
    outer loop
      vertex 92.6 7.50001 3.6
      vertex 93.6 3.99999 3.6
      vertex 92.6 11 3.6
    endloop
  endfacet
  facet normal 0 0 1
    outer loop
      vertex 92 78 3.6
      vertex 93.2694 78.974 3.6
      vertex 93.1314 79.1314 3.6
    endloop
  endfacet
  facet normal 0 0 1
    outer loop
      vertex 92 78 3.6
      vertex 93.1314 79.1314 3.6
      vertex 92.974 79.2694 3.6
    endloop
  endfacet
  facet normal 0 0 1
    outer loop
      vertex 92 78 3.6
      vertex 92.974 79.2694 3.6
      vertex 92.8 79.3856 3.6
    endloop
  endfacet
  facet normal 0 0 1
    outer loop
      vertex 92 78 3.6
      vertex 92.8 79.3856 3.6
      vertex 92.6123 79.4782 3.6
    endloop
  endfacet
  facet normal 0 0 1
    outer loop
      vertex 92 78 3.6
      vertex 92.6123 79.4782 3.6
      vertex 92.4141 79.5455 3.6
    endloop
  endfacet
  facet normal 0 0 1
    outer loop
      vertex 92 78 3.6
      vertex 92.4141 79.5455 3.6
      vertex 92.2088 79.5863 3.6
    endloop
  endfacet
  facet normal 0 0 1
    outer loop
      vertex 93.6 78 3.6
      vertex 92 78 3.6
      vertex 92 72 3.6
    endloop
  endfacet
  facet normal 0 0 1
    outer loop
      vertex 93.6 78 3.6
      vertex 92 72 3.6
      vertex 93.2 69.3333 3.6
    endloop
  endfacet
  facet normal -0 0 1
    outer loop
      vertex 90 70 3.6
      vertex 93.2 69.3333 3.6
      vertex 92 72 3.6
    endloop
  endfacet
  facet normal 0 0 1
    outer loop
      vertex 93.2 69.3333 3.6
      vertex 90 70 3.6
      vertex 90 69.3333 3.6
    endloop
  endfacet
  facet normal -0 0 1
    outer loop
      vertex 92 4 3.6
      vertex 93.6 3.99999 3.6
      vertex 92.6 7.50001 3.6
    endloop
  endfacet
  facet normal 0 0 1
    outer loop
      vertex 93.6 3.99999 3.6
      vertex 92 4 3.6
      vertex 93.5863 3.79114 3.6
    endloop
  endfacet
  facet normal 0 0 1
    outer loop
      vertex 93.5863 3.79114 3.6
      vertex 92 4 3.6
      vertex 93.5455 3.58588 3.6
    endloop
  endfacet
  facet normal 0 0 1
    outer loop
      vertex 93.5455 3.58588 3.6
      vertex 92 4 3.6
      vertex 93.4782 3.3877 3.6
    endloop
  endfacet
  facet normal 0 0 1
    outer loop
      vertex 93.4782 3.3877 3.6
      vertex 92 4 3.6
      vertex 93.3856 3.19999 3.6
    endloop
  endfacet
  facet normal 0 0 1
    outer loop
      vertex 93.3856 3.19999 3.6
      vertex 92 4 3.6
      vertex 93.2694 3.02598 3.6
    endloop
  endfacet
  facet normal 0 0 1
    outer loop
      vertex 93.1314 2.86861 3.6
      vertex 92 4 3.6
      vertex 92.974 2.73063 3.6
    endloop
  endfacet
  facet normal 0 0 1
    outer loop
      vertex 93.2694 3.02598 3.6
      vertex 92 4 3.6
      vertex 93.1314 2.86861 3.6
    endloop
  endfacet
  facet normal -0 0 1
    outer loop
      vertex 92.4928 20.6667 3.6
      vertex 92.6 11 3.6
      vertex 93.2 20.6667 3.6
    endloop
  endfacet
  facet normal 0 0 1
    outer loop
      vertex 92.6 11 3.6
      vertex 92.4928 20.6667 3.6
      vertex 92.4928 11 3.6
    endloop
  endfacet
  facet normal 0 0 1
    outer loop
      vertex 93.2 58.6667 3.6
      vertex 92.6 45.5 3.6
      vertex 93.2 31.3333 3.6
    endloop
  endfacet
  facet normal -0 0 1
    outer loop
      vertex 90 40 3.6
      vertex 93.2 31.3333 3.6
      vertex 92.6 45.5 3.6
    endloop
  endfacet
  facet normal -0 0 1
    outer loop
      vertex 90 34 3.6
      vertex 93.2 31.3333 3.6
      vertex 90 40 3.6
    endloop
  endfacet
  facet normal 0 0 1
    outer loop
      vertex 90 34 3.6
      vertex 89.8667 31.3333 3.6
      vertex 93.2 31.3333 3.6
    endloop
  endfacet
  facet normal 0 0 1
    outer loop
      vertex 89.8667 31.3333 3.6
      vertex 89.4 24.5 3.6
      vertex 89.8667 24.5 3.6
    endloop
  endfacet
  facet normal -0 0 1
    outer loop
      vertex 86 34 3.6
      vertex 89.8667 31.3333 3.6
      vertex 90 34 3.6
    endloop
  endfacet
  facet normal 0 0 1
    outer loop
      vertex 89.4 24.5 3.6
      vertex 88.0667 22.3333 3.6
      vertex 89.4 22.3333 3.6
    endloop
  endfacet
  facet normal 0 0 1
    outer loop
      vertex 89.8667 31.3333 3.6
      vertex 86 34 3.6
      vertex 89.4 24.5 3.6
    endloop
  endfacet
  facet normal 0 0 1
    outer loop
      vertex 89.4 24.5 3.6
      vertex 86 34 3.6
      vertex 88.0667 22.3333 3.6
    endloop
  endfacet
  facet normal 0 0 1
    outer loop
      vertex 84 10 3.6
      vertex 88.0667 22.3333 3.6
      vertex 86 34 3.6
    endloop
  endfacet
  facet normal 0 0 1
    outer loop
      vertex 88.0667 22.3333 3.6
      vertex 84 10 3.6
      vertex 88.0667 10 3.6
    endloop
  endfacet
  facet normal 0 0 1
    outer loop
      vertex 92.974 2.73063 3.6
      vertex 92 4 3.6
      vertex 92.8 2.61436 3.6
    endloop
  endfacet
  facet normal 0 0 1
    outer loop
      vertex 92.8 2.61436 3.6
      vertex 92 4 3.6
      vertex 92.6123 2.52178 3.6
    endloop
  endfacet
  facet normal 0 0 1
    outer loop
      vertex 92.6123 2.52178 3.6
      vertex 92 4 3.6
      vertex 92.4141 2.4545 3.6
    endloop
  endfacet
  facet normal 0 0 1
    outer loop
      vertex 92 4 3.6
      vertex 92.6 7.50001 3.6
      vertex 92 7.50001 3.6
    endloop
  endfacet
  facet normal 0 0 1
    outer loop
      vertex 92.4141 2.4545 3.6
      vertex 92 4 3.6
      vertex 92.2088 2.41367 3.6
    endloop
  endfacet
  facet normal 0 0 1
    outer loop
      vertex 92 4 3.6
      vertex 92 2.39998 3.6
      vertex 92.2088 2.41367 3.6
    endloop
  endfacet
  facet normal -0 0 1
    outer loop
      vertex 88 4 3.6
      vertex 92 2.39998 3.6
      vertex 92 4 3.6
    endloop
  endfacet
  facet normal 0 0 1
    outer loop
      vertex 86 34 3.6
      vertex 52 10 3.6
      vertex 84 10 3.6
    endloop
  endfacet
  facet normal 0 0 1
    outer loop
      vertex 86 40 3.6
      vertex 52 10 3.6
      vertex 86 34 3.6
    endloop
  endfacet
  facet normal 0 0 1
    outer loop
      vertex 84 10 3.6
      vertex 52 10 3.6
      vertex 84 7 3.6
    endloop
  endfacet
  facet normal 0 0 1
    outer loop
      vertex 52 7 3.6
      vertex 84 7 3.6
      vertex 52 10 3.6
    endloop
  endfacet
  facet normal 0 0 1
    outer loop
      vertex 84 7 3.6
      vertex 52 7 3.6
      vertex 88 4 3.6
    endloop
  endfacet
  facet normal 0 0 1
    outer loop
      vertex 42 2.4 3.6
      vertex 88 4 3.6
      vertex 52 7 3.6
    endloop
  endfacet
  facet normal 0 0 1
    outer loop
      vertex 42 2.4 3.6
      vertex 52 7 3.6
      vertex 48 7 3.6
    endloop
  endfacet
  facet normal 0 0 1
    outer loop
      vertex 48 10 3.6
      vertex 47.9333 9.66667 3.6
      vertex 48 7 3.6
    endloop
  endfacet
  facet normal 0 0 1
    outer loop
      vertex 46.6 7.50001 3.6
      vertex 47.9333 9.66667 3.6
      vertex 46.6 9.66667 3.6
    endloop
  endfacet
  facet normal 0 0 1
    outer loop
      vertex 47.9333 9.66667 3.6
      vertex 46.6 7.50001 3.6
      vertex 48 7 3.6
    endloop
  endfacet
  facet normal 0 0 1
    outer loop
      vertex 42 2.4 3.6
      vertex 46.6 7.50001 3.6
      vertex 43.4 7.50001 3.6
    endloop
  endfacet
  facet normal 0 0 1
    outer loop
      vertex 43.4 21 3.6
      vertex 42 6.4 3.6
      vertex 43.4 11 3.6
    endloop
  endfacet
  facet normal 0 0 1
    outer loop
      vertex 43.4 11 3.6
      vertex 42 6.4 3.6
      vertex 43.4 7.50001 3.6
    endloop
  endfacet
  facet normal 0 0 1
    outer loop
      vertex 42 2.4 3.6
      vertex 43.4 7.50001 3.6
      vertex 42 6.4 3.6
    endloop
  endfacet
  facet normal 0 0 1
    outer loop
      vertex 46.6 7.50001 3.6
      vertex 42 2.4 3.6
      vertex 48 7 3.6
    endloop
  endfacet
  facet normal 0 0 1
    outer loop
      vertex 88 4 3.6
      vertex 42 2.4 3.6
      vertex 92 2.39998 3.6
    endloop
  endfacet
  facet normal -0 0 1
    outer loop
      vertex 29.5 2.4 3.6
      vertex 92 2.39998 3.6
      vertex 42 2.4 3.6
    endloop
  endfacet
  facet normal 0 0 1
    outer loop
      vertex 18.5 2.4 3.6
      vertex 29.5 2.4 3.6
      vertex 18.5 6.4 3.6
    endloop
  endfacet
  facet normal -0 0 1
    outer loop
      vertex 18.5 2.4 3.6
      vertex 92 2.39998 3.6
      vertex 29.5 2.4 3.6
    endloop
  endfacet
  facet normal -0 0 1
    outer loop
      vertex 6 2.4 3.6
      vertex 92 2.39998 3.6
      vertex 18.5 2.4 3.6
    endloop
  endfacet
  facet normal 0 0 1
    outer loop
      vertex 6 2.4 3.6
      vertex 3.99999 2.39998 3.6
      vertex 92 2.39998 3.6
    endloop
  endfacet
  facet normal 0 0 1
    outer loop
      vertex 3.99999 2.39998 3.6
      vertex 6 2.4 3.6
      vertex 4 4 3.6
    endloop
  endfacet
  facet normal -0.751925 -0.659248 0
    outer loop
      vertex 93.2694 78.974 3.6
      vertex 93.1314 79.1314 4.4
      vertex 93.1314 79.1314 3.6
    endloop
  endfacet
  facet normal -0.751925 -0.659248 0
    outer loop
      vertex 93.1314 79.1314 4.4
      vertex 93.2694 78.974 3.6
      vertex 93.2694 78.974 4.4
    endloop
  endfacet
  facet normal -0.831609 -0.555362 0
    outer loop
      vertex 93.3856 78.8 3.6
      vertex 93.2694 78.974 4.4
      vertex 93.2694 78.974 3.6
    endloop
  endfacet
  facet normal -0.831609 -0.555362 0
    outer loop
      vertex 93.2694 78.974 4.4
      vertex 93.3856 78.8 3.6
      vertex 93.3856 78.8 4.4
    endloop
  endfacet
  facet normal -0.896803 -0.442429 0
    outer loop
      vertex 93.4782 78.6123 3.6
      vertex 93.3856 78.8 4.4
      vertex 93.3856 78.8 3.6
    endloop
  endfacet
  facet normal -0.896803 -0.442429 0
    outer loop
      vertex 93.3856 78.8 4.4
      vertex 93.4782 78.6123 3.6
      vertex 93.4782 78.6123 4.4
    endloop
  endfacet
  facet normal -0.980819 -0.194922 0
    outer loop
      vertex 93.5863 78.2088 3.6
      vertex 93.5455 78.4141 4.4
      vertex 93.5455 78.4141 3.6
    endloop
  endfacet
  facet normal -0.980819 -0.194922 0
    outer loop
      vertex 93.5455 78.4141 4.4
      vertex 93.5863 78.2088 3.6
      vertex 93.5863 78.2088 4.4
    endloop
  endfacet
  facet normal -0.946891 0.321555 0
    outer loop
      vertex 93.4782 3.3877 3.6
      vertex 93.5455 3.58588 4.4
      vertex 93.5455 3.58588 3.6
    endloop
  endfacet
  facet normal -0.946891 0.321555 0
    outer loop
      vertex 93.5455 3.58588 4.4
      vertex 93.4782 3.3877 3.6
      vertex 93.4782 3.3877 4.4
    endloop
  endfacet
  facet normal -0.831624 0.55534 0
    outer loop
      vertex 93.2694 3.02598 3.6
      vertex 93.3856 3.19999 4.4
      vertex 93.3856 3.19999 3.6
    endloop
  endfacet
  facet normal -0.831624 0.55534 0
    outer loop
      vertex 93.3856 3.19999 4.4
      vertex 93.2694 3.02598 3.6
      vertex 93.2694 3.02598 4.4
    endloop
  endfacet
  facet normal 0.94692 0.321469 0
    outer loop
      vertex 2.52178 3.3877 4.4
      vertex 2.4545 3.58588 3.6
      vertex 2.4545 3.58588 4.4
    endloop
  endfacet
  facet normal 0.94692 0.321469 0
    outer loop
      vertex 2.4545 3.58588 3.6
      vertex 2.52178 3.3877 4.4
      vertex 2.52178 3.3877 3.6
    endloop
  endfacet
  facet normal -0.896813 0.44241 0
    outer loop
      vertex 93.3856 3.19999 3.6
      vertex 93.4782 3.3877 4.4
      vertex 93.4782 3.3877 3.6
    endloop
  endfacet
  facet normal -0.896813 0.44241 0
    outer loop
      vertex 93.4782 3.3877 4.4
      vertex 93.3856 3.19999 3.6
      vertex 93.3856 3.19999 4.4
    endloop
  endfacet
  facet normal -1 0 0
    outer loop
      vertex 17 24 3.6
      vertex 17 34 18
      vertex 17 34 3.6
    endloop
  endfacet
  facet normal -1 -0 0
    outer loop
      vertex 17 34 18
      vertex 17 24 3.6
      vertex 17 24 18
    endloop
  endfacet
  facet normal -0 0 1
    outer loop
      vertex 17 34 18
      vertex 31 24 18
      vertex 31 34 18
    endloop
  endfacet
  facet normal 0 0 1
    outer loop
      vertex 31 24 18
      vertex 17 34 18
      vertex 17 24 18
    endloop
  endfacet
  facet normal 1 -0 0
    outer loop
      vertex 31 24 18
      vertex 31 34 3.6
      vertex 31 34 18
    endloop
  endfacet
  facet normal 1 0 0
    outer loop
      vertex 31 34 3.6
      vertex 31 24 18
      vertex 31 24 3.6
    endloop
  endfacet
  facet normal 0 1 -0
    outer loop
      vertex 31 34 3.6
      vertex 17 34 18
      vertex 31 34 18
    endloop
  endfacet
  facet normal 0 1 0
    outer loop
      vertex 17 34 18
      vertex 31 34 3.6
      vertex 17 34 3.6
    endloop
  endfacet
  facet normal 0 -1 0
    outer loop
      vertex 17 24 3.6
      vertex 31 24 18
      vertex 17 24 18
    endloop
  endfacet
  facet normal 0 -1 -0
    outer loop
      vertex 31 24 18
      vertex 17 24 3.6
      vertex 31 24 3.6
    endloop
  endfacet
  facet normal -1 0 0
    outer loop
      vertex 17 44 3.6
      vertex 17 54 18
      vertex 17 54 3.6
    endloop
  endfacet
  facet normal -1 -0 0
    outer loop
      vertex 17 54 18
      vertex 17 44 3.6
      vertex 17 44 18
    endloop
  endfacet
  facet normal -0 0 1
    outer loop
      vertex 17 54 18
      vertex 31 44 18
      vertex 31 54 18
    endloop
  endfacet
  facet normal 0 0 1
    outer loop
      vertex 31 44 18
      vertex 17 54 18
      vertex 17 44 18
    endloop
  endfacet
  facet normal 1 -0 0
    outer loop
      vertex 31 44 18
      vertex 31 54 3.6
      vertex 31 54 18
    endloop
  endfacet
  facet normal 1 0 0
    outer loop
      vertex 31 54 3.6
      vertex 31 44 18
      vertex 31 44 3.6
    endloop
  endfacet
  facet normal 0 -1 0
    outer loop
      vertex 17 44 3.6
      vertex 31 44 18
      vertex 17 44 18
    endloop
  endfacet
  facet normal 0 -1 -0
    outer loop
      vertex 31 44 18
      vertex 17 44 3.6
      vertex 31 44 3.6
    endloop
  endfacet
  facet normal 0 1 -0
    outer loop
      vertex 31 54 3.6
      vertex 17 54 18
      vertex 31 54 18
    endloop
  endfacet
  facet normal 0 1 0
    outer loop
      vertex 17 54 18
      vertex 31 54 3.6
      vertex 17 54 3.6
    endloop
  endfacet
  facet normal -1 0 0
    outer loop
      vertex 7 24 3.6
      vertex 7 32 19.6
      vertex 7 32 3.6
    endloop
  endfacet
  facet normal -1 -0 0
    outer loop
      vertex 7 32 19.6
      vertex 7 24 3.6
      vertex 7 24 19.6
    endloop
  endfacet
  facet normal -0 0 1
    outer loop
      vertex 7 32 19.6
      vertex 10 24 19.6
      vertex 10 32 19.6
    endloop
  endfacet
  facet normal 0 0 1
    outer loop
      vertex 10 24 19.6
      vertex 7 32 19.6
      vertex 7 24 19.6
    endloop
  endfacet
  facet normal 1 -0 0
    outer loop
      vertex 10 24 19.6
      vertex 10 32 18
      vertex 10 32 19.6
    endloop
  endfacet
  facet normal 1 0 0
    outer loop
      vertex 10 32 18
      vertex 10 24 19.6
      vertex 10 24 18
    endloop
  endfacet
  facet normal 0 1 0
    outer loop
      vertex 9.5 32 18
      vertex 10 32 19.6
      vertex 10 32 18
    endloop
  endfacet
  facet normal 0 1 0
    outer loop
      vertex 10 32 19.6
      vertex 9.5 32 18
      vertex 7 32 19.6
    endloop
  endfacet
  facet normal 0 1 0
    outer loop
      vertex 7 32 3.6
      vertex 9.5 32 18
      vertex 9.5 32 3.6
    endloop
  endfacet
  facet normal 0 1 0
    outer loop
      vertex 9.5 32 18
      vertex 7 32 3.6
      vertex 7 32 19.6
    endloop
  endfacet
  facet normal 0 0 -1
    outer loop
      vertex 9.5 24 18
      vertex 10 32 18
      vertex 10 24 18
    endloop
  endfacet
  facet normal -0 0 -1
    outer loop
      vertex 10 32 18
      vertex 9.5 24 18
      vertex 9.5 32 18
    endloop
  endfacet
  facet normal 0 -1 0
    outer loop
      vertex 7 24 19.6
      vertex 9.5 24 18
      vertex 10 24 19.6
    endloop
  endfacet
  facet normal 0 -1 0
    outer loop
      vertex 7 24 3.6
      vertex 9.5 24 18
      vertex 7 24 19.6
    endloop
  endfacet
  facet normal 0 -1 -0
    outer loop
      vertex 9.5 24 18
      vertex 7 24 3.6
      vertex 9.5 24 3.6
    endloop
  endfacet
  facet normal 0 -1 -0
    outer loop
      vertex 10 24 19.6
      vertex 9.5 24 18
      vertex 10 24 18
    endloop
  endfacet
  facet normal -1 0 0
    outer loop
      vertex 37.94 24 18
      vertex 37.94 32 19.6
      vertex 37.94 32 18
    endloop
  endfacet
  facet normal -1 -0 0
    outer loop
      vertex 37.94 32 19.6
      vertex 37.94 24 18
      vertex 37.94 24 19.6
    endloop
  endfacet
  facet normal -0 0 1
    outer loop
      vertex 37.94 32 19.6
      vertex 40.94 24 19.6
      vertex 40.94 32 19.6
    endloop
  endfacet
  facet normal 0 0 1
    outer loop
      vertex 40.94 24 19.6
      vertex 37.94 32 19.6
      vertex 37.94 24 19.6
    endloop
  endfacet
  facet normal 1 -0 0
    outer loop
      vertex 40.94 24 19.6
      vertex 40.94 32 3.6
      vertex 40.94 32 19.6
    endloop
  endfacet
  facet normal 1 0 0
    outer loop
      vertex 40.94 32 3.6
      vertex 40.94 24 19.6
      vertex 40.94 24 3.6
    endloop
  endfacet
  facet normal 0 1 0
    outer loop
      vertex 40.94 32 19.6
      vertex 38.44 32 18
      vertex 37.94 32 19.6
    endloop
  endfacet
  facet normal 0 1 -0
    outer loop
      vertex 40.94 32 3.6
      vertex 38.44 32 18
      vertex 40.94 32 19.6
    endloop
  endfacet
  facet normal 0 1 0
    outer loop
      vertex 38.44 32 18
      vertex 40.94 32 3.6
      vertex 38.44 32 3.6
    endloop
  endfacet
  facet normal 0 1 0
    outer loop
      vertex 37.94 32 19.6
      vertex 38.44 32 18
      vertex 37.94 32 18
    endloop
  endfacet
  facet normal 0 0 -1
    outer loop
      vertex 37.94 24 18
      vertex 38.44 32 18
      vertex 38.44 24 18
    endloop
  endfacet
  facet normal -0 0 -1
    outer loop
      vertex 38.44 32 18
      vertex 37.94 24 18
      vertex 37.94 32 18
    endloop
  endfacet
  facet normal 0 -1 0
    outer loop
      vertex 38.44 24 18
      vertex 37.94 24 19.6
      vertex 37.94 24 18
    endloop
  endfacet
  facet normal 0 -1 0
    outer loop
      vertex 37.94 24 19.6
      vertex 38.44 24 18
      vertex 40.94 24 19.6
    endloop
  endfacet
  facet normal 0 -1 0
    outer loop
      vertex 40.94 24 3.6
      vertex 38.44 24 18
      vertex 38.44 24 3.6
    endloop
  endfacet
  facet normal 0 -1 0
    outer loop
      vertex 38.44 24 18
      vertex 40.94 24 3.6
      vertex 40.94 24 19.6
    endloop
  endfacet
  facet normal -1 0 0
    outer loop
      vertex 7 44 3.6
      vertex 7 52 19.6
      vertex 7 52 3.6
    endloop
  endfacet
  facet normal -1 -0 0
    outer loop
      vertex 7 52 19.6
      vertex 7 44 3.6
      vertex 7 44 19.6
    endloop
  endfacet
  facet normal -0 0 1
    outer loop
      vertex 7 52 19.6
      vertex 10 44 19.6
      vertex 10 52 19.6
    endloop
  endfacet
  facet normal 0 0 1
    outer loop
      vertex 10 44 19.6
      vertex 7 52 19.6
      vertex 7 44 19.6
    endloop
  endfacet
  facet normal 1 -0 0
    outer loop
      vertex 10 44 19.6
      vertex 10 52 18
      vertex 10 52 19.6
    endloop
  endfacet
  facet normal 1 0 0
    outer loop
      vertex 10 52 18
      vertex 10 44 19.6
      vertex 10 44 18
    endloop
  endfacet
  facet normal 0 0 -1
    outer loop
      vertex 9.5 44 18
      vertex 10 52 18
      vertex 10 44 18
    endloop
  endfacet
  facet normal -0 0 -1
    outer loop
      vertex 10 52 18
      vertex 9.5 44 18
      vertex 9.5 52 18
    endloop
  endfacet
  facet normal 0 -1 0
    outer loop
      vertex 7 44 19.6
      vertex 9.5 44 18
      vertex 10 44 19.6
    endloop
  endfacet
  facet normal 0 -1 0
    outer loop
      vertex 7 44 3.6
      vertex 9.5 44 18
      vertex 7 44 19.6
    endloop
  endfacet
  facet normal 0 -1 -0
    outer loop
      vertex 9.5 44 18
      vertex 7 44 3.6
      vertex 9.5 44 3.6
    endloop
  endfacet
  facet normal 0 -1 -0
    outer loop
      vertex 10 44 19.6
      vertex 9.5 44 18
      vertex 10 44 18
    endloop
  endfacet
  facet normal 0 1 0
    outer loop
      vertex 9.5 52 18
      vertex 10 52 19.6
      vertex 10 52 18
    endloop
  endfacet
  facet normal 0 1 0
    outer loop
      vertex 10 52 19.6
      vertex 9.5 52 18
      vertex 7 52 19.6
    endloop
  endfacet
  facet normal 0 1 0
    outer loop
      vertex 7 52 3.6
      vertex 9.5 52 18
      vertex 9.5 52 3.6
    endloop
  endfacet
  facet normal 0 1 0
    outer loop
      vertex 9.5 52 18
      vertex 7 52 3.6
      vertex 7 52 19.6
    endloop
  endfacet
  facet normal -1 0 0
    outer loop
      vertex 37.94 44 18
      vertex 37.94 52 19.6
      vertex 37.94 52 18
    endloop
  endfacet
  facet normal -1 -0 0
    outer loop
      vertex 37.94 52 19.6
      vertex 37.94 44 18
      vertex 37.94 44 19.6
    endloop
  endfacet
  facet normal -0 0 1
    outer loop
      vertex 37.94 52 19.6
      vertex 40.94 44 19.6
      vertex 40.94 52 19.6
    endloop
  endfacet
  facet normal 0 0 1
    outer loop
      vertex 40.94 44 19.6
      vertex 37.94 52 19.6
      vertex 37.94 44 19.6
    endloop
  endfacet
  facet normal 1 -0 0
    outer loop
      vertex 40.94 44 19.6
      vertex 40.94 52 3.6
      vertex 40.94 52 19.6
    endloop
  endfacet
  facet normal 1 0 0
    outer loop
      vertex 40.94 52 3.6
      vertex 40.94 44 19.6
      vertex 40.94 44 3.6
    endloop
  endfacet
  facet normal 0 0 -1
    outer loop
      vertex 37.94 44 18
      vertex 38.44 52 18
      vertex 38.44 44 18
    endloop
  endfacet
  facet normal -0 0 -1
    outer loop
      vertex 38.44 52 18
      vertex 37.94 44 18
      vertex 37.94 52 18
    endloop
  endfacet
  facet normal 0 -1 0
    outer loop
      vertex 38.44 44 18
      vertex 37.94 44 19.6
      vertex 37.94 44 18
    endloop
  endfacet
  facet normal 0 -1 0
    outer loop
      vertex 37.94 44 19.6
      vertex 38.44 44 18
      vertex 40.94 44 19.6
    endloop
  endfacet
  facet normal 0 -1 0
    outer loop
      vertex 40.94 44 3.6
      vertex 38.44 44 18
      vertex 38.44 44 3.6
    endloop
  endfacet
  facet normal 0 -1 0
    outer loop
      vertex 38.44 44 18
      vertex 40.94 44 3.6
      vertex 40.94 44 19.6
    endloop
  endfacet
  facet normal 0 1 0
    outer loop
      vertex 40.94 52 19.6
      vertex 38.44 52 18
      vertex 37.94 52 19.6
    endloop
  endfacet
  facet normal 0 1 -0
    outer loop
      vertex 40.94 52 3.6
      vertex 38.44 52 18
      vertex 40.94 52 19.6
    endloop
  endfacet
  facet normal 0 1 0
    outer loop
      vertex 38.44 52 18
      vertex 40.94 52 3.6
      vertex 38.44 52 3.6
    endloop
  endfacet
  facet normal 0 1 0
    outer loop
      vertex 37.94 52 19.6
      vertex 38.44 52 18
      vertex 37.94 52 18
    endloop
  endfacet
  facet normal 1 -0 0
    outer loop
      vertex 9.5 24 18
      vertex 9.5 32 3.6
      vertex 9.5 32 18
    endloop
  endfacet
  facet normal 1 0 0
    outer loop
      vertex 9.5 32 3.6
      vertex 9.5 24 18
      vertex 9.5 24 3.6
    endloop
  endfacet
  facet normal -1 0 0
    outer loop
      vertex 38.44 24 3.6
      vertex 38.44 32 18
      vertex 38.44 32 3.6
    endloop
  endfacet
  facet normal -1 -0 0
    outer loop
      vertex 38.44 32 18
      vertex 38.44 24 3.6
      vertex 38.44 24 18
    endloop
  endfacet
  facet normal 1 -0 0
    outer loop
      vertex 9.5 44 18
      vertex 9.5 52 3.6
      vertex 9.5 52 18
    endloop
  endfacet
  facet normal 1 0 0
    outer loop
      vertex 9.5 52 3.6
      vertex 9.5 44 18
      vertex 9.5 44 3.6
    endloop
  endfacet
  facet normal -1 0 0
    outer loop
      vertex 38.44 44 3.6
      vertex 38.44 52 18
      vertex 38.44 52 3.6
    endloop
  endfacet
  facet normal -1 -0 0
    outer loop
      vertex 38.44 52 18
      vertex 38.44 44 3.6
      vertex 38.44 44 18
    endloop
  endfacet
  facet normal -1 0 0
    outer loop
      vertex 8 3.2 5.99996
      vertex 8 4 5.8
      vertex 8 3.2 5.8
    endloop
  endfacet
  facet normal -1 0 0
    outer loop
      vertex 8 4 8
      vertex 8 5.6 21
      vertex 8 5.6 8
    endloop
  endfacet
  facet normal -1 0 0
    outer loop
      vertex 8 4 5.8
      vertex 8 3.2 5.99996
      vertex 8 4 8
    endloop
  endfacet
  facet normal -1 0 0
    outer loop
      vertex 8 3.2 21
      vertex 8 4 8
      vertex 8 3.2 5.99996
    endloop
  endfacet
  facet normal -1 0 0
    outer loop
      vertex 8 4 8
      vertex 8 3.2 21
      vertex 8 5.6 21
    endloop
  endfacet
  facet normal -1 -0 0
    outer loop
      vertex 8 3.2 5.8
      vertex 8 2.80006 4.75016
      vertex 8 3.2 5.99996
    endloop
  endfacet
  facet normal 1 -0 0
    outer loop
      vertex 8 5.60001 5.79998
      vertex 8 10 3.6
      vertex 8 10 8
    endloop
  endfacet
  facet normal 1 0 0
    outer loop
      vertex 8 5.60001 5.79998
      vertex 8 10 8
      vertex 8 5.60001 6
    endloop
  endfacet
  facet normal 1 -0 0
    outer loop
      vertex 8 5.6 8
      vertex 8 5.60001 6
      vertex 8 10 8
    endloop
  endfacet
  facet normal 1 0 0
    outer loop
      vertex 8 5.60001 6
      vertex 8 5.6 8
      vertex 8 5.6 6
    endloop
  endfacet
  facet normal 1 0 0
    outer loop
      vertex 8 10 3.6
      vertex 8 6.4 3.7
      vertex 8 6.4 3.6
    endloop
  endfacet
  facet normal 1 0 0
    outer loop
      vertex 8 10 3.6
      vertex 8 5.60001 5.79998
      vertex 8 6.4 3.7
    endloop
  endfacet
  facet normal 1 0 0
    outer loop
      vertex 16.5 7.5 20
      vertex 16.5 7 19.6
      vertex 16.5 7.5 19.6
    endloop
  endfacet
  facet normal 1 0 0
    outer loop
      vertex 16.5 6.5 21
      vertex 16.5 7 19.6
      vertex 16.5 7.5 20
    endloop
  endfacet
  facet normal 1 0 0
    outer loop
      vertex 16.5 5.6 18.0223
      vertex 16.5 7 19.6
      vertex 16.5 6.5 21
    endloop
  endfacet
  facet normal 1 0 0
    outer loop
      vertex 16.5 7 19.6
      vertex 16.5 5.6 18.0223
      vertex 16.5 7 19.58
    endloop
  endfacet
  facet normal 1 0 0
    outer loop
      vertex 16.5 3.2 5.99996
      vertex 16.5 5.6 6
      vertex 16.5 5.6 18.0223
    endloop
  endfacet
  facet normal 1 -0 0
    outer loop
      vertex 16.5 3.2 21
      vertex 16.5 5.6 18.0223
      vertex 16.5 6.5 21
    endloop
  endfacet
  facet normal 1 0 0
    outer loop
      vertex 16.5 3.2 5.99996
      vertex 16.5 5.6 18.0223
      vertex 16.5 3.2 21
    endloop
  endfacet
  facet normal 1 0 0
    outer loop
      vertex 16.5 5.6 6
      vertex 16.5 3.2 5.99996
      vertex 16.5 5.6 5.8
    endloop
  endfacet
  facet normal 1 0 0
    outer loop
      vertex 16.5 3.2 5.99996
      vertex 16.5 3.2 5.8
      vertex 16.5 5.6 5.8
    endloop
  endfacet
  facet normal 1 0 -0
    outer loop
      vertex 16.5 3.2 5.8
      vertex 16.5 3.2 5.99996
      vertex 16.5 2.80006 4.75016
    endloop
  endfacet
  facet normal 1 0 0
    outer loop
      vertex 16.5 5.6 5.8
      vertex 16.5 5.60001 6
      vertex 16.5 5.6 6
    endloop
  endfacet
  facet normal 1 0 0
    outer loop
      vertex 16.5 5.60001 6
      vertex 16.5 5.6 5.8
      vertex 16.5 5.60001 5.79998
    endloop
  endfacet
  facet normal 0 1 -0
    outer loop
      vertex 16.5 5.6 6
      vertex 13 5.6 18.0223
      vertex 16.5 5.6 18.0223
    endloop
  endfacet
  facet normal 0 1 0
    outer loop
      vertex 13 5.6 18.0223
      vertex 16.5 5.6 6
      vertex 8 5.6 8
    endloop
  endfacet
  facet normal 0 1 0
    outer loop
      vertex 8 5.6 8
      vertex 16.5 5.6 6
      vertex 8 5.6 6
    endloop
  endfacet
  facet normal 0 1 -0
    outer loop
      vertex 13 5.6 18.0223
      vertex 8 5.6 21
      vertex 13 5.6 21
    endloop
  endfacet
  facet normal 0 1 0
    outer loop
      vertex 8 5.6 21
      vertex 13 5.6 18.0223
      vertex 8 5.6 8
    endloop
  endfacet
  facet normal 0 -1 0
    outer loop
      vertex 8 3.2 5.99996
      vertex 16.5 3.2 21
      vertex 8 3.2 21
    endloop
  endfacet
  facet normal 0 -1 -0
    outer loop
      vertex 16.5 3.2 21
      vertex 8 3.2 5.99996
      vertex 16.5 3.2 5.99996
    endloop
  endfacet
  facet normal 0 0 1
    outer loop
      vertex 13 5.6 21
      vertex 16.5 6.5 21
      vertex 13 6.5 21
    endloop
  endfacet
  facet normal 0 0 1
    outer loop
      vertex 16.5 6.5 21
      vertex 13 5.6 21
      vertex 16.5 3.2 21
    endloop
  endfacet
  facet normal 0 0 1
    outer loop
      vertex 8 3.2 21
      vertex 13 5.6 21
      vertex 8 5.6 21
    endloop
  endfacet
  facet normal 0 0 1
    outer loop
      vertex 13 5.6 21
      vertex 8 3.2 21
      vertex 16.5 3.2 21
    endloop
  endfacet
  facet normal 0 1 -0
    outer loop
      vertex 16.5 5.60001 5.79998
      vertex 8 5.60001 6
      vertex 16.5 5.60001 6
    endloop
  endfacet
  facet normal 0 1 0
    outer loop
      vertex 8 5.60001 6
      vertex 16.5 5.60001 5.79998
      vertex 8 5.60001 5.79998
    endloop
  endfacet
  facet normal -0 0 1
    outer loop
      vertex 8 5.60001 6
      vertex 16.5 5.6 6
      vertex 16.5 5.60001 6
    endloop
  endfacet
  facet normal 0 0 1
    outer loop
      vertex 16.5 5.6 6
      vertex 8 5.60001 6
      vertex 8 5.6 6
    endloop
  endfacet
  facet normal 0 -0.952423 0.304778
    outer loop
      vertex 8 2.80006 4.75016
      vertex 16.5 3.2 5.99996
      vertex 8 3.2 5.99996
    endloop
  endfacet
  facet normal 0 -0.952423 0.304778
    outer loop
      vertex 16.5 3.2 5.99996
      vertex 8 2.80006 4.75016
      vertex 16.5 2.80006 4.75016
    endloop
  endfacet
  facet normal 0 -0.934488 0.355995
    outer loop
      vertex 8 2.80006 4.75016
      vertex 6 2.4 3.7
      vertex 16.5 2.80006 4.75016
    endloop
  endfacet
  facet normal -8.90124e-07 -0.934487 0.355996
    outer loop
      vertex 6 2.4 3.7
      vertex 8 2.80006 4.75016
      vertex 8 3.2 5.8
    endloop
  endfacet
  facet normal 8.90124e-07 -0.934487 0.355996
    outer loop
      vertex 16.5 2.80006 4.75016
      vertex 18.5 2.4 3.7
      vertex 16.5 3.2 5.8
    endloop
  endfacet
  facet normal 0 -0.934488 0.355995
    outer loop
      vertex 18.5 2.4 3.7
      vertex 16.5 2.80006 4.75016
      vertex 6 2.4 3.7
    endloop
  endfacet
  facet normal -0.724138 0 0.689655
    outer loop
      vertex 6 4 3.7
      vertex 8 3.2 5.8
      vertex 8 4 5.8
    endloop
  endfacet
  facet normal -0.724138 0 0.689655
    outer loop
      vertex 8 3.2 5.8
      vertex 6 4 3.7
      vertex 6 2.4 3.7
    endloop
  endfacet
  facet normal 0 -1 0
    outer loop
      vertex 6 2.4 3.6
      vertex 18.5 2.4 3.7
      vertex 6 2.4 3.7
    endloop
  endfacet
  facet normal 0 -1 -0
    outer loop
      vertex 18.5 2.4 3.7
      vertex 6 2.4 3.6
      vertex 18.5 2.4 3.6
    endloop
  endfacet
  facet normal 0.724138 -0 0.689655
    outer loop
      vertex 16.5 3.2 5.8
      vertex 18.5 6.4 3.7
      vertex 16.5 5.6 5.8
    endloop
  endfacet
  facet normal 0.724138 0 0.689655
    outer loop
      vertex 18.5 6.4 3.7
      vertex 16.5 3.2 5.8
      vertex 18.5 2.4 3.7
    endloop
  endfacet
  facet normal -1 0 0
    outer loop
      vertex 6 2.4 3.6
      vertex 6 4 3.7
      vertex 6 4 3.6
    endloop
  endfacet
  facet normal -1 -0 0
    outer loop
      vertex 6 4 3.7
      vertex 6 2.4 3.6
      vertex 6 2.4 3.7
    endloop
  endfacet
  facet normal 0 1 -0
    outer loop
      vertex 18.5 6.4 3.6
      vertex 8 6.4 3.7
      vertex 18.5 6.4 3.7
    endloop
  endfacet
  facet normal 0 1 0
    outer loop
      vertex 8 6.4 3.7
      vertex 18.5 6.4 3.6
      vertex 8 6.4 3.6
    endloop
  endfacet
  facet normal 0.111111 0.888889 0.444444
    outer loop
      vertex 18.5 6.4 3.7
      vertex 16.5 5.60001 5.79998
      vertex 16.5 5.6 5.8
    endloop
  endfacet
  facet normal -0 0.934488 0.355994
    outer loop
      vertex 8 6.4 3.7
      vertex 16.5 5.60001 5.79998
      vertex 18.5 6.4 3.7
    endloop
  endfacet
  facet normal 0 0.934488 0.355994
    outer loop
      vertex 16.5 5.60001 5.79998
      vertex 8 6.4 3.7
      vertex 8 5.60001 5.79998
    endloop
  endfacet
  facet normal 1 -0 0
    outer loop
      vertex 18.5 2.4 3.7
      vertex 18.5 6.4 3.6
      vertex 18.5 6.4 3.7
    endloop
  endfacet
  facet normal 1 0 0
    outer loop
      vertex 18.5 6.4 3.6
      vertex 18.5 2.4 3.7
      vertex 18.5 2.4 3.6
    endloop
  endfacet
  facet normal 0 0 -1
    outer loop
      vertex 13 7 19.6
      vertex 16.5 7.5 19.6
      vertex 16.5 7 19.6
    endloop
  endfacet
  facet normal -0 0 -1
    outer loop
      vertex 16.5 7.5 19.6
      vertex 13 7 19.6
      vertex 13 7.5 19.6
    endloop
  endfacet
  facet normal 0 1 -0
    outer loop
      vertex 16.5 7 19.58
      vertex 13 7 19.6
      vertex 16.5 7 19.6
    endloop
  endfacet
  facet normal 0 1 0
    outer loop
      vertex 13 7 19.6
      vertex 16.5 7 19.58
      vertex 13 7 19.58
    endloop
  endfacet
  facet normal -1 0 0
    outer loop
      vertex 13 5.6 21
      vertex 13 7 19.6
      vertex 13 7 19.58
    endloop
  endfacet
  facet normal -1 0 0
    outer loop
      vertex 13 5.6 21
      vertex 13 7 19.58
      vertex 13 5.6 18.0223
    endloop
  endfacet
  facet normal -1 0 0
    outer loop
      vertex 13 7 19.6
      vertex 13 5.6 21
      vertex 13 6.5 21
    endloop
  endfacet
  facet normal -1 0 0
    outer loop
      vertex 13 7 19.6
      vertex 13 7.5 20
      vertex 13 7.5 19.6
    endloop
  endfacet
  facet normal -1 -0 0
    outer loop
      vertex 13 7.5 20
      vertex 13 7 19.6
      vertex 13 6.5 21
    endloop
  endfacet
  facet normal 0 0.743752 -0.668455
    outer loop
      vertex 16.5 5.6 18.0223
      vertex 13 7 19.58
      vertex 16.5 7 19.58
    endloop
  endfacet
  facet normal 0 0.743752 -0.668455
    outer loop
      vertex 13 7 19.58
      vertex 16.5 5.6 18.0223
      vertex 13 5.6 18.0223
    endloop
  endfacet
  facet normal 0 0.707107 0.707107
    outer loop
      vertex 16.5 7.5 20
      vertex 13 6.5 21
      vertex 16.5 6.5 21
    endloop
  endfacet
  facet normal 0 0.707107 0.707107
    outer loop
      vertex 13 6.5 21
      vertex 16.5 7.5 20
      vertex 13 7.5 20
    endloop
  endfacet
  facet normal 0 1 -0
    outer loop
      vertex 16.5 7.5 19.6
      vertex 13 7.5 20
      vertex 16.5 7.5 20
    endloop
  endfacet
  facet normal 0 1 0
    outer loop
      vertex 13 7.5 20
      vertex 16.5 7.5 19.6
      vertex 13 7.5 19.6
    endloop
  endfacet
  facet normal -1 0 0
    outer loop
      vertex 31.5 5.6 5.8
      vertex 31.5 5.60001 6
      vertex 31.5 5.60001 5.79998
    endloop
  endfacet
  facet normal -1 0 0
    outer loop
      vertex 31.5 5.6 5.8
      vertex 31.5 5.6 6
      vertex 31.5 5.60001 6
    endloop
  endfacet
  facet normal -1 0 0
    outer loop
      vertex 31.5 3.2 5.99996
      vertex 31.5 5.6 6
      vertex 31.5 5.6 5.8
    endloop
  endfacet
  facet normal -1 0 0
    outer loop
      vertex 31.5 3.2 5.99996
      vertex 31.5 5.6 5.8
      vertex 31.5 3.2 5.8
    endloop
  endfacet
  facet normal -1 0 0
    outer loop
      vertex 31.5 5.6 18.0223
      vertex 31.5 7 19.6
      vertex 31.5 7 19.58
    endloop
  endfacet
  facet normal -1 -0 0
    outer loop
      vertex 31.5 7 19.6
      vertex 31.5 5.6 18.0223
      vertex 31.5 6.5 21
    endloop
  endfacet
  facet normal -1 -0 0
    outer loop
      vertex 31.5 5.6 6
      vertex 31.5 3.2 5.99996
      vertex 31.5 5.6 18.0223
    endloop
  endfacet
  facet normal -1 0 0
    outer loop
      vertex 31.5 5.6 18.0223
      vertex 31.5 3.2 21
      vertex 31.5 6.5 21
    endloop
  endfacet
  facet normal -1 0 0
    outer loop
      vertex 31.5 3.2 21
      vertex 31.5 5.6 18.0223
      vertex 31.5 3.2 5.99996
    endloop
  endfacet
  facet normal -1 0 0
    outer loop
      vertex 31.5 7 19.6
      vertex 31.5 7.5 20
      vertex 31.5 7.5 19.6
    endloop
  endfacet
  facet normal -1 -0 0
    outer loop
      vertex 31.5 7.5 20
      vertex 31.5 7 19.6
      vertex 31.5 6.5 21
    endloop
  endfacet
  facet normal -1 -0 0
    outer loop
      vertex 31.5 3.2 5.8
      vertex 31.5 2.80006 4.75016
      vertex 31.5 3.2 5.99996
    endloop
  endfacet
  facet normal 1 0 0
    outer loop
      vertex 40 3.2 5.99996
      vertex 40 5.6 6
      vertex 40 5.6 21
    endloop
  endfacet
  facet normal 1 0 0
    outer loop
      vertex 40 3.2 5.99996
      vertex 40 5.6 21
      vertex 40 3.2 21
    endloop
  endfacet
  facet normal 1 0 0
    outer loop
      vertex 40 5.6 6
      vertex 40 3.2 5.99996
      vertex 40 5.6 5.8
    endloop
  endfacet
  facet normal 1 0 0
    outer loop
      vertex 40 3.2 5.99996
      vertex 40 3.2 5.8
      vertex 40 5.6 5.8
    endloop
  endfacet
  facet normal 1 0 -0
    outer loop
      vertex 40 3.2 5.8
      vertex 40 3.2 5.99996
      vertex 40 2.80006 4.75016
    endloop
  endfacet
  facet normal 1 0 0
    outer loop
      vertex 40 5.6 5.8
      vertex 40 5.60001 6
      vertex 40 5.6 6
    endloop
  endfacet
  facet normal 1 0 0
    outer loop
      vertex 40 5.60001 6
      vertex 40 5.6 5.8
      vertex 40 5.60001 5.79998
    endloop
  endfacet
  facet normal 0 -1 0
    outer loop
      vertex 31.5 3.2 5.99996
      vertex 40 3.2 21
      vertex 31.5 3.2 21
    endloop
  endfacet
  facet normal 0 -1 -0
    outer loop
      vertex 40 3.2 21
      vertex 31.5 3.2 5.99996
      vertex 40 3.2 5.99996
    endloop
  endfacet
  facet normal 0 1 0
    outer loop
      vertex 40 5.6 21
      vertex 35 5.6 18.0223
      vertex 35 5.6 21
    endloop
  endfacet
  facet normal 0 1 -0
    outer loop
      vertex 40 5.6 6
      vertex 35 5.6 18.0223
      vertex 40 5.6 21
    endloop
  endfacet
  facet normal 0 1 0
    outer loop
      vertex 31.5 5.6 6
      vertex 35 5.6 18.0223
      vertex 40 5.6 6
    endloop
  endfacet
  facet normal 0 1 0
    outer loop
      vertex 35 5.6 18.0223
      vertex 31.5 5.6 6
      vertex 31.5 5.6 18.0223
    endloop
  endfacet
  facet normal 0 0 1
    outer loop
      vertex 35 6.5 21
      vertex 31.5 6.5 21
      vertex 35 5.6 21
    endloop
  endfacet
  facet normal -0 0 1
    outer loop
      vertex 35 5.6 21
      vertex 40 3.2 21
      vertex 40 5.6 21
    endloop
  endfacet
  facet normal 0 0 1
    outer loop
      vertex 31.5 3.2 21
      vertex 35 5.6 21
      vertex 31.5 6.5 21
    endloop
  endfacet
  facet normal 0 0 1
    outer loop
      vertex 35 5.6 21
      vertex 31.5 3.2 21
      vertex 40 3.2 21
    endloop
  endfacet
  facet normal 0 1 -0
    outer loop
      vertex 40 5.60001 5.79998
      vertex 31.5 5.60001 6
      vertex 40 5.60001 6
    endloop
  endfacet
  facet normal 0 1 0
    outer loop
      vertex 31.5 5.60001 6
      vertex 40 5.60001 5.79998
      vertex 31.5 5.60001 5.79998
    endloop
  endfacet
  facet normal -0 0 1
    outer loop
      vertex 31.5 5.60001 6
      vertex 40 5.6 6
      vertex 40 5.60001 6
    endloop
  endfacet
  facet normal 0 0 1
    outer loop
      vertex 40 5.6 6
      vertex 31.5 5.60001 6
      vertex 31.5 5.6 6
    endloop
  endfacet
  facet normal 0 -0.952423 0.304778
    outer loop
      vertex 31.5 2.80006 4.75016
      vertex 40 3.2 5.99996
      vertex 31.5 3.2 5.99996
    endloop
  endfacet
  facet normal 0 -0.952423 0.304778
    outer loop
      vertex 40 3.2 5.99996
      vertex 31.5 2.80006 4.75016
      vertex 40 2.80006 4.75016
    endloop
  endfacet
  facet normal 0 -0.934488 0.355995
    outer loop
      vertex 31.5 2.80006 4.75016
      vertex 29.5 2.4 3.7
      vertex 40 2.80006 4.75016
    endloop
  endfacet
  facet normal -8.90124e-07 -0.934487 0.355996
    outer loop
      vertex 29.5 2.4 3.7
      vertex 31.5 2.80006 4.75016
      vertex 31.5 3.2 5.8
    endloop
  endfacet
  facet normal 8.90124e-07 -0.934487 0.355996
    outer loop
      vertex 40 2.80006 4.75016
      vertex 42 2.4 3.7
      vertex 40 3.2 5.8
    endloop
  endfacet
  facet normal 0 -0.934488 0.355995
    outer loop
      vertex 42 2.4 3.7
      vertex 40 2.80006 4.75016
      vertex 29.5 2.4 3.7
    endloop
  endfacet
  facet normal -0.724138 0 0.689655
    outer loop
      vertex 29.5 6.4 3.7
      vertex 31.5 3.2 5.8
      vertex 31.5 5.6 5.8
    endloop
  endfacet
  facet normal -0.724138 0 0.689655
    outer loop
      vertex 31.5 3.2 5.8
      vertex 29.5 6.4 3.7
      vertex 29.5 2.4 3.7
    endloop
  endfacet
  facet normal 0 -1 0
    outer loop
      vertex 29.5 2.4 3.6
      vertex 42 2.4 3.7
      vertex 29.5 2.4 3.7
    endloop
  endfacet
  facet normal 0 -1 -0
    outer loop
      vertex 42 2.4 3.7
      vertex 29.5 2.4 3.6
      vertex 42 2.4 3.6
    endloop
  endfacet
  facet normal 0.724138 -0 0.689655
    outer loop
      vertex 40 3.2 5.8
      vertex 42 6.4 3.7
      vertex 40 5.6 5.8
    endloop
  endfacet
  facet normal 0.724138 0 0.689655
    outer loop
      vertex 42 6.4 3.7
      vertex 40 3.2 5.8
      vertex 42 2.4 3.7
    endloop
  endfacet
  facet normal -1 0 0
    outer loop
      vertex 29.5 2.4 3.6
      vertex 29.5 6.4 3.7
      vertex 29.5 6.4 3.6
    endloop
  endfacet
  facet normal -1 -0 0
    outer loop
      vertex 29.5 6.4 3.7
      vertex 29.5 2.4 3.6
      vertex 29.5 2.4 3.7
    endloop
  endfacet
  facet normal 0 1 -0
    outer loop
      vertex 42 6.4 3.6
      vertex 29.5 6.4 3.7
      vertex 42 6.4 3.7
    endloop
  endfacet
  facet normal 0 1 0
    outer loop
      vertex 29.5 6.4 3.7
      vertex 42 6.4 3.6
      vertex 29.5 6.4 3.6
    endloop
  endfacet
  facet normal 0 0.934488 0.355994
    outer loop
      vertex 40 5.60001 5.79998
      vertex 42 6.4 3.7
      vertex 31.5 5.60001 5.79998
    endloop
  endfacet
  facet normal 0.111111 0.888889 0.444444
    outer loop
      vertex 42 6.4 3.7
      vertex 40 5.60001 5.79998
      vertex 40 5.6 5.8
    endloop
  endfacet
  facet normal -0.111111 0.888889 0.444444
    outer loop
      vertex 31.5 5.60001 5.79998
      vertex 29.5 6.4 3.7
      vertex 31.5 5.6 5.8
    endloop
  endfacet
  facet normal -0 0.934488 0.355994
    outer loop
      vertex 29.5 6.4 3.7
      vertex 31.5 5.60001 5.79998
      vertex 42 6.4 3.7
    endloop
  endfacet
  facet normal 1 -0 0
    outer loop
      vertex 42 2.4 3.7
      vertex 42 6.4 3.6
      vertex 42 6.4 3.7
    endloop
  endfacet
  facet normal 1 0 0
    outer loop
      vertex 42 6.4 3.6
      vertex 42 2.4 3.7
      vertex 42 2.4 3.6
    endloop
  endfacet
  facet normal 0 0 -1
    outer loop
      vertex 31.5 7 19.6
      vertex 35 7.5 19.6
      vertex 35 7 19.6
    endloop
  endfacet
  facet normal -0 0 -1
    outer loop
      vertex 35 7.5 19.6
      vertex 31.5 7 19.6
      vertex 31.5 7.5 19.6
    endloop
  endfacet
  facet normal 0 1 -0
    outer loop
      vertex 35 7 19.58
      vertex 31.5 7 19.6
      vertex 35 7 19.6
    endloop
  endfacet
  facet normal 0 1 0
    outer loop
      vertex 31.5 7 19.6
      vertex 35 7 19.58
      vertex 31.5 7 19.58
    endloop
  endfacet
  facet normal 0 0.743752 -0.668455
    outer loop
      vertex 35 5.6 18.0223
      vertex 31.5 7 19.58
      vertex 35 7 19.58
    endloop
  endfacet
  facet normal 0 0.743752 -0.668455
    outer loop
      vertex 31.5 7 19.58
      vertex 35 5.6 18.0223
      vertex 31.5 5.6 18.0223
    endloop
  endfacet
  facet normal 1 0 0
    outer loop
      vertex 35 7.5 20
      vertex 35 7 19.6
      vertex 35 7.5 19.6
    endloop
  endfacet
  facet normal 1 0 0
    outer loop
      vertex 35 6.5 21
      vertex 35 7 19.6
      vertex 35 7.5 20
    endloop
  endfacet
  facet normal 1 -0 0
    outer loop
      vertex 35 5.6 21
      vertex 35 7 19.6
      vertex 35 6.5 21
    endloop
  endfacet
  facet normal 1 0 0
    outer loop
      vertex 35 7 19.6
      vertex 35 5.6 21
      vertex 35 7 19.58
    endloop
  endfacet
  facet normal 1 0 0
    outer loop
      vertex 35 7 19.58
      vertex 35 5.6 21
      vertex 35 5.6 18.0223
    endloop
  endfacet
  facet normal 0 0.707107 0.707107
    outer loop
      vertex 35 7.5 20
      vertex 31.5 6.5 21
      vertex 35 6.5 21
    endloop
  endfacet
  facet normal 0 0.707107 0.707107
    outer loop
      vertex 31.5 6.5 21
      vertex 35 7.5 20
      vertex 31.5 7.5 20
    endloop
  endfacet
  facet normal 0 1 -0
    outer loop
      vertex 35 7.5 19.6
      vertex 31.5 7.5 20
      vertex 35 7.5 20
    endloop
  endfacet
  facet normal 0 1 0
    outer loop
      vertex 31.5 7.5 20
      vertex 35 7.5 19.6
      vertex 31.5 7.5 19.6
    endloop
  endfacet
  facet normal 0 0 0
    outer loop
      vertex 8 56.66 6
      vertex 8 56.66 5.8
      vertex 8 56.66 5.79998
    endloop
  endfacet
  facet normal -1 0 0
    outer loop
      vertex 8 59.06 5.8
      vertex 8 59.06 5.99996
      vertex 8 59.4599 4.75016
    endloop
  endfacet
  facet normal -1 0 0
    outer loop
      vertex 8 56.66 6
      vertex 8 59.06 5.99996
      vertex 8 59.06 5.8
    endloop
  endfacet
  facet normal -1 0 0
    outer loop
      vertex 8 56.66 6
      vertex 8 59.06 5.8
      vertex 8 56.66 5.8
    endloop
  endfacet
  facet normal -1 0 0
    outer loop
      vertex 8 59.06 5.99996
      vertex 8 56.66 6
      vertex 8 59.06 21
    endloop
  endfacet
  facet normal -1 -0 0
    outer loop
      vertex 8 59.06 21
      vertex 8 56.66 6
      vertex 8 56.66 21
    endloop
  endfacet
  facet normal -0 0 1
    outer loop
      vertex 14.6 59.06 19.6
      vertex 16.5 56.66 19.6
      vertex 16.5 59.06 19.6
    endloop
  endfacet
  facet normal 0 0 1
    outer loop
      vertex 16.5 56.66 19.6
      vertex 14.6 59.06 19.6
      vertex 14.6 56.66 19.6
    endloop
  endfacet
  facet normal 1 -0 0
    outer loop
      vertex 16.5 56.66 6
      vertex 16.5 59.06 5.99996
      vertex 16.5 59.06 19.6
    endloop
  endfacet
  facet normal 1 0 0
    outer loop
      vertex 16.5 56.66 6
      vertex 16.5 59.06 19.6
      vertex 16.5 56.66 19.6
    endloop
  endfacet
  facet normal 1 0 0
    outer loop
      vertex 16.5 59.06 5.99996
      vertex 16.5 56.66 6
      vertex 16.5 59.06 5.8
    endloop
  endfacet
  facet normal 1 0 0
    outer loop
      vertex 16.5 56.66 6
      vertex 16.5 56.66 5.8
      vertex 16.5 59.06 5.8
    endloop
  endfacet
  facet normal -0 0 0
    outer loop
      vertex 16.5 56.66 5.8
      vertex 16.5 56.66 6
      vertex 16.5 56.66 5.79998
    endloop
  endfacet
  facet normal 1 0 0
    outer loop
      vertex 16.5 59.4599 4.75016
      vertex 16.5 59.06 5.99996
      vertex 16.5 59.06 5.8
    endloop
  endfacet
  facet normal 0 -1 0
    outer loop
      vertex 8 56.66 21
      vertex 13 56.66 18.0223
      vertex 13 56.66 21
    endloop
  endfacet
  facet normal 0 -1 0
    outer loop
      vertex 16.5 56.66 6
      vertex 13 56.66 18.0223
      vertex 8 56.66 6
    endloop
  endfacet
  facet normal 0 -1 0
    outer loop
      vertex 8 56.66 6
      vertex 13 56.66 18.0223
      vertex 8 56.66 21
    endloop
  endfacet
  facet normal 0 -1 0
    outer loop
      vertex 14.6 56.66 18.0223
      vertex 16.5 56.66 19.6
      vertex 14.6 56.66 19.6
    endloop
  endfacet
  facet normal 0 -1 0
    outer loop
      vertex 13 56.66 18.0223
      vertex 16.5 56.66 6
      vertex 14.6 56.66 18.0223
    endloop
  endfacet
  facet normal 0 -1 0
    outer loop
      vertex 14.6 56.66 18.0223
      vertex 16.5 56.66 6
      vertex 16.5 56.66 19.6
    endloop
  endfacet
  facet normal 0 1 0
    outer loop
      vertex 16.5 59.06 19.6
      vertex 16.5 59.06 5.99996
      vertex 14.6 59.06 19.6
    endloop
  endfacet
  facet normal 0 1 -0
    outer loop
      vertex 14.6 59.06 19.6
      vertex 8 59.06 21
      vertex 14.6 59.06 21
    endloop
  endfacet
  facet normal 0 1 0
    outer loop
      vertex 8 59.06 5.99996
      vertex 14.6 59.06 19.6
      vertex 16.5 59.06 5.99996
    endloop
  endfacet
  facet normal 0 1 0
    outer loop
      vertex 14.6 59.06 19.6
      vertex 8 59.06 5.99996
      vertex 8 59.06 21
    endloop
  endfacet
  facet normal 0 0 1
    outer loop
      vertex 14.6 59.06 21
      vertex 13 56.66 21
      vertex 14.6 55.76 21
    endloop
  endfacet
  facet normal -0 0 1
    outer loop
      vertex 8 59.06 21
      vertex 13 56.66 21
      vertex 14.6 59.06 21
    endloop
  endfacet
  facet normal 0 0 1
    outer loop
      vertex 13 56.66 21
      vertex 8 59.06 21
      vertex 8 56.66 21
    endloop
  endfacet
  facet normal 0 0 1
    outer loop
      vertex 14.6 55.76 21
      vertex 13 56.66 21
      vertex 13 55.76 21
    endloop
  endfacet
  facet normal 1 -0 0
    outer loop
      vertex 14.6 54.76 20
      vertex 14.6 55.26 19.6
      vertex 14.6 55.76 21
    endloop
  endfacet
  facet normal 1 0 0
    outer loop
      vertex 14.6 55.26 19.6
      vertex 14.6 54.76 20
      vertex 14.6 54.76 19.6
    endloop
  endfacet
  facet normal 1 0 0
    outer loop
      vertex 14.6 59.06 21
      vertex 14.6 56.66 19.6
      vertex 14.6 59.06 19.6
    endloop
  endfacet
  facet normal 1 -0 0
    outer loop
      vertex 14.6 55.76 21
      vertex 14.6 56.66 19.6
      vertex 14.6 59.06 21
    endloop
  endfacet
  facet normal 1 0 0
    outer loop
      vertex 14.6 55.26 19.6
      vertex 14.6 56.66 19.6
      vertex 14.6 55.76 21
    endloop
  endfacet
  facet normal 1 0 0
    outer loop
      vertex 14.6 55.26 19.58
      vertex 14.6 56.66 19.6
      vertex 14.6 55.26 19.6
    endloop
  endfacet
  facet normal 1 0 0
    outer loop
      vertex 14.6 56.66 19.6
      vertex 14.6 55.26 19.58
      vertex 14.6 56.66 18.0223
    endloop
  endfacet
  facet normal 0 -1 0
    outer loop
      vertex 8 56.66 5.79998
      vertex 16.5 56.66 6
      vertex 8 56.66 6
    endloop
  endfacet
  facet normal 0 -1 -0
    outer loop
      vertex 16.5 56.66 6
      vertex 8 56.66 5.79998
      vertex 16.5 56.66 5.79998
    endloop
  endfacet
  facet normal 0 0.952432 0.304751
    outer loop
      vertex 16.5 59.4599 4.75016
      vertex 8 59.06 5.99996
      vertex 16.5 59.06 5.99996
    endloop
  endfacet
  facet normal 0 0.952432 0.304751
    outer loop
      vertex 8 59.06 5.99996
      vertex 16.5 59.4599 4.75016
      vertex 8 59.4599 4.75016
    endloop
  endfacet
  facet normal 0 0.934476 0.356026
    outer loop
      vertex 6.05455 59.86 3.7
      vertex 8 59.4599 4.75016
      vertex 16.5 59.4599 4.75016
    endloop
  endfacet
  facet normal -3.64955e-05 0.934499 0.355965
    outer loop
      vertex 18.5 59.86 3.7
      vertex 16.5 59.4599 4.75016
      vertex 16.5 59.06 5.8
    endloop
  endfacet
  facet normal -0 0.934476 0.356026
    outer loop
      vertex 6.05455 59.86 3.7
      vertex 16.5 59.4599 4.75016
      vertex 18.5 59.86 3.7
    endloop
  endfacet
  facet normal 0.000454206 0.934756 0.355291
    outer loop
      vertex 8 59.4599 4.75016
      vertex 6.05455 59.86 3.7
      vertex 6.02985 59.8481 3.73134
    endloop
  endfacet
  facet normal 5.5017e-05 0.934499 0.355965
    outer loop
      vertex 8 59.06 5.8
      vertex 8 59.4599 4.75016
      vertex 6.02985 59.8481 3.73134
    endloop
  endfacet
  facet normal -0.724138 0 0.689655
    outer loop
      vertex 6.02985 58.7463 3.73134
      vertex 8 59.06 5.8
      vertex 6.02985 59.8481 3.73134
    endloop
  endfacet
  facet normal -0.724121 3.45843e-05 0.689673
    outer loop
      vertex 8 56.66 5.8
      vertex 6.02985 58.7463 3.73134
      vertex 6 58.7273 3.7
    endloop
  endfacet
  facet normal -0.724138 0 0.689655
    outer loop
      vertex 6.02985 58.7463 3.73134
      vertex 8 56.66 5.8
      vertex 8 59.06 5.8
    endloop
  endfacet
  facet normal -0.724138 0 0.689655
    outer loop
      vertex 8 56.66 5.8
      vertex 6 58.7273 3.7
      vertex 6 55.86 3.7
    endloop
  endfacet
  facet normal 0 1 0
    outer loop
      vertex 6.13333 59.86 3.6
      vertex 18.5 59.86 3.7
      vertex 18.5 59.86 3.6
    endloop
  endfacet
  facet normal 0 1 0
    outer loop
      vertex 18.5 59.86 3.7
      vertex 6.13333 59.86 3.6
      vertex 6.05455 59.86 3.7
    endloop
  endfacet
  facet normal 0.724138 -0 0.689655
    outer loop
      vertex 16.5 56.66 5.8
      vertex 18.5 59.86 3.7
      vertex 16.5 59.06 5.8
    endloop
  endfacet
  facet normal 0.724138 0 0.689655
    outer loop
      vertex 18.5 59.86 3.7
      vertex 16.5 56.66 5.8
      vertex 18.5 55.86 3.7
    endloop
  endfacet
  facet normal -1 0 0
    outer loop
      vertex 6 55.86 3.7
      vertex 6 58.6667 3.6
      vertex 6 55.86 3.6
    endloop
  endfacet
  facet normal -1 0 0
    outer loop
      vertex 6 58.6667 3.6
      vertex 6 55.86 3.7
      vertex 6 58.7273 3.7
    endloop
  endfacet
  facet normal 0 -1 0
    outer loop
      vertex 6 55.86 3.6
      vertex 18.5 55.86 3.7
      vertex 6 55.86 3.7
    endloop
  endfacet
  facet normal 0 -1 -0
    outer loop
      vertex 18.5 55.86 3.7
      vertex 6 55.86 3.6
      vertex 18.5 55.86 3.6
    endloop
  endfacet
  facet normal 0 -0.934487 0.355998
    outer loop
      vertex 8 56.66 5.79998
      vertex 6 55.86 3.7
      vertex 16.5 56.66 5.79998
    endloop
  endfacet
  facet normal 0.371391 -0.928477 0
    outer loop
      vertex 6 55.86 3.7
      vertex 8 56.66 5.79998
      vertex 8 56.66 5.8
    endloop
  endfacet
  facet normal -0.371391 -0.928477 0
    outer loop
      vertex 16.5 56.66 5.79998
      vertex 18.5 55.86 3.7
      vertex 16.5 56.66 5.8
    endloop
  endfacet
  facet normal 0 -0.934487 0.355998
    outer loop
      vertex 18.5 55.86 3.7
      vertex 16.5 56.66 5.79998
      vertex 6 55.86 3.7
    endloop
  endfacet
  facet normal 1 -0 0
    outer loop
      vertex 18.5 55.86 3.7
      vertex 18.5 59.86 3.6
      vertex 18.5 59.86 3.7
    endloop
  endfacet
  facet normal 1 0 0
    outer loop
      vertex 18.5 59.86 3.6
      vertex 18.5 55.86 3.7
      vertex 18.5 55.86 3.6
    endloop
  endfacet
  facet normal 0 0 -1
    outer loop
      vertex 13 54.76 19.6
      vertex 14.6 55.26 19.6
      vertex 14.6 54.76 19.6
    endloop
  endfacet
  facet normal -0 0 -1
    outer loop
      vertex 14.6 55.26 19.6
      vertex 13 54.76 19.6
      vertex 13 55.26 19.6
    endloop
  endfacet
  facet normal 0 -1 0
    outer loop
      vertex 13 55.26 19.58
      vertex 14.6 55.26 19.6
      vertex 13 55.26 19.6
    endloop
  endfacet
  facet normal 0 -1 -0
    outer loop
      vertex 14.6 55.26 19.6
      vertex 13 55.26 19.58
      vertex 14.6 55.26 19.58
    endloop
  endfacet
  facet normal -1 0 0
    outer loop
      vertex 13 55.26 19.58
      vertex 13 56.66 21
      vertex 13 56.66 18.0223
    endloop
  endfacet
  facet normal -1 0 0
    outer loop
      vertex 13 56.66 21
      vertex 13 55.26 19.58
      vertex 13 55.26 19.6
    endloop
  endfacet
  facet normal -1 -0 0
    outer loop
      vertex 13 56.66 21
      vertex 13 55.26 19.6
      vertex 13 55.76 21
    endloop
  endfacet
  facet normal -1 0 0
    outer loop
      vertex 13 54.76 20
      vertex 13 55.26 19.6
      vertex 13 54.76 19.6
    endloop
  endfacet
  facet normal -1 0 0
    outer loop
      vertex 13 55.26 19.6
      vertex 13 54.76 20
      vertex 13 55.76 21
    endloop
  endfacet
  facet normal 0 -0.743752 -0.668455
    outer loop
      vertex 13 56.66 18.0223
      vertex 14.6 55.26 19.58
      vertex 13 55.26 19.58
    endloop
  endfacet
  facet normal 0 -0.743752 -0.668455
    outer loop
      vertex 14.6 55.26 19.58
      vertex 13 56.66 18.0223
      vertex 14.6 56.66 18.0223
    endloop
  endfacet
  facet normal 0 -0.707107 0.707107
    outer loop
      vertex 13 54.76 20
      vertex 14.6 55.76 21
      vertex 13 55.76 21
    endloop
  endfacet
  facet normal 0 -0.707107 0.707107
    outer loop
      vertex 14.6 55.76 21
      vertex 13 54.76 20
      vertex 14.6 54.76 20
    endloop
  endfacet
  facet normal 0 -1 0
    outer loop
      vertex 13 54.76 19.6
      vertex 14.6 54.76 20
      vertex 13 54.76 20
    endloop
  endfacet
  facet normal 0 -1 -0
    outer loop
      vertex 14.6 54.76 20
      vertex 13 54.76 19.6
      vertex 14.6 54.76 19.6
    endloop
  endfacet
  facet normal 0 0 0
    outer loop
      vertex 31.5 56.66 6
      vertex 31.5 56.66 5.8
      vertex 31.5 56.66 5.79998
    endloop
  endfacet
  facet normal -1 0 0
    outer loop
      vertex 31.5 59.06 5.8
      vertex 31.5 59.06 5.99996
      vertex 31.5 59.4599 4.75016
    endloop
  endfacet
  facet normal -1 0 0
    outer loop
      vertex 31.5 56.66 6
      vertex 31.5 59.06 5.99996
      vertex 31.5 59.06 5.8
    endloop
  endfacet
  facet normal -1 0 0
    outer loop
      vertex 31.5 56.66 6
      vertex 31.5 59.06 5.8
      vertex 31.5 56.66 5.8
    endloop
  endfacet
  facet normal -1 0 0
    outer loop
      vertex 31.5 59.06 5.99996
      vertex 31.5 56.66 6
      vertex 31.5 59.06 19.6
    endloop
  endfacet
  facet normal -1 -0 0
    outer loop
      vertex 31.5 59.06 19.6
      vertex 31.5 56.66 6
      vertex 31.5 56.66 19.6
    endloop
  endfacet
  facet normal -0 0 1
    outer loop
      vertex 31.5 59.06 19.6
      vertex 33.4 56.66 19.6
      vertex 33.4 59.06 19.6
    endloop
  endfacet
  facet normal 0 0 1
    outer loop
      vertex 33.4 56.66 19.6
      vertex 31.5 59.06 19.6
      vertex 31.5 56.66 19.6
    endloop
  endfacet
  facet normal 1 -0 0
    outer loop
      vertex 40 56.66 6
      vertex 40 59.06 5.99996
      vertex 40 59.06 21
    endloop
  endfacet
  facet normal 1 0 0
    outer loop
      vertex 40 56.66 6
      vertex 40 59.06 21
      vertex 40 56.66 21
    endloop
  endfacet
  facet normal 1 0 0
    outer loop
      vertex 40 59.06 5.99996
      vertex 40 56.66 6
      vertex 40 59.06 5.8
    endloop
  endfacet
  facet normal 1 0 0
    outer loop
      vertex 40 56.66 6
      vertex 40 56.66 5.8
      vertex 40 59.06 5.8
    endloop
  endfacet
  facet normal -0 0 0
    outer loop
      vertex 40 56.66 5.8
      vertex 40 56.66 6
      vertex 40 56.66 5.79998
    endloop
  endfacet
  facet normal 1 0 0
    outer loop
      vertex 40 59.4599 4.75016
      vertex 40 59.06 5.99996
      vertex 40 59.06 5.8
    endloop
  endfacet
  facet normal 0 1 0
    outer loop
      vertex 40 59.06 21
      vertex 33.4 59.06 19.6
      vertex 33.4 59.06 21
    endloop
  endfacet
  facet normal 0 1 -0
    outer loop
      vertex 40 59.06 5.99996
      vertex 33.4 59.06 19.6
      vertex 40 59.06 21
    endloop
  endfacet
  facet normal 0 1 0
    outer loop
      vertex 31.5 59.06 5.99996
      vertex 33.4 59.06 19.6
      vertex 40 59.06 5.99996
    endloop
  endfacet
  facet normal 0 1 0
    outer loop
      vertex 33.4 59.06 19.6
      vertex 31.5 59.06 5.99996
      vertex 31.5 59.06 19.6
    endloop
  endfacet
  facet normal 0 -1 0
    outer loop
      vertex 31.5 56.66 19.6
      vertex 33.4 56.66 18.0223
      vertex 33.4 56.66 19.6
    endloop
  endfacet
  facet normal 0 -1 -0
    outer loop
      vertex 33.4 56.66 18.0223
      vertex 31.5 56.66 6
      vertex 35 56.66 18.0223
    endloop
  endfacet
  facet normal 0 -1 0
    outer loop
      vertex 31.5 56.66 6
      vertex 33.4 56.66 18.0223
      vertex 31.5 56.66 19.6
    endloop
  endfacet
  facet normal 0 -1 0
    outer loop
      vertex 35 56.66 18.0223
      vertex 40 56.66 21
      vertex 35 56.66 21
    endloop
  endfacet
  facet normal 0 -1 0
    outer loop
      vertex 40 56.66 6
      vertex 35 56.66 18.0223
      vertex 31.5 56.66 6
    endloop
  endfacet
  facet normal 0 -1 0
    outer loop
      vertex 35 56.66 18.0223
      vertex 40 56.66 6
      vertex 40 56.66 21
    endloop
  endfacet
  facet normal -1 0 0
    outer loop
      vertex 33.4 55.26 19.58
      vertex 33.4 56.66 19.6
      vertex 33.4 56.66 18.0223
    endloop
  endfacet
  facet normal -1 -0 0
    outer loop
      vertex 33.4 56.66 19.6
      vertex 33.4 55.26 19.58
      vertex 33.4 55.26 19.6
    endloop
  endfacet
  facet normal -1 0 0
    outer loop
      vertex 33.4 56.66 19.6
      vertex 33.4 55.26 19.6
      vertex 33.4 55.76 21
    endloop
  endfacet
  facet normal -1 0 0
    outer loop
      vertex 33.4 54.76 20
      vertex 33.4 55.26 19.6
      vertex 33.4 54.76 19.6
    endloop
  endfacet
  facet normal -1 0 0
    outer loop
      vertex 33.4 55.26 19.6
      vertex 33.4 54.76 20
      vertex 33.4 55.76 21
    endloop
  endfacet
  facet normal -1 0 0
    outer loop
      vertex 33.4 56.66 19.6
      vertex 33.4 59.06 21
      vertex 33.4 59.06 19.6
    endloop
  endfacet
  facet normal -1 -0 0
    outer loop
      vertex 33.4 59.06 21
      vertex 33.4 56.66 19.6
      vertex 33.4 55.76 21
    endloop
  endfacet
  facet normal 0 0 1
    outer loop
      vertex 40 59.06 21
      vertex 35 56.66 21
      vertex 40 56.66 21
    endloop
  endfacet
  facet normal -0 0 1
    outer loop
      vertex 33.4 59.06 21
      vertex 35 56.66 21
      vertex 40 59.06 21
    endloop
  endfacet
  facet normal 0 0 1
    outer loop
      vertex 33.4 55.76 21
      vertex 35 56.66 21
      vertex 33.4 59.06 21
    endloop
  endfacet
  facet normal 0 0 1
    outer loop
      vertex 35 56.66 21
      vertex 33.4 55.76 21
      vertex 35 55.76 21
    endloop
  endfacet
  facet normal 0 -1 0
    outer loop
      vertex 31.5 56.66 5.79998
      vertex 40 56.66 6
      vertex 31.5 56.66 6
    endloop
  endfacet
  facet normal 0 -1 -0
    outer loop
      vertex 40 56.66 6
      vertex 31.5 56.66 5.79998
      vertex 40 56.66 5.79998
    endloop
  endfacet
  facet normal 0 0.952432 0.304751
    outer loop
      vertex 40 59.4599 4.75016
      vertex 31.5 59.06 5.99996
      vertex 40 59.06 5.99996
    endloop
  endfacet
  facet normal 0 0.952432 0.304751
    outer loop
      vertex 31.5 59.06 5.99996
      vertex 40 59.4599 4.75016
      vertex 31.5 59.4599 4.75016
    endloop
  endfacet
  facet normal 0 0.934476 0.356026
    outer loop
      vertex 40 59.4599 4.75016
      vertex 42 59.86 3.7
      vertex 31.5 59.4599 4.75016
    endloop
  endfacet
  facet normal -3.64955e-05 0.934499 0.355965
    outer loop
      vertex 42 59.86 3.7
      vertex 40 59.4599 4.75016
      vertex 40 59.06 5.8
    endloop
  endfacet
  facet normal 3.64955e-05 0.934499 0.355965
    outer loop
      vertex 31.5 59.4599 4.75016
      vertex 29.5 59.86 3.7
      vertex 31.5 59.06 5.8
    endloop
  endfacet
  facet normal -0 0.934476 0.356026
    outer loop
      vertex 29.5 59.86 3.7
      vertex 31.5 59.4599 4.75016
      vertex 42 59.86 3.7
    endloop
  endfacet
  facet normal -0.724138 0 0.689655
    outer loop
      vertex 29.5 59.86 3.7
      vertex 31.5 56.66 5.8
      vertex 31.5 59.06 5.8
    endloop
  endfacet
  facet normal -0.724138 0 0.689655
    outer loop
      vertex 31.5 56.66 5.8
      vertex 29.5 59.86 3.7
      vertex 29.5 55.86 3.7
    endloop
  endfacet
  facet normal 0 1 -0
    outer loop
      vertex 42 59.86 3.6
      vertex 29.5 59.86 3.7
      vertex 42 59.86 3.7
    endloop
  endfacet
  facet normal 0 1 0
    outer loop
      vertex 29.5 59.86 3.7
      vertex 42 59.86 3.6
      vertex 29.5 59.86 3.6
    endloop
  endfacet
  facet normal 0.724138 -0 0.689655
    outer loop
      vertex 40 56.66 5.8
      vertex 42 59.86 3.7
      vertex 40 59.06 5.8
    endloop
  endfacet
  facet normal 0.724138 0 0.689655
    outer loop
      vertex 42 59.86 3.7
      vertex 40 56.66 5.8
      vertex 42 55.86 3.7
    endloop
  endfacet
  facet normal -1 0 0
    outer loop
      vertex 29.5 55.86 3.6
      vertex 29.5 59.86 3.7
      vertex 29.5 59.86 3.6
    endloop
  endfacet
  facet normal -1 -0 0
    outer loop
      vertex 29.5 59.86 3.7
      vertex 29.5 55.86 3.6
      vertex 29.5 55.86 3.7
    endloop
  endfacet
  facet normal 0 -1 0
    outer loop
      vertex 29.5 55.86 3.6
      vertex 42 55.86 3.7
      vertex 29.5 55.86 3.7
    endloop
  endfacet
  facet normal 0 -1 -0
    outer loop
      vertex 42 55.86 3.7
      vertex 29.5 55.86 3.6
      vertex 42 55.86 3.6
    endloop
  endfacet
  facet normal 0 -0.934487 0.355998
    outer loop
      vertex 31.5 56.66 5.79998
      vertex 29.5 55.86 3.7
      vertex 40 56.66 5.79998
    endloop
  endfacet
  facet normal 0.371391 -0.928477 0
    outer loop
      vertex 29.5 55.86 3.7
      vertex 31.5 56.66 5.79998
      vertex 31.5 56.66 5.8
    endloop
  endfacet
  facet normal -0.371391 -0.928477 0
    outer loop
      vertex 40 56.66 5.79998
      vertex 42 55.86 3.7
      vertex 40 56.66 5.8
    endloop
  endfacet
  facet normal 0 -0.934487 0.355998
    outer loop
      vertex 42 55.86 3.7
      vertex 40 56.66 5.79998
      vertex 29.5 55.86 3.7
    endloop
  endfacet
  facet normal 1 -0 0
    outer loop
      vertex 42 55.86 3.7
      vertex 42 59.86 3.6
      vertex 42 59.86 3.7
    endloop
  endfacet
  facet normal 1 0 0
    outer loop
      vertex 42 59.86 3.6
      vertex 42 55.86 3.7
      vertex 42 55.86 3.6
    endloop
  endfacet
  facet normal 0 0 -1
    outer loop
      vertex 33.4 54.76 19.6
      vertex 35 55.26 19.6
      vertex 35 54.76 19.6
    endloop
  endfacet
  facet normal -0 0 -1
    outer loop
      vertex 35 55.26 19.6
      vertex 33.4 54.76 19.6
      vertex 33.4 55.26 19.6
    endloop
  endfacet
  facet normal 0 -1 0
    outer loop
      vertex 33.4 55.26 19.58
      vertex 35 55.26 19.6
      vertex 33.4 55.26 19.6
    endloop
  endfacet
  facet normal 0 -1 -0
    outer loop
      vertex 35 55.26 19.6
      vertex 33.4 55.26 19.58
      vertex 35 55.26 19.58
    endloop
  endfacet
  facet normal 0 -0.743752 -0.668455
    outer loop
      vertex 33.4 56.66 18.0223
      vertex 35 55.26 19.58
      vertex 33.4 55.26 19.58
    endloop
  endfacet
  facet normal 0 -0.743752 -0.668455
    outer loop
      vertex 35 55.26 19.58
      vertex 33.4 56.66 18.0223
      vertex 35 56.66 18.0223
    endloop
  endfacet
  facet normal 1 -0 0
    outer loop
      vertex 35 54.76 20
      vertex 35 55.26 19.6
      vertex 35 55.76 21
    endloop
  endfacet
  facet normal 1 0 0
    outer loop
      vertex 35 55.26 19.6
      vertex 35 54.76 20
      vertex 35 54.76 19.6
    endloop
  endfacet
  facet normal 1 0 0
    outer loop
      vertex 35 55.26 19.6
      vertex 35 56.66 21
      vertex 35 55.76 21
    endloop
  endfacet
  facet normal 1 0 0
    outer loop
      vertex 35 55.26 19.58
      vertex 35 56.66 21
      vertex 35 55.26 19.6
    endloop
  endfacet
  facet normal 1 0 0
    outer loop
      vertex 35 56.66 21
      vertex 35 55.26 19.58
      vertex 35 56.66 18.0223
    endloop
  endfacet
  facet normal 0 -1 0
    outer loop
      vertex 33.4 54.76 19.6
      vertex 35 54.76 20
      vertex 33.4 54.76 20
    endloop
  endfacet
  facet normal 0 -1 -0
    outer loop
      vertex 35 54.76 20
      vertex 33.4 54.76 19.6
      vertex 35 54.76 19.6
    endloop
  endfacet
  facet normal 0 -0.707107 0.707107
    outer loop
      vertex 33.4 54.76 20
      vertex 35 55.76 21
      vertex 33.4 55.76 21
    endloop
  endfacet
  facet normal 0 -0.707107 0.707107
    outer loop
      vertex 35 55.76 21
      vertex 33.4 54.76 20
      vertex 35 54.76 20
    endloop
  endfacet
  facet normal -1 0 0
    outer loop
      vertex 46 34 3.6
      vertex 46 40 40.8
      vertex 46 40 3.6
    endloop
  endfacet
  facet normal -1 -0 0
    outer loop
      vertex 46 40 40.8
      vertex 46 34 3.6
      vertex 46 34 40.8
    endloop
  endfacet
  facet normal -0 0 1
    outer loop
      vertex 46 40 40.8
      vertex 50 34 40.8
      vertex 50 40 40.8
    endloop
  endfacet
  facet normal 0 0 1
    outer loop
      vertex 50 34 40.8
      vertex 46 40 40.8
      vertex 46 34 40.8
    endloop
  endfacet
  facet normal 1 -0 0
    outer loop
      vertex 50 34 40.8
      vertex 50 40 3.6
      vertex 50 40 40.8
    endloop
  endfacet
  facet normal 1 0 0
    outer loop
      vertex 50 40 3.6
      vertex 50 34 40.8
      vertex 50 34 3.6
    endloop
  endfacet
  facet normal 0 1 -0
    outer loop
      vertex 50 40 3.6
      vertex 46 40 40.8
      vertex 50 40 40.8
    endloop
  endfacet
  facet normal 0 1 0
    outer loop
      vertex 46 40 40.8
      vertex 50 40 3.6
      vertex 46 40 3.6
    endloop
  endfacet
  facet normal 0 -1 0
    outer loop
      vertex 46 34 3.6
      vertex 50 34 40.8
      vertex 46 34 40.8
    endloop
  endfacet
  facet normal 0 -1 -0
    outer loop
      vertex 50 34 40.8
      vertex 46 34 3.6
      vertex 50 34 3.6
    endloop
  endfacet
  facet normal -1 0 0
    outer loop
      vertex 46 64 3.6
      vertex 46 70 40.8
      vertex 46 70 3.6
    endloop
  endfacet
  facet normal -1 -0 0
    outer loop
      vertex 46 70 40.8
      vertex 46 64 3.6
      vertex 46 64 40.8
    endloop
  endfacet
  facet normal -0 0 1
    outer loop
      vertex 46 70 40.8
      vertex 50 64 40.8
      vertex 50 70 40.8
    endloop
  endfacet
  facet normal 0 0 1
    outer loop
      vertex 50 64 40.8
      vertex 46 70 40.8
      vertex 46 64 40.8
    endloop
  endfacet
  facet normal 1 -0 0
    outer loop
      vertex 50 64 40.8
      vertex 50 70 3.6
      vertex 50 70 40.8
    endloop
  endfacet
  facet normal 1 0 0
    outer loop
      vertex 50 70 3.6
      vertex 50 64 40.8
      vertex 50 64 3.6
    endloop
  endfacet
  facet normal 0 1 -0
    outer loop
      vertex 50 70 3.6
      vertex 46 70 40.8
      vertex 50 70 40.8
    endloop
  endfacet
  facet normal 0 1 0
    outer loop
      vertex 46 70 40.8
      vertex 50 70 3.6
      vertex 46 70 3.6
    endloop
  endfacet
  facet normal 0 -1 0
    outer loop
      vertex 46 64 3.6
      vertex 50 64 40.8
      vertex 46 64 40.8
    endloop
  endfacet
  facet normal 0 -1 -0
    outer loop
      vertex 50 64 40.8
      vertex 46 64 3.6
      vertex 50 64 3.6
    endloop
  endfacet
  facet normal -1 0 0
    outer loop
      vertex 86 34 3.6
      vertex 86 40 40.8
      vertex 86 40 3.6
    endloop
  endfacet
  facet normal -1 -0 0
    outer loop
      vertex 86 40 40.8
      vertex 86 34 3.6
      vertex 86 34 40.8
    endloop
  endfacet
  facet normal -0 0 1
    outer loop
      vertex 86 40 40.8
      vertex 90 34 40.8
      vertex 90 40 40.8
    endloop
  endfacet
  facet normal 0 0 1
    outer loop
      vertex 90 34 40.8
      vertex 86 40 40.8
      vertex 86 34 40.8
    endloop
  endfacet
  facet normal 1 -0 0
    outer loop
      vertex 90 34 40.8
      vertex 90 40 3.6
      vertex 90 40 40.8
    endloop
  endfacet
  facet normal 1 0 0
    outer loop
      vertex 90 40 3.6
      vertex 90 34 40.8
      vertex 90 34 3.6
    endloop
  endfacet
  facet normal 0 1 -0
    outer loop
      vertex 90 40 3.6
      vertex 86 40 40.8
      vertex 90 40 40.8
    endloop
  endfacet
  facet normal 0 1 0
    outer loop
      vertex 86 40 40.8
      vertex 90 40 3.6
      vertex 86 40 3.6
    endloop
  endfacet
  facet normal 0 -1 0
    outer loop
      vertex 86 34 3.6
      vertex 90 34 40.8
      vertex 86 34 40.8
    endloop
  endfacet
  facet normal 0 -1 -0
    outer loop
      vertex 90 34 40.8
      vertex 86 34 3.6
      vertex 90 34 3.6
    endloop
  endfacet
  facet normal -1 0 0
    outer loop
      vertex 86 64 3.6
      vertex 86 70 40.8
      vertex 86 70 3.6
    endloop
  endfacet
  facet normal -1 -0 0
    outer loop
      vertex 86 70 40.8
      vertex 86 64 3.6
      vertex 86 64 40.8
    endloop
  endfacet
  facet normal -0 0 1
    outer loop
      vertex 86 70 40.8
      vertex 90 64 40.8
      vertex 90 70 40.8
    endloop
  endfacet
  facet normal 0 0 1
    outer loop
      vertex 90 64 40.8
      vertex 86 70 40.8
      vertex 86 64 40.8
    endloop
  endfacet
  facet normal 1 -0 0
    outer loop
      vertex 90 69.2308 3.76923
      vertex 90 70 3.6
      vertex 90 70 40.8
    endloop
  endfacet
  facet normal 1 0 0
    outer loop
      vertex 90 70 3.6
      vertex 90 69.2308 3.76923
      vertex 90 69.3333 3.6
    endloop
  endfacet
  facet normal 1 -0 0
    outer loop
      vertex 90 64 40.8
      vertex 90 69.2308 3.76923
      vertex 90 70 40.8
    endloop
  endfacet
  facet normal 1 0 0
    outer loop
      vertex 90 69.2308 3.76923
      vertex 90 64 40.8
      vertex 90 64 3.76923
    endloop
  endfacet
  facet normal 0 1 -0
    outer loop
      vertex 90 70 3.6
      vertex 86 70 40.8
      vertex 90 70 40.8
    endloop
  endfacet
  facet normal 0 1 0
    outer loop
      vertex 86 70 40.8
      vertex 90 70 3.6
      vertex 86 70 3.6
    endloop
  endfacet
  facet normal 0 -1 0
    outer loop
      vertex 86 64 40.8
      vertex 90 64 3.76923
      vertex 90 64 40.8
    endloop
  endfacet
  facet normal 0 -1 0
    outer loop
      vertex 86 64 3.6
      vertex 90 64 3.76923
      vertex 86 64 40.8
    endloop
  endfacet
  facet normal 0 -1 0
    outer loop
      vertex 90 64 3.76923
      vertex 86 64 3.6
      vertex 89.8667 64 3.6
    endloop
  endfacet
  facet normal 1 -0 0
    outer loop
      vertex 46.6 10.3 7
      vertex 46.6 11 5.8
      vertex 46.6 11 9
    endloop
  endfacet
  facet normal 1 0 0
    outer loop
      vertex 46.6 8.5 5
      vertex 46.6 11 5.8
      vertex 46.6 10.3 7
    endloop
  endfacet
  facet normal 1 0 0
    outer loop
      vertex 46.6 11 5.8
      vertex 46.6 8.5 5
      vertex 46.6 9.66667 3.6
    endloop
  endfacet
  facet normal 1 -0 0
    outer loop
      vertex 46.6 7.70001 4
      vertex 46.6 9.66667 3.6
      vertex 46.6 8.5 5
    endloop
  endfacet
  facet normal 1 0 0
    outer loop
      vertex 46.6 9.66667 3.6
      vertex 46.6 7.70001 4
      vertex 46.6 7.50001 3.6
    endloop
  endfacet
  facet normal -1 0 0
    outer loop
      vertex 43.4 11 3.6
      vertex 43.4 10.3 7
      vertex 43.4 11 9
    endloop
  endfacet
  facet normal -1 0 0
    outer loop
      vertex 43.4 11 3.6
      vertex 43.4 8.5 5
      vertex 43.4 10.3 7
    endloop
  endfacet
  facet normal -1 0 0
    outer loop
      vertex 43.4 11 3.6
      vertex 43.4 7.70001 4
      vertex 43.4 8.5 5
    endloop
  endfacet
  facet normal -1 0 -0
    outer loop
      vertex 43.4 7.70001 4
      vertex 43.4 11 3.6
      vertex 43.4 7.50001 3.6
    endloop
  endfacet
  facet normal -1 0 0
    outer loop
      vertex 43.4 21 3.6
      vertex 43.4 24.3 4
      vertex 43.4 24.5 3.6
    endloop
  endfacet
  facet normal -1 -0 0
    outer loop
      vertex 43.4 24.3 4
      vertex 43.4 21 3.6
      vertex 43.4 23.5 5
    endloop
  endfacet
  facet normal -1 -0 0
    outer loop
      vertex 43.4 23.5 5
      vertex 43.4 21 3.6
      vertex 43.4 21.7 7
    endloop
  endfacet
  facet normal -1 -0 0
    outer loop
      vertex 43.4 21.7 7
      vertex 43.4 21 3.6
      vertex 43.4 21 9
    endloop
  endfacet
  facet normal 0 -0.894427 0.447214
    outer loop
      vertex 43.4 7.50001 3.6
      vertex 46.6 7.70001 4
      vertex 43.4 7.70001 4
    endloop
  endfacet
  facet normal 0 -0.894427 0.447214
    outer loop
      vertex 46.6 7.70001 4
      vertex 43.4 7.50001 3.6
      vertex 46.6 7.50001 3.6
    endloop
  endfacet
  facet normal 0 -0.780873 0.62469
    outer loop
      vertex 43.4 7.70001 4
      vertex 46.6 8.5 5
      vertex 43.4 8.5 5
    endloop
  endfacet
  facet normal 0 -0.780873 0.62469
    outer loop
      vertex 46.6 8.5 5
      vertex 43.4 7.70001 4
      vertex 46.6 7.70001 4
    endloop
  endfacet
  facet normal 0 -0.743294 0.668965
    outer loop
      vertex 43.4 8.5 5
      vertex 46.6 10.3 7
      vertex 43.4 10.3 7
    endloop
  endfacet
  facet normal 0 -0.743294 0.668965
    outer loop
      vertex 46.6 10.3 7
      vertex 43.4 8.5 5
      vertex 46.6 8.5 5
    endloop
  endfacet
  facet normal 0 -0.943858 0.33035
    outer loop
      vertex 43.4 10.3 7
      vertex 43.9526 11 9
      vertex 43.4 11 9
    endloop
  endfacet
  facet normal 0 -0.943858 0.33035
    outer loop
      vertex 46.6 10.3 7
      vertex 43.9526 11 9
      vertex 43.4 10.3 7
    endloop
  endfacet
  facet normal 0 -0.943858 0.33035
    outer loop
      vertex 43.9526 11 9
      vertex 46.6 10.3 7
      vertex 46.6 11 9
    endloop
  endfacet
  facet normal 0 -1 0
    outer loop
      vertex 48 11 42.4
      vertex 47.8 11 43.8
      vertex 46.6 11 43.8
    endloop
  endfacet
  facet normal 0 -1 0
    outer loop
      vertex 46.6 11 40.8025
      vertex 46.6 11 43.8
      vertex 44.2 11 43.8
    endloop
  endfacet
  facet normal 0 -1 0
    outer loop
      vertex 47.8 11 43.8
      vertex 48 11 42.4
      vertex 48.8 11 42.8
    endloop
  endfacet
  facet normal -0 -1 0
    outer loop
      vertex 48 11 42.38
      vertex 46.6 11 43.8
      vertex 46.6 11 40.8025
    endloop
  endfacet
  facet normal 0 -1 0
    outer loop
      vertex 46.6 11 43.8
      vertex 48 11 42.38
      vertex 48 11 42.4
    endloop
  endfacet
  facet normal 0 -1 0
    outer loop
      vertex 44.2 11 11.9999
      vertex 46.6 11 40.8025
      vertex 44.2 11 43.8
    endloop
  endfacet
  facet normal 0 -1 -0
    outer loop
      vertex 46.6 11 40.8025
      vertex 44.2 11 11.9999
      vertex 46.6 11 12
    endloop
  endfacet
  facet normal 0 -1 0
    outer loop
      vertex 46.6 11 9
      vertex 46.6 11 12
      vertex 44.2 11 11.9999
    endloop
  endfacet
  facet normal 0 -1 0
    outer loop
      vertex 46.6 11 9
      vertex 44.2 11 11.9999
      vertex 43.9526 11 9
    endloop
  endfacet
  facet normal 0 0 0
    outer loop
      vertex 46.6 11 5.79999
      vertex 46.6 11 9
      vertex 46.6 11 5.8
    endloop
  endfacet
  facet normal 0 -0 0
    outer loop
      vertex 46.6 11 9
      vertex 46.6 11 5.79999
      vertex 46.6 11 12
    endloop
  endfacet
  facet normal 0 -1 -0
    outer loop
      vertex 48.8 11 42.8
      vertex 48 11 42.4
      vertex 48.8 11 42.4
    endloop
  endfacet
  facet normal 0 1 -0
    outer loop
      vertex 43.5072 11 3.6
      vertex 43.4 11 9
      vertex 43.9526 11 9
    endloop
  endfacet
  facet normal 0 1 0
    outer loop
      vertex 43.4 11 9
      vertex 43.5072 11 3.6
      vertex 43.4 11 3.6
    endloop
  endfacet
  facet normal 1 0 0
    outer loop
      vertex 46.6 22.3333 3.6
      vertex 46.6 24.3 4
      vertex 46.6 23.5 5
    endloop
  endfacet
  facet normal 1 0 0
    outer loop
      vertex 46.6 24.3 4
      vertex 46.6 22.3333 3.6
      vertex 46.6 24.5 3.6
    endloop
  endfacet
  facet normal 1 -0 0
    outer loop
      vertex 46.6 21 5.8
      vertex 46.6 23.5 5
      vertex 46.6 21.7 7
    endloop
  endfacet
  facet normal 1 0 0
    outer loop
      vertex 46.6 21 5.8
      vertex 46.6 21.7 7
      vertex 46.6 21 9
    endloop
  endfacet
  facet normal 1 0 0
    outer loop
      vertex 46.6 23.5 5
      vertex 46.6 21 5.8
      vertex 46.6 22.3333 3.6
    endloop
  endfacet
  facet normal 0 0.894427 0.447214
    outer loop
      vertex 46.6 24.5 3.6
      vertex 43.4 24.3 4
      vertex 46.6 24.3 4
    endloop
  endfacet
  facet normal 0 0.894427 0.447214
    outer loop
      vertex 43.4 24.3 4
      vertex 46.6 24.5 3.6
      vertex 43.4 24.5 3.6
    endloop
  endfacet
  facet normal 0 0.780869 0.624695
    outer loop
      vertex 46.6 24.3 4
      vertex 43.4 23.5 5
      vertex 46.6 23.5 5
    endloop
  endfacet
  facet normal 0 0.780869 0.624695
    outer loop
      vertex 43.4 23.5 5
      vertex 46.6 24.3 4
      vertex 43.4 24.3 4
    endloop
  endfacet
  facet normal 0 0.743294 0.668965
    outer loop
      vertex 46.6 23.5 5
      vertex 43.4 21.7 7
      vertex 46.6 21.7 7
    endloop
  endfacet
  facet normal 0 0.743294 0.668965
    outer loop
      vertex 43.4 21.7 7
      vertex 46.6 23.5 5
      vertex 43.4 23.5 5
    endloop
  endfacet
  facet normal 0 0.943858 0.33035
    outer loop
      vertex 46.6 21.7 7
      vertex 43.9526 21 9
      vertex 46.6 21 9
    endloop
  endfacet
  facet normal -0 0.943858 0.33035
    outer loop
      vertex 43.4 21.7 7
      vertex 43.9526 21 9
      vertex 46.6 21.7 7
    endloop
  endfacet
  facet normal 0 0.943858 0.33035
    outer loop
      vertex 43.9526 21 9
      vertex 43.4 21.7 7
      vertex 43.4 21 9
    endloop
  endfacet
  facet normal 0 1 -0
    outer loop
      vertex 48 21 42.4
      vertex 47.8 21 43.8
      vertex 48.8 21 42.8
    endloop
  endfacet
  facet normal 0 1 0
    outer loop
      vertex 47.8 21 43.8
      vertex 48 21 42.4
      vertex 46.6 21 43.8
    endloop
  endfacet
  facet normal 0 1 0
    outer loop
      vertex 48 21 42.4
      vertex 48.8 21 42.8
      vertex 48.8 21 42.4
    endloop
  endfacet
  facet normal 0 1 -0
    outer loop
      vertex 48 21 42.38
      vertex 46.6 21 43.8
      vertex 48 21 42.4
    endloop
  endfacet
  facet normal 0 1 0
    outer loop
      vertex 46.6 21 43.8
      vertex 48 21 42.38
      vertex 46.6 21 40.8025
    endloop
  endfacet
  facet normal 0 1 0
    outer loop
      vertex 46.6 21 43.8
      vertex 46.6 21 40.8025
      vertex 44.2 21 43.8
    endloop
  endfacet
  facet normal 0 1 0
    outer loop
      vertex 44.2 21 11.9999
      vertex 46.6 21 40.8025
      vertex 46.6 21 12
    endloop
  endfacet
  facet normal 0 1 0
    outer loop
      vertex 46.6 21 40.8025
      vertex 44.2 21 11.9999
      vertex 44.2 21 43.8
    endloop
  endfacet
  facet normal 0 1 0
    outer loop
      vertex 46.6 21 12
      vertex 46.6 21 9
      vertex 44.2 21 11.9999
    endloop
  endfacet
  facet normal 0 0 0
    outer loop
      vertex 46.6 21 5.79999
      vertex 46.6 21 9
      vertex 46.6 21 12
    endloop
  endfacet
  facet normal 0 0 0
    outer loop
      vertex 46.6 21 9
      vertex 46.6 21 5.79999
      vertex 46.6 21 5.8
    endloop
  endfacet
  facet normal 0 1 0
    outer loop
      vertex 44.2 21 11.9999
      vertex 46.6 21 9
      vertex 43.9526 21 9
    endloop
  endfacet
  facet normal 0 -1 0
    outer loop
      vertex 43.5072 21 3.6
      vertex 43.4 21 9
      vertex 43.4 21 3.6
    endloop
  endfacet
  facet normal 0 -1 0
    outer loop
      vertex 43.4 21 9
      vertex 43.5072 21 3.6
      vertex 43.9526 21 9
    endloop
  endfacet
  facet normal -1 0 0
    outer loop
      vertex 44.2 11 11.9999
      vertex 44.2 21 43.8
      vertex 44.2 21 11.9999
    endloop
  endfacet
  facet normal -1 -0 0
    outer loop
      vertex 44.2 21 43.8
      vertex 44.2 11 11.9999
      vertex 44.2 11 43.8
    endloop
  endfacet
  facet normal -0 0 1
    outer loop
      vertex 44.2 21 43.8
      vertex 46.6 11 43.8
      vertex 46.6 21 43.8
    endloop
  endfacet
  facet normal 0 0 1
    outer loop
      vertex 46.6 11 43.8
      vertex 44.2 21 43.8
      vertex 44.2 11 43.8
    endloop
  endfacet
  facet normal 1 -0 0
    outer loop
      vertex 46.6 11 40.8025
      vertex 46.6 21 12
      vertex 46.6 21 40.8025
    endloop
  endfacet
  facet normal 1 0 0
    outer loop
      vertex 46.6 21 12
      vertex 46.6 11 40.8025
      vertex 46.6 11 12
    endloop
  endfacet
  facet normal 1 -0 0
    outer loop
      vertex 46.6 11 12
      vertex 46.6 21 5.79999
      vertex 46.6 21 12
    endloop
  endfacet
  facet normal 1 0 0
    outer loop
      vertex 46.6 21 5.79999
      vertex 46.6 11 12
      vertex 46.6 11 5.79999
    endloop
  endfacet
  facet normal -0.996616 0 0.0822023
    outer loop
      vertex 43.9526 11 9
      vertex 43.9526 21 9
      vertex 43.5072 21 3.6
    endloop
  endfacet
  facet normal -0.996616 0 0.0822023
    outer loop
      vertex 43.9526 11 9
      vertex 43.5072 21 3.6
      vertex 43.5072 11 3.6
    endloop
  endfacet
  facet normal -0.996617 0 0.0821904
    outer loop
      vertex 43.9526 21 9
      vertex 43.9526 11 9
      vertex 44.2 21 11.9999
    endloop
  endfacet
  facet normal -0.996617 0 0.0821904
    outer loop
      vertex 44.2 21 11.9999
      vertex 43.9526 11 9
      vertex 44.2 11 11.9999
    endloop
  endfacet
  facet normal 0 -0.855198 0.518301
    outer loop
      vertex 46.6 11 5.8
      vertex 46.6 9.66667 3.6
      vertex 47.9333 9.66667 3.6
    endloop
  endfacet
  facet normal 0.707107 -0.707107 0
    outer loop
      vertex 46.6 21 5.79999
      vertex 47.9333 22.3333 3.6
      vertex 46.6 21 5.8
    endloop
  endfacet
  facet normal 0.855203 -0 0.518294
    outer loop
      vertex 46.6 11 5.79999
      vertex 47.9333 22.3333 3.6
      vertex 46.6 21 5.79999
    endloop
  endfacet
  facet normal 0.855203 0 0.518294
    outer loop
      vertex 47.9333 22.3333 3.6
      vertex 46.6 11 5.79999
      vertex 47.9333 9.66667 3.6
    endloop
  endfacet
  facet normal 0.707115 0.707099 0
    outer loop
      vertex 46.6 11 5.8
      vertex 47.9333 9.66667 3.6
      vertex 46.6 11 5.79999
    endloop
  endfacet
  facet normal -0 0.855204 0.518292
    outer loop
      vertex 46.6 22.3333 3.6
      vertex 46.6 21 5.8
      vertex 47.9333 22.3333 3.6
    endloop
  endfacet
  facet normal 1 -0 0
    outer loop
      vertex 48 11 42.4
      vertex 48 21 42.38
      vertex 48 21 42.4
    endloop
  endfacet
  facet normal 1 0 0
    outer loop
      vertex 48 21 42.38
      vertex 48 11 42.4
      vertex 48 11 42.38
    endloop
  endfacet
  facet normal 0.747932 0 -0.663775
    outer loop
      vertex 48 11 42.38
      vertex 46.6 21 40.8025
      vertex 48 21 42.38
    endloop
  endfacet
  facet normal 0.747932 0 -0.663775
    outer loop
      vertex 46.6 21 40.8025
      vertex 48 11 42.38
      vertex 46.6 11 40.8025
    endloop
  endfacet
  facet normal 0 0 -1
    outer loop
      vertex 48 11 42.4
      vertex 48.8 21 42.4
      vertex 48.8 11 42.4
    endloop
  endfacet
  facet normal -0 0 -1
    outer loop
      vertex 48.8 21 42.4
      vertex 48 11 42.4
      vertex 48 21 42.4
    endloop
  endfacet
  facet normal -0 0 1
    outer loop
      vertex 46.6 21 43.8
      vertex 47.8 11 43.8
      vertex 47.8 21 43.8
    endloop
  endfacet
  facet normal 0 0 1
    outer loop
      vertex 47.8 11 43.8
      vertex 46.6 21 43.8
      vertex 46.6 11 43.8
    endloop
  endfacet
  facet normal 1 -0 0
    outer loop
      vertex 48.8 11 42.8
      vertex 48.8 21 42.4
      vertex 48.8 21 42.8
    endloop
  endfacet
  facet normal 1 0 0
    outer loop
      vertex 48.8 21 42.4
      vertex 48.8 11 42.8
      vertex 48.8 11 42.4
    endloop
  endfacet
  facet normal 0.707107 -0 0.707107
    outer loop
      vertex 47.8 11 43.8
      vertex 48.8 21 42.8
      vertex 47.8 21 43.8
    endloop
  endfacet
  facet normal 0.707107 0 0.707107
    outer loop
      vertex 48.8 21 42.8
      vertex 47.8 11 43.8
      vertex 48.8 11 42.8
    endloop
  endfacet
  facet normal -1 0 0
    outer loop
      vertex 89.4 11 5.8
      vertex 89.4 10.3 7
      vertex 89.4 11 9
    endloop
  endfacet
  facet normal -1 0 0
    outer loop
      vertex 89.4 10 6.66666
      vertex 89.4 11 5.8
      vertex 89.4 10 4.15
    endloop
  endfacet
  facet normal -1 0 0
    outer loop
      vertex 89.4 11 5.8
      vertex 89.4 10 6.66666
      vertex 89.4 10.3 7
    endloop
  endfacet
  facet normal 1 -0 0
    outer loop
      vertex 92.6 10.3 7
      vertex 92.6 11 3.6
      vertex 92.6 11 9
    endloop
  endfacet
  facet normal 1 -0 0
    outer loop
      vertex 92.6 8.5 5
      vertex 92.6 11 3.6
      vertex 92.6 10.3 7
    endloop
  endfacet
  facet normal 1 -0 0
    outer loop
      vertex 92.6 7.70001 4
      vertex 92.6 11 3.6
      vertex 92.6 8.5 5
    endloop
  endfacet
  facet normal 1 0 0
    outer loop
      vertex 92.6 11 3.6
      vertex 92.6 7.70001 4
      vertex 92.6 7.50001 3.6
    endloop
  endfacet
  facet normal 1 0 0
    outer loop
      vertex 92.6 21.7 7
      vertex 92.6 22 5.8
      vertex 92.6 22 6.66666
    endloop
  endfacet
  facet normal 1 0 0
    outer loop
      vertex 92.6 21 4.15
      vertex 92.6 21.7 7
      vertex 92.6 21 9
    endloop
  endfacet
  facet normal 1 0 0
    outer loop
      vertex 92.6 21.7 7
      vertex 92.6 21 4.15
      vertex 92.6 22 5.8
    endloop
  endfacet
  facet normal 0 -0.894427 0.447214
    outer loop
      vertex 92 7.50001 3.6
      vertex 92.6 7.70001 4
      vertex 92 7.70001 4
    endloop
  endfacet
  facet normal 0 -0.894427 0.447214
    outer loop
      vertex 92.6 7.70001 4
      vertex 92 7.50001 3.6
      vertex 92.6 7.50001 3.6
    endloop
  endfacet
  facet normal 0 -0.780873 0.62469
    outer loop
      vertex 92 7.70001 4
      vertex 92.6 8.5 5
      vertex 92 8.5 5
    endloop
  endfacet
  facet normal 0 -0.780873 0.62469
    outer loop
      vertex 92.6 8.5 5
      vertex 92 7.70001 4
      vertex 92.6 7.70001 4
    endloop
  endfacet
  facet normal 0 -0.743301 0.668957
    outer loop
      vertex 92 10 6.66666
      vertex 89.4 10.3 7
      vertex 89.4 10 6.66666
    endloop
  endfacet
  facet normal 0 -0.743301 0.668957
    outer loop
      vertex 89.4 10.3 7
      vertex 92 10 6.66666
      vertex 92.6 10.3 7
    endloop
  endfacet
  facet normal 0 -0.743293 0.668966
    outer loop
      vertex 92.6 8.5 5
      vertex 92 10 6.66666
      vertex 92 8.5 5
    endloop
  endfacet
  facet normal -7.43294e-06 -0.743294 0.668965
    outer loop
      vertex 92 10 6.66666
      vertex 92.6 8.5 5
      vertex 92.6 10.3 7
    endloop
  endfacet
  facet normal 0 -0.943858 0.33035
    outer loop
      vertex 89.4 10.3 7
      vertex 92.0474 11 9
      vertex 89.4 11 9
    endloop
  endfacet
  facet normal 0 -0.943858 0.33035
    outer loop
      vertex 92.6 10.3 7
      vertex 92.0474 11 9
      vertex 89.4 10.3 7
    endloop
  endfacet
  facet normal 0 -0.943858 0.33035
    outer loop
      vertex 92.0474 11 9
      vertex 92.6 10.3 7
      vertex 92.6 11 9
    endloop
  endfacet
  facet normal 0 -1 0
    outer loop
      vertex 88 11 42.4
      vertex 88.2 11 43.8
      vertex 87.2 11 42.8
    endloop
  endfacet
  facet normal 0 -1 -0
    outer loop
      vertex 88.2 11 43.8
      vertex 88 11 42.4
      vertex 89.4 11 43.8
    endloop
  endfacet
  facet normal 0 -1 0
    outer loop
      vertex 88 11 42.4
      vertex 87.2 11 42.8
      vertex 87.2 11 42.4
    endloop
  endfacet
  facet normal 0 -1 0
    outer loop
      vertex 88 11 42.38
      vertex 89.4 11 43.8
      vertex 88 11 42.4
    endloop
  endfacet
  facet normal 0 -1 -0
    outer loop
      vertex 89.4 11 43.8
      vertex 88 11 42.38
      vertex 89.4 11 40.8025
    endloop
  endfacet
  facet normal 0 -1 0
    outer loop
      vertex 89.4 11 43.8
      vertex 89.4 11 40.8025
      vertex 91.8 11 43.8
    endloop
  endfacet
  facet normal 0 -1 0
    outer loop
      vertex 91.8 11 11.9999
      vertex 89.4 11 40.8025
      vertex 89.4 11 12
    endloop
  endfacet
  facet normal 0 -1 0
    outer loop
      vertex 89.4 11 40.8025
      vertex 91.8 11 11.9999
      vertex 91.8 11 43.8
    endloop
  endfacet
  facet normal 0 -1 0
    outer loop
      vertex 89.4 11 12
      vertex 89.4 11 9
      vertex 91.8 11 11.9999
    endloop
  endfacet
  facet normal 0 0 0
    outer loop
      vertex 89.4 11 5.79999
      vertex 89.4 11 9
      vertex 89.4 11 12
    endloop
  endfacet
  facet normal 0 0 0
    outer loop
      vertex 89.4 11 9
      vertex 89.4 11 5.79999
      vertex 89.4 11 5.8
    endloop
  endfacet
  facet normal 0 -1 -0
    outer loop
      vertex 91.8 11 11.9999
      vertex 89.4 11 9
      vertex 92.0474 11 9
    endloop
  endfacet
  facet normal 0 1 0
    outer loop
      vertex 92.4928 11 3.6
      vertex 92.6 11 9
      vertex 92.6 11 3.6
    endloop
  endfacet
  facet normal 0 1 0
    outer loop
      vertex 92.6 11 9
      vertex 92.4928 11 3.6
      vertex 92.0474 11 9
    endloop
  endfacet
  facet normal -1 0 0
    outer loop
      vertex 89.4 22.3333 3.6
      vertex 89.4 24.3 4
      vertex 89.4 24.5 3.6
    endloop
  endfacet
  facet normal -1 -0 0
    outer loop
      vertex 89.4 24.3 4
      vertex 89.4 22.3333 3.6
      vertex 89.4 23.5 5
    endloop
  endfacet
  facet normal -1 0 0
    outer loop
      vertex 89.4 21 5.8
      vertex 89.4 23.5 5
      vertex 89.4 22.3333 3.6
    endloop
  endfacet
  facet normal -1 0 0
    outer loop
      vertex 89.4 23.5 5
      vertex 89.4 21 5.8
      vertex 89.4 21.7 7
    endloop
  endfacet
  facet normal -1 -0 0
    outer loop
      vertex 89.4 21.7 7
      vertex 89.4 21 5.8
      vertex 89.4 21 9
    endloop
  endfacet
  facet normal 0 0.894427 0.447214
    outer loop
      vertex 89.8667 24.5 3.6
      vertex 89.4 24.3 4
      vertex 90.1818 24.3 4
    endloop
  endfacet
  facet normal 0 0.894427 0.447214
    outer loop
      vertex 89.4 24.3 4
      vertex 89.8667 24.5 3.6
      vertex 89.4 24.5 3.6
    endloop
  endfacet
  facet normal 0 0.780869 0.624695
    outer loop
      vertex 90.1818 24.3 4
      vertex 89.4 23.5 5
      vertex 90.9697 23.5 5
    endloop
  endfacet
  facet normal 0 0.780869 0.624695
    outer loop
      vertex 89.4 23.5 5
      vertex 90.1818 24.3 4
      vertex 89.4 24.3 4
    endloop
  endfacet
  facet normal -0 0.743301 0.668957
    outer loop
      vertex 91.6 22 6.66666
      vertex 92.6 21.7 7
      vertex 92.6 22 6.66666
    endloop
  endfacet
  facet normal 0 0.743301 0.668957
    outer loop
      vertex 92.6 21.7 7
      vertex 91.6 22 6.66666
      vertex 89.4 21.7 7
    endloop
  endfacet
  facet normal 2.80686e-06 0.743292 0.668968
    outer loop
      vertex 91.6 22.78 5.8
      vertex 89.4 21.7 7
      vertex 91.6 22 6.66666
    endloop
  endfacet
  facet normal -7.21474e-16 0.743294 0.668965
    outer loop
      vertex 90.9697 23.5 5
      vertex 89.4 21.7 7
      vertex 91.6 22.78 5.8
    endloop
  endfacet
  facet normal 0 0.743294 0.668965
    outer loop
      vertex 89.4 21.7 7
      vertex 90.9697 23.5 5
      vertex 89.4 23.5 5
    endloop
  endfacet
  facet normal 0 0.943858 0.33035
    outer loop
      vertex 92.6 21.7 7
      vertex 92.0474 21 9
      vertex 92.6 21 9
    endloop
  endfacet
  facet normal -0 0.943858 0.33035
    outer loop
      vertex 89.4 21.7 7
      vertex 92.0474 21 9
      vertex 92.6 21.7 7
    endloop
  endfacet
  facet normal 0 0.943858 0.33035
    outer loop
      vertex 92.0474 21 9
      vertex 89.4 21.7 7
      vertex 89.4 21 9
    endloop
  endfacet
  facet normal 0 1 0
    outer loop
      vertex 88 21 42.4
      vertex 88.2 21 43.8
      vertex 89.4 21 43.8
    endloop
  endfacet
  facet normal 0 1 0
    outer loop
      vertex 89.4 21 40.8025
      vertex 89.4 21 43.8
      vertex 91.8 21 43.8
    endloop
  endfacet
  facet normal 0 1 0
    outer loop
      vertex 88.2 21 43.8
      vertex 88 21 42.4
      vertex 87.2 21 42.8
    endloop
  endfacet
  facet normal -0 1 0
    outer loop
      vertex 88 21 42.38
      vertex 89.4 21 43.8
      vertex 89.4 21 40.8025
    endloop
  endfacet
  facet normal 0 1 0
    outer loop
      vertex 89.4 21 43.8
      vertex 88 21 42.38
      vertex 88 21 42.4
    endloop
  endfacet
  facet normal 0 1 -0
    outer loop
      vertex 91.8 21 11.9999
      vertex 89.4 21 40.8025
      vertex 91.8 21 43.8
    endloop
  endfacet
  facet normal 0 1 0
    outer loop
      vertex 89.4 21 40.8025
      vertex 91.8 21 11.9999
      vertex 89.4 21 12
    endloop
  endfacet
  facet normal 0 1 0
    outer loop
      vertex 89.4 21 9
      vertex 89.4 21 12
      vertex 91.8 21 11.9999
    endloop
  endfacet
  facet normal 0 1 0
    outer loop
      vertex 89.4 21 9
      vertex 91.8 21 11.9999
      vertex 92.0474 21 9
    endloop
  endfacet
  facet normal 0 0 0
    outer loop
      vertex 89.4 21 5.79999
      vertex 89.4 21 9
      vertex 89.4 21 5.8
    endloop
  endfacet
  facet normal 0 -0 0
    outer loop
      vertex 89.4 21 9
      vertex 89.4 21 5.79999
      vertex 89.4 21 12
    endloop
  endfacet
  facet normal 0 1 0
    outer loop
      vertex 87.2 21 42.8
      vertex 88 21 42.4
      vertex 87.2 21 42.4
    endloop
  endfacet
  facet normal 0 -1 0
    outer loop
      vertex 92.4474 21 4.15
      vertex 92.6 21 9
      vertex 92.0474 21 9
    endloop
  endfacet
  facet normal 0 -1 -0
    outer loop
      vertex 92.6 21 9
      vertex 92.4474 21 4.15
      vertex 92.6 21 4.15
    endloop
  endfacet
  facet normal 1 -0 0
    outer loop
      vertex 91.8 11 43.8
      vertex 91.8 21 11.9999
      vertex 91.8 21 43.8
    endloop
  endfacet
  facet normal 1 0 0
    outer loop
      vertex 91.8 21 11.9999
      vertex 91.8 11 43.8
      vertex 91.8 11 11.9999
    endloop
  endfacet
  facet normal -0 0 1
    outer loop
      vertex 89.4 21 43.8
      vertex 91.8 11 43.8
      vertex 91.8 21 43.8
    endloop
  endfacet
  facet normal 0 0 1
    outer loop
      vertex 91.8 11 43.8
      vertex 89.4 21 43.8
      vertex 89.4 11 43.8
    endloop
  endfacet
  facet normal -1 0 0
    outer loop
      vertex 89.4 11 12
      vertex 89.4 21 40.8025
      vertex 89.4 21 12
    endloop
  endfacet
  facet normal -1 -0 0
    outer loop
      vertex 89.4 21 40.8025
      vertex 89.4 11 12
      vertex 89.4 11 40.8025
    endloop
  endfacet
  facet normal -1 0 0
    outer loop
      vertex 89.4 11 5.79999
      vertex 89.4 21 12
      vertex 89.4 21 5.79999
    endloop
  endfacet
  facet normal -1 -0 0
    outer loop
      vertex 89.4 21 12
      vertex 89.4 11 5.79999
      vertex 89.4 11 12
    endloop
  endfacet
  facet normal 0.996617 -0 0.0821904
    outer loop
      vertex 92.0474 11 9
      vertex 92.0474 21 9
      vertex 91.8 21 11.9999
    endloop
  endfacet
  facet normal 0.996616 0 0.0822023
    outer loop
      vertex 92.4928 20.6667 3.6
      vertex 92.0474 21 9
      vertex 92.0474 11 9
    endloop
  endfacet
  facet normal 0.996617 0 0.0821904
    outer loop
      vertex 92.0474 11 9
      vertex 91.8 21 11.9999
      vertex 91.8 11 11.9999
    endloop
  endfacet
  facet normal 0.996616 0.00011714 0.0821952
    outer loop
      vertex 92.0474 21 9
      vertex 92.4928 20.6667 3.6
      vertex 92.4474 21 4.15
    endloop
  endfacet
  facet normal 0.996616 0 0.0822023
    outer loop
      vertex 92.4928 20.6667 3.6
      vertex 92.0474 11 9
      vertex 92.4928 11 3.6
    endloop
  endfacet
  facet normal 0 -0.855198 0.518302
    outer loop
      vertex 89.4 10 4.15
      vertex 89.4 11 5.8
      vertex 88.4 10 4.15
    endloop
  endfacet
  facet normal -0.855203 0 0.518294
    outer loop
      vertex 88.0667 10 3.6
      vertex 89.4 21 5.79999
      vertex 88.0667 22.3333 3.6
    endloop
  endfacet
  facet normal -0.855203 0 0.518294
    outer loop
      vertex 89.4 21 5.79999
      vertex 88.0667 10 3.6
      vertex 89.4 11 5.79999
    endloop
  endfacet
  facet normal -0.855221 9.07047e-05 0.518264
    outer loop
      vertex 88.4 10 4.15
      vertex 89.4 11 5.79999
      vertex 88.0667 10 3.6
    endloop
  endfacet
  facet normal -0.707107 0.707107 0
    outer loop
      vertex 89.4 11 5.79999
      vertex 88.4 10 4.15
      vertex 89.4 11 5.8
    endloop
  endfacet
  facet normal -0.707107 -0.707107 0
    outer loop
      vertex 88.0667 22.3333 3.6
      vertex 89.4 21 5.79999
      vertex 89.4 21 5.8
    endloop
  endfacet
  facet normal 0 0.855204 0.518292
    outer loop
      vertex 89.4 21 5.8
      vertex 89.4 22.3333 3.6
      vertex 88.0667 22.3333 3.6
    endloop
  endfacet
  facet normal -1 0 0
    outer loop
      vertex 88 11 42.38
      vertex 88 21 42.4
      vertex 88 21 42.38
    endloop
  endfacet
  facet normal -1 -0 0
    outer loop
      vertex 88 21 42.4
      vertex 88 11 42.38
      vertex 88 11 42.4
    endloop
  endfacet
  facet normal -0.747932 0 -0.663775
    outer loop
      vertex 89.4 11 40.8025
      vertex 88 21 42.38
      vertex 89.4 21 40.8025
    endloop
  endfacet
  facet normal -0.747932 -0 -0.663775
    outer loop
      vertex 88 21 42.38
      vertex 89.4 11 40.8025
      vertex 88 11 42.38
    endloop
  endfacet
  facet normal 0 0 -1
    outer loop
      vertex 87.2 11 42.4
      vertex 88 21 42.4
      vertex 88 11 42.4
    endloop
  endfacet
  facet normal -0 0 -1
    outer loop
      vertex 88 21 42.4
      vertex 87.2 11 42.4
      vertex 87.2 21 42.4
    endloop
  endfacet
  facet normal -0 0 1
    outer loop
      vertex 88.2 21 43.8
      vertex 89.4 11 43.8
      vertex 89.4 21 43.8
    endloop
  endfacet
  facet normal 0 0 1
    outer loop
      vertex 89.4 11 43.8
      vertex 88.2 21 43.8
      vertex 88.2 11 43.8
    endloop
  endfacet
  facet normal -1 0 0
    outer loop
      vertex 87.2 11 42.4
      vertex 87.2 21 42.8
      vertex 87.2 21 42.4
    endloop
  endfacet
  facet normal -1 -0 0
    outer loop
      vertex 87.2 21 42.8
      vertex 87.2 11 42.4
      vertex 87.2 11 42.8
    endloop
  endfacet
  facet normal -0.707107 0 0.707107
    outer loop
      vertex 87.2 11 42.8
      vertex 88.2 21 43.8
      vertex 87.2 21 42.8
    endloop
  endfacet
  facet normal -0.707107 0 0.707107
    outer loop
      vertex 88.2 21 43.8
      vertex 87.2 11 42.8
      vertex 88.2 11 43.8
    endloop
  endfacet
  facet normal 1 -0 0
    outer loop
      vertex 46.6 48.3 7
      vertex 46.6 49 5.8
      vertex 46.6 49 9
    endloop
  endfacet
  facet normal 1 0 0
    outer loop
      vertex 46.6 46.5 5
      vertex 46.6 49 5.8
      vertex 46.6 48.3 7
    endloop
  endfacet
  facet normal 1 0 0
    outer loop
      vertex 46.6 49 5.8
      vertex 46.6 46.5 5
      vertex 46.6 47.6667 3.6
    endloop
  endfacet
  facet normal 1 -0 0
    outer loop
      vertex 46.6 45.7 4
      vertex 46.6 47.6667 3.6
      vertex 46.6 46.5 5
    endloop
  endfacet
  facet normal 1 0 0
    outer loop
      vertex 46.6 47.6667 3.6
      vertex 46.6 45.7 4
      vertex 46.6 45.5 3.6
    endloop
  endfacet
  facet normal -1 0 0
    outer loop
      vertex 43.4 49 3.6
      vertex 43.4 48.3 7
      vertex 43.4 49 9
    endloop
  endfacet
  facet normal -1 0 0
    outer loop
      vertex 43.4 49 3.6
      vertex 43.4 46.5 5
      vertex 43.4 48.3 7
    endloop
  endfacet
  facet normal -1 0 0
    outer loop
      vertex 43.4 49 3.6
      vertex 43.4 45.7 4
      vertex 43.4 46.5 5
    endloop
  endfacet
  facet normal -1 0 -0
    outer loop
      vertex 43.4 45.7 4
      vertex 43.4 49 3.6
      vertex 43.4 45.5 3.6
    endloop
  endfacet
  facet normal -1 0 0
    outer loop
      vertex 43.4 59 3.6
      vertex 43.4 62.3 4
      vertex 43.4 62.5 3.6
    endloop
  endfacet
  facet normal -1 -0 0
    outer loop
      vertex 43.4 62.3 4
      vertex 43.4 59 3.6
      vertex 43.4 61.5 5
    endloop
  endfacet
  facet normal -1 -0 0
    outer loop
      vertex 43.4 61.5 5
      vertex 43.4 59 3.6
      vertex 43.4 59.7 7
    endloop
  endfacet
  facet normal -1 -0 0
    outer loop
      vertex 43.4 59.7 7
      vertex 43.4 59 3.6
      vertex 43.4 59 9
    endloop
  endfacet
  facet normal 0 -0.894427 0.447214
    outer loop
      vertex 43.4 45.5 3.6
      vertex 46.6 45.7 4
      vertex 43.4 45.7 4
    endloop
  endfacet
  facet normal 0 -0.894427 0.447214
    outer loop
      vertex 46.6 45.7 4
      vertex 43.4 45.5 3.6
      vertex 46.6 45.5 3.6
    endloop
  endfacet
  facet normal 0 -0.780869 0.624695
    outer loop
      vertex 43.4 45.7 4
      vertex 46.6 46.5 5
      vertex 43.4 46.5 5
    endloop
  endfacet
  facet normal 0 -0.780869 0.624695
    outer loop
      vertex 46.6 46.5 5
      vertex 43.4 45.7 4
      vertex 46.6 45.7 4
    endloop
  endfacet
  facet normal 0 -0.743294 0.668965
    outer loop
      vertex 43.4 46.5 5
      vertex 46.6 48.3 7
      vertex 43.4 48.3 7
    endloop
  endfacet
  facet normal 0 -0.743294 0.668965
    outer loop
      vertex 46.6 48.3 7
      vertex 43.4 46.5 5
      vertex 46.6 46.5 5
    endloop
  endfacet
  facet normal 0 -0.943858 0.33035
    outer loop
      vertex 43.4 48.3 7
      vertex 43.9526 49 9
      vertex 43.4 49 9
    endloop
  endfacet
  facet normal 0 -0.943858 0.33035
    outer loop
      vertex 46.6 48.3 7
      vertex 43.9526 49 9
      vertex 43.4 48.3 7
    endloop
  endfacet
  facet normal 0 -0.943858 0.33035
    outer loop
      vertex 43.9526 49 9
      vertex 46.6 48.3 7
      vertex 46.6 49 9
    endloop
  endfacet
  facet normal 0 -1 0
    outer loop
      vertex 48 49 42.4
      vertex 47.8 49 43.8
      vertex 46.6 49 43.8
    endloop
  endfacet
  facet normal 0 -1 0
    outer loop
      vertex 46.6 49 40.8025
      vertex 46.6 49 43.8
      vertex 44.2 49 43.8
    endloop
  endfacet
  facet normal 0 -1 0
    outer loop
      vertex 47.8 49 43.8
      vertex 48 49 42.4
      vertex 48.8 49 42.8
    endloop
  endfacet
  facet normal -0 -1 0
    outer loop
      vertex 48 49 42.38
      vertex 46.6 49 43.8
      vertex 46.6 49 40.8025
    endloop
  endfacet
  facet normal 0 -1 0
    outer loop
      vertex 46.6 49 43.8
      vertex 48 49 42.38
      vertex 48 49 42.4
    endloop
  endfacet
  facet normal 0 -1 0
    outer loop
      vertex 44.2 49 11.9999
      vertex 46.6 49 40.8025
      vertex 44.2 49 43.8
    endloop
  endfacet
  facet normal 0 -1 -0
    outer loop
      vertex 46.6 49 40.8025
      vertex 44.2 49 11.9999
      vertex 46.6 49 12
    endloop
  endfacet
  facet normal 0 -1 0
    outer loop
      vertex 46.6 49 9
      vertex 46.6 49 12
      vertex 44.2 49 11.9999
    endloop
  endfacet
  facet normal 0 -1 0
    outer loop
      vertex 46.6 49 9
      vertex 44.2 49 11.9999
      vertex 43.9526 49 9
    endloop
  endfacet
  facet normal 0 0 0
    outer loop
      vertex 46.6 49 5.79999
      vertex 46.6 49 9
      vertex 46.6 49 5.8
    endloop
  endfacet
  facet normal 0 -0 0
    outer loop
      vertex 46.6 49 9
      vertex 46.6 49 5.79999
      vertex 46.6 49 12
    endloop
  endfacet
  facet normal 0 -1 -0
    outer loop
      vertex 48.8 49 42.8
      vertex 48 49 42.4
      vertex 48.8 49 42.4
    endloop
  endfacet
  facet normal 0 1 -0
    outer loop
      vertex 43.5072 49 3.6
      vertex 43.4 49 9
      vertex 43.9526 49 9
    endloop
  endfacet
  facet normal 0 1 0
    outer loop
      vertex 43.4 49 9
      vertex 43.5072 49 3.6
      vertex 43.4 49 3.6
    endloop
  endfacet
  facet normal 1 0 0
    outer loop
      vertex 46.6 60.3333 3.6
      vertex 46.6 62.3 4
      vertex 46.6 61.5 5
    endloop
  endfacet
  facet normal 1 0 0
    outer loop
      vertex 46.6 62.3 4
      vertex 46.6 60.3333 3.6
      vertex 46.6 62.5 3.6
    endloop
  endfacet
  facet normal 1 -0 0
    outer loop
      vertex 46.6 59 5.8
      vertex 46.6 61.5 5
      vertex 46.6 59.7 7
    endloop
  endfacet
  facet normal 1 0 0
    outer loop
      vertex 46.6 59 5.8
      vertex 46.6 59.7 7
      vertex 46.6 59 9
    endloop
  endfacet
  facet normal 1 0 0
    outer loop
      vertex 46.6 61.5 5
      vertex 46.6 59 5.8
      vertex 46.6 60.3333 3.6
    endloop
  endfacet
  facet normal 0 0.894427 0.447214
    outer loop
      vertex 46.6 62.5 3.6
      vertex 43.4 62.3 4
      vertex 46.6 62.3 4
    endloop
  endfacet
  facet normal 0 0.894427 0.447214
    outer loop
      vertex 43.4 62.3 4
      vertex 46.6 62.5 3.6
      vertex 43.4 62.5 3.6
    endloop
  endfacet
  facet normal 0 0.780869 0.624695
    outer loop
      vertex 46.6 62.3 4
      vertex 43.4 61.5 5
      vertex 46.6 61.5 5
    endloop
  endfacet
  facet normal 0 0.780869 0.624695
    outer loop
      vertex 43.4 61.5 5
      vertex 46.6 62.3 4
      vertex 43.4 62.3 4
    endloop
  endfacet
  facet normal 0 0.743294 0.668965
    outer loop
      vertex 46.6 61.5 5
      vertex 43.4 59.7 7
      vertex 46.6 59.7 7
    endloop
  endfacet
  facet normal 0 0.743294 0.668965
    outer loop
      vertex 43.4 59.7 7
      vertex 46.6 61.5 5
      vertex 43.4 61.5 5
    endloop
  endfacet
  facet normal 0 0.943858 0.33035
    outer loop
      vertex 46.6 59.7 7
      vertex 43.9526 59 9
      vertex 46.6 59 9
    endloop
  endfacet
  facet normal -0 0.943858 0.33035
    outer loop
      vertex 43.4 59.7 7
      vertex 43.9526 59 9
      vertex 46.6 59.7 7
    endloop
  endfacet
  facet normal 0 0.943858 0.33035
    outer loop
      vertex 43.9526 59 9
      vertex 43.4 59.7 7
      vertex 43.4 59 9
    endloop
  endfacet
  facet normal 0 1 -0
    outer loop
      vertex 48 59 42.4
      vertex 47.8 59 43.8
      vertex 48.8 59 42.8
    endloop
  endfacet
  facet normal 0 1 0
    outer loop
      vertex 47.8 59 43.8
      vertex 48 59 42.4
      vertex 46.6 59 43.8
    endloop
  endfacet
  facet normal 0 1 0
    outer loop
      vertex 48 59 42.4
      vertex 48.8 59 42.8
      vertex 48.8 59 42.4
    endloop
  endfacet
  facet normal 0 1 -0
    outer loop
      vertex 48 59 42.38
      vertex 46.6 59 43.8
      vertex 48 59 42.4
    endloop
  endfacet
  facet normal 0 1 0
    outer loop
      vertex 46.6 59 43.8
      vertex 48 59 42.38
      vertex 46.6 59 40.8025
    endloop
  endfacet
  facet normal 0 1 0
    outer loop
      vertex 46.6 59 43.8
      vertex 46.6 59 40.8025
      vertex 44.2 59 43.8
    endloop
  endfacet
  facet normal 0 1 0
    outer loop
      vertex 44.2 59 11.9999
      vertex 46.6 59 40.8025
      vertex 46.6 59 12
    endloop
  endfacet
  facet normal 0 1 0
    outer loop
      vertex 46.6 59 40.8025
      vertex 44.2 59 11.9999
      vertex 44.2 59 43.8
    endloop
  endfacet
  facet normal 0 1 0
    outer loop
      vertex 46.6 59 12
      vertex 46.6 59 9
      vertex 44.2 59 11.9999
    endloop
  endfacet
  facet normal 0 0 0
    outer loop
      vertex 46.6 59 5.79999
      vertex 46.6 59 9
      vertex 46.6 59 12
    endloop
  endfacet
  facet normal 0 0 0
    outer loop
      vertex 46.6 59 9
      vertex 46.6 59 5.79999
      vertex 46.6 59 5.8
    endloop
  endfacet
  facet normal 0 1 0
    outer loop
      vertex 44.2 59 11.9999
      vertex 46.6 59 9
      vertex 43.9526 59 9
    endloop
  endfacet
  facet normal 0 -1 0
    outer loop
      vertex 43.5072 59 3.6
      vertex 43.4 59 9
      vertex 43.4 59 3.6
    endloop
  endfacet
  facet normal 0 -1 0
    outer loop
      vertex 43.4 59 9
      vertex 43.5072 59 3.6
      vertex 43.9526 59 9
    endloop
  endfacet
  facet normal -1 0 0
    outer loop
      vertex 44.2 49 11.9999
      vertex 44.2 59 43.8
      vertex 44.2 59 11.9999
    endloop
  endfacet
  facet normal -1 -0 0
    outer loop
      vertex 44.2 59 43.8
      vertex 44.2 49 11.9999
      vertex 44.2 49 43.8
    endloop
  endfacet
  facet normal -0 0 1
    outer loop
      vertex 44.2 59 43.8
      vertex 46.6 49 43.8
      vertex 46.6 59 43.8
    endloop
  endfacet
  facet normal 0 0 1
    outer loop
      vertex 46.6 49 43.8
      vertex 44.2 59 43.8
      vertex 44.2 49 43.8
    endloop
  endfacet
  facet normal 1 -0 0
    outer loop
      vertex 46.6 49 40.8025
      vertex 46.6 59 12
      vertex 46.6 59 40.8025
    endloop
  endfacet
  facet normal 1 0 0
    outer loop
      vertex 46.6 59 12
      vertex 46.6 49 40.8025
      vertex 46.6 49 12
    endloop
  endfacet
  facet normal 1 -0 0
    outer loop
      vertex 46.6 49 12
      vertex 46.6 59 5.79999
      vertex 46.6 59 12
    endloop
  endfacet
  facet normal 1 0 0
    outer loop
      vertex 46.6 59 5.79999
      vertex 46.6 49 12
      vertex 46.6 49 5.79999
    endloop
  endfacet
  facet normal -0.996616 0 0.0822023
    outer loop
      vertex 43.9526 49 9
      vertex 43.9526 59 9
      vertex 43.5072 59 3.6
    endloop
  endfacet
  facet normal -0.996616 0 0.0822023
    outer loop
      vertex 43.9526 49 9
      vertex 43.5072 59 3.6
      vertex 43.5072 49 3.6
    endloop
  endfacet
  facet normal -0.996617 0 0.0821904
    outer loop
      vertex 43.9526 59 9
      vertex 43.9526 49 9
      vertex 44.2 59 11.9999
    endloop
  endfacet
  facet normal -0.996617 0 0.0821904
    outer loop
      vertex 44.2 59 11.9999
      vertex 43.9526 49 9
      vertex 44.2 49 11.9999
    endloop
  endfacet
  facet normal 0 -0.855204 0.518292
    outer loop
      vertex 46.6 49 5.8
      vertex 46.6 47.6667 3.6
      vertex 47.9333 47.6667 3.6
    endloop
  endfacet
  facet normal 0.707107 -0.707107 0
    outer loop
      vertex 46.6 59 5.79999
      vertex 47.9333 60.3333 3.6
      vertex 46.6 59 5.8
    endloop
  endfacet
  facet normal 0.855203 -0 0.518294
    outer loop
      vertex 46.6 49 5.79999
      vertex 47.9333 60.3333 3.6
      vertex 46.6 59 5.79999
    endloop
  endfacet
  facet normal 0.855203 0 0.518294
    outer loop
      vertex 47.9333 60.3333 3.6
      vertex 46.6 49 5.79999
      vertex 47.9333 47.6667 3.6
    endloop
  endfacet
  facet normal 0.707107 0.707107 0
    outer loop
      vertex 46.6 49 5.8
      vertex 47.9333 47.6667 3.6
      vertex 46.6 49 5.79999
    endloop
  endfacet
  facet normal -0 0.855204 0.518292
    outer loop
      vertex 46.6 60.3333 3.6
      vertex 46.6 59 5.8
      vertex 47.9333 60.3333 3.6
    endloop
  endfacet
  facet normal 1 -0 0
    outer loop
      vertex 48 49 42.4
      vertex 48 59 42.38
      vertex 48 59 42.4
    endloop
  endfacet
  facet normal 1 0 0
    outer loop
      vertex 48 59 42.38
      vertex 48 49 42.4
      vertex 48 49 42.38
    endloop
  endfacet
  facet normal 0.747932 0 -0.663775
    outer loop
      vertex 48 49 42.38
      vertex 46.6 59 40.8025
      vertex 48 59 42.38
    endloop
  endfacet
  facet normal 0.747932 0 -0.663775
    outer loop
      vertex 46.6 59 40.8025
      vertex 48 49 42.38
      vertex 46.6 49 40.8025
    endloop
  endfacet
  facet normal 0 0 -1
    outer loop
      vertex 48 49 42.4
      vertex 48.8 59 42.4
      vertex 48.8 49 42.4
    endloop
  endfacet
  facet normal -0 0 -1
    outer loop
      vertex 48.8 59 42.4
      vertex 48 49 42.4
      vertex 48 59 42.4
    endloop
  endfacet
  facet normal -0 0 1
    outer loop
      vertex 46.6 59 43.8
      vertex 47.8 49 43.8
      vertex 47.8 59 43.8
    endloop
  endfacet
  facet normal 0 0 1
    outer loop
      vertex 47.8 49 43.8
      vertex 46.6 59 43.8
      vertex 46.6 49 43.8
    endloop
  endfacet
  facet normal 1 -0 0
    outer loop
      vertex 48.8 49 42.8
      vertex 48.8 59 42.4
      vertex 48.8 59 42.8
    endloop
  endfacet
  facet normal 1 0 0
    outer loop
      vertex 48.8 59 42.4
      vertex 48.8 49 42.8
      vertex 48.8 49 42.4
    endloop
  endfacet
  facet normal 0.707107 -0 0.707107
    outer loop
      vertex 47.8 49 43.8
      vertex 48.8 59 42.8
      vertex 47.8 59 43.8
    endloop
  endfacet
  facet normal 0.707107 0 0.707107
    outer loop
      vertex 48.8 59 42.8
      vertex 47.8 49 43.8
      vertex 48.8 49 42.8
    endloop
  endfacet
  facet normal -1 0 0
    outer loop
      vertex 89.4 49 5.8
      vertex 89.4 48.3 7
      vertex 89.4 49 9
    endloop
  endfacet
  facet normal -1 0 0
    outer loop
      vertex 89.4 46.5 5
      vertex 89.4 49 5.8
      vertex 89.4 47.6667 3.6
    endloop
  endfacet
  facet normal -1 -0 0
    outer loop
      vertex 89.4 49 5.8
      vertex 89.4 46.5 5
      vertex 89.4 48.3 7
    endloop
  endfacet
  facet normal -1 0 0
    outer loop
      vertex 89.4 47.6667 3.6
      vertex 89.4 45.7 4
      vertex 89.4 46.5 5
    endloop
  endfacet
  facet normal -1 0 -0
    outer loop
      vertex 89.4 45.7 4
      vertex 89.4 47.6667 3.6
      vertex 89.4 45.5 3.6
    endloop
  endfacet
  facet normal 1 -0 0
    outer loop
      vertex 92.6 48.3 7
      vertex 92.6 49 3.6
      vertex 92.6 49 9
    endloop
  endfacet
  facet normal 1 -0 0
    outer loop
      vertex 92.6 46.5 5
      vertex 92.6 49 3.6
      vertex 92.6 48.3 7
    endloop
  endfacet
  facet normal 1 -0 0
    outer loop
      vertex 92.6 45.7 4
      vertex 92.6 49 3.6
      vertex 92.6 46.5 5
    endloop
  endfacet
  facet normal 1 0 0
    outer loop
      vertex 92.6 49 3.6
      vertex 92.6 45.7 4
      vertex 92.6 45.5 3.6
    endloop
  endfacet
  facet normal 1 0 0
    outer loop
      vertex 92.6 59.7 7
      vertex 92.6 60 5.8
      vertex 92.6 60 6.66666
    endloop
  endfacet
  facet normal 1 0 0
    outer loop
      vertex 92.6 59 4.15
      vertex 92.6 59.7 7
      vertex 92.6 59 9
    endloop
  endfacet
  facet normal 1 0 0
    outer loop
      vertex 92.6 59.7 7
      vertex 92.6 59 4.15
      vertex 92.6 60 5.8
    endloop
  endfacet
  facet normal 0 -0.894427 0.447214
    outer loop
      vertex 89.4 45.5 3.6
      vertex 92.6 45.7 4
      vertex 89.4 45.7 4
    endloop
  endfacet
  facet normal 0 -0.894427 0.447214
    outer loop
      vertex 92.6 45.7 4
      vertex 89.4 45.5 3.6
      vertex 92.6 45.5 3.6
    endloop
  endfacet
  facet normal 0 -0.780869 0.624695
    outer loop
      vertex 89.4 45.7 4
      vertex 92.6 46.5 5
      vertex 89.4 46.5 5
    endloop
  endfacet
  facet normal 0 -0.780869 0.624695
    outer loop
      vertex 92.6 46.5 5
      vertex 89.4 45.7 4
      vertex 92.6 45.7 4
    endloop
  endfacet
  facet normal 0 -0.743294 0.668965
    outer loop
      vertex 89.4 46.5 5
      vertex 92.6 48.3 7
      vertex 89.4 48.3 7
    endloop
  endfacet
  facet normal 0 -0.743294 0.668965
    outer loop
      vertex 92.6 48.3 7
      vertex 89.4 46.5 5
      vertex 92.6 46.5 5
    endloop
  endfacet
  facet normal 0 -0.943858 0.33035
    outer loop
      vertex 89.4 48.3 7
      vertex 92.0474 49 9
      vertex 89.4 49 9
    endloop
  endfacet
  facet normal 0 -0.943858 0.33035
    outer loop
      vertex 92.6 48.3 7
      vertex 92.0474 49 9
      vertex 89.4 48.3 7
    endloop
  endfacet
  facet normal 0 -0.943858 0.33035
    outer loop
      vertex 92.0474 49 9
      vertex 92.6 48.3 7
      vertex 92.6 49 9
    endloop
  endfacet
  facet normal 0 -1 0
    outer loop
      vertex 88 49 42.4
      vertex 88.2 49 43.8
      vertex 87.2 49 42.8
    endloop
  endfacet
  facet normal 0 -1 -0
    outer loop
      vertex 88.2 49 43.8
      vertex 88 49 42.4
      vertex 89.4 49 43.8
    endloop
  endfacet
  facet normal 0 -1 0
    outer loop
      vertex 88 49 42.4
      vertex 87.2 49 42.8
      vertex 87.2 49 42.4
    endloop
  endfacet
  facet normal 0 -1 0
    outer loop
      vertex 88 49 42.38
      vertex 89.4 49 43.8
      vertex 88 49 42.4
    endloop
  endfacet
  facet normal 0 -1 -0
    outer loop
      vertex 89.4 49 43.8
      vertex 88 49 42.38
      vertex 89.4 49 40.8025
    endloop
  endfacet
  facet normal 0 -1 0
    outer loop
      vertex 89.4 49 43.8
      vertex 89.4 49 40.8025
      vertex 91.8 49 43.8
    endloop
  endfacet
  facet normal 0 -1 0
    outer loop
      vertex 91.8 49 11.9999
      vertex 89.4 49 40.8025
      vertex 89.4 49 12
    endloop
  endfacet
  facet normal 0 -1 0
    outer loop
      vertex 89.4 49 40.8025
      vertex 91.8 49 11.9999
      vertex 91.8 49 43.8
    endloop
  endfacet
  facet normal 0 -1 0
    outer loop
      vertex 89.4 49 12
      vertex 89.4 49 9
      vertex 91.8 49 11.9999
    endloop
  endfacet
  facet normal 0 0 0
    outer loop
      vertex 89.4 49 5.79999
      vertex 89.4 49 9
      vertex 89.4 49 12
    endloop
  endfacet
  facet normal 0 0 0
    outer loop
      vertex 89.4 49 9
      vertex 89.4 49 5.79999
      vertex 89.4 49 5.8
    endloop
  endfacet
  facet normal 0 -1 -0
    outer loop
      vertex 91.8 49 11.9999
      vertex 89.4 49 9
      vertex 92.0474 49 9
    endloop
  endfacet
  facet normal 0 1 0
    outer loop
      vertex 92.4928 49 3.6
      vertex 92.6 49 9
      vertex 92.6 49 3.6
    endloop
  endfacet
  facet normal 0 1 0
    outer loop
      vertex 92.6 49 9
      vertex 92.4928 49 3.6
      vertex 92.0474 49 9
    endloop
  endfacet
  facet normal -1 0 0
    outer loop
      vertex 89.4 60.3333 3.6
      vertex 89.4 62.3 4
      vertex 89.4 62.5 3.6
    endloop
  endfacet
  facet normal -1 -0 0
    outer loop
      vertex 89.4 62.3 4
      vertex 89.4 60.3333 3.6
      vertex 89.4 61.5 5
    endloop
  endfacet
  facet normal -1 0 0
    outer loop
      vertex 89.4 59 5.8
      vertex 89.4 61.5 5
      vertex 89.4 60.3333 3.6
    endloop
  endfacet
  facet normal -1 0 0
    outer loop
      vertex 89.4 61.5 5
      vertex 89.4 59 5.8
      vertex 89.4 59.7 7
    endloop
  endfacet
  facet normal -1 -0 0
    outer loop
      vertex 89.4 59.7 7
      vertex 89.4 59 5.8
      vertex 89.4 59 9
    endloop
  endfacet
  facet normal 0 0.894427 0.447214
    outer loop
      vertex 89.8667 62.5 3.6
      vertex 89.4 62.3 4
      vertex 90.1818 62.3 4
    endloop
  endfacet
  facet normal 0 0.894427 0.447214
    outer loop
      vertex 89.4 62.3 4
      vertex 89.8667 62.5 3.6
      vertex 89.4 62.5 3.6
    endloop
  endfacet
  facet normal 0 0.780869 0.624695
    outer loop
      vertex 90.1818 62.3 4
      vertex 89.4 61.5 5
      vertex 90.9697 61.5 5
    endloop
  endfacet
  facet normal 0 0.780869 0.624695
    outer loop
      vertex 89.4 61.5 5
      vertex 90.1818 62.3 4
      vertex 89.4 62.3 4
    endloop
  endfacet
  facet normal -0 0.743301 0.668957
    outer loop
      vertex 91.6 60 6.66666
      vertex 92.6 59.7 7
      vertex 92.6 60 6.66666
    endloop
  endfacet
  facet normal 0 0.743301 0.668957
    outer loop
      vertex 92.6 59.7 7
      vertex 91.6 60 6.66666
      vertex 89.4 59.7 7
    endloop
  endfacet
  facet normal 2.80686e-06 0.743292 0.668968
    outer loop
      vertex 91.6 60.78 5.8
      vertex 89.4 59.7 7
      vertex 91.6 60 6.66666
    endloop
  endfacet
  facet normal 6.55886e-17 0.743294 0.668965
    outer loop
      vertex 90.9697 61.5 5
      vertex 89.4 59.7 7
      vertex 91.6 60.78 5.8
    endloop
  endfacet
  facet normal 0 0.743294 0.668965
    outer loop
      vertex 89.4 59.7 7
      vertex 90.9697 61.5 5
      vertex 89.4 61.5 5
    endloop
  endfacet
  facet normal 0 0.943858 0.33035
    outer loop
      vertex 92.6 59.7 7
      vertex 92.0474 59 9
      vertex 92.6 59 9
    endloop
  endfacet
  facet normal -0 0.943858 0.33035
    outer loop
      vertex 89.4 59.7 7
      vertex 92.0474 59 9
      vertex 92.6 59.7 7
    endloop
  endfacet
  facet normal 0 0.943858 0.33035
    outer loop
      vertex 92.0474 59 9
      vertex 89.4 59.7 7
      vertex 89.4 59 9
    endloop
  endfacet
  facet normal 0 1 0
    outer loop
      vertex 88 59 42.4
      vertex 88.2 59 43.8
      vertex 89.4 59 43.8
    endloop
  endfacet
  facet normal 0 1 0
    outer loop
      vertex 89.4 59 40.8025
      vertex 89.4 59 43.8
      vertex 91.8 59 43.8
    endloop
  endfacet
  facet normal 0 1 0
    outer loop
      vertex 88.2 59 43.8
      vertex 88 59 42.4
      vertex 87.2 59 42.8
    endloop
  endfacet
  facet normal -0 1 0
    outer loop
      vertex 88 59 42.38
      vertex 89.4 59 43.8
      vertex 89.4 59 40.8025
    endloop
  endfacet
  facet normal 0 1 0
    outer loop
      vertex 89.4 59 43.8
      vertex 88 59 42.38
      vertex 88 59 42.4
    endloop
  endfacet
  facet normal 0 1 -0
    outer loop
      vertex 91.8 59 11.9999
      vertex 89.4 59 40.8025
      vertex 91.8 59 43.8
    endloop
  endfacet
  facet normal 0 1 0
    outer loop
      vertex 89.4 59 40.8025
      vertex 91.8 59 11.9999
      vertex 89.4 59 12
    endloop
  endfacet
  facet normal 0 1 0
    outer loop
      vertex 89.4 59 9
      vertex 89.4 59 12
      vertex 91.8 59 11.9999
    endloop
  endfacet
  facet normal 0 1 0
    outer loop
      vertex 89.4 59 9
      vertex 91.8 59 11.9999
      vertex 92.0474 59 9
    endloop
  endfacet
  facet normal 0 0 0
    outer loop
      vertex 89.4 59 5.79999
      vertex 89.4 59 9
      vertex 89.4 59 5.8
    endloop
  endfacet
  facet normal 0 -0 0
    outer loop
      vertex 89.4 59 9
      vertex 89.4 59 5.79999
      vertex 89.4 59 12
    endloop
  endfacet
  facet normal 0 1 0
    outer loop
      vertex 87.2 59 42.8
      vertex 88 59 42.4
      vertex 87.2 59 42.4
    endloop
  endfacet
  facet normal 0 -1 0
    outer loop
      vertex 92.4474 59 4.15
      vertex 92.6 59 9
      vertex 92.0474 59 9
    endloop
  endfacet
  facet normal 0 -1 -0
    outer loop
      vertex 92.6 59 9
      vertex 92.4474 59 4.15
      vertex 92.6 59 4.15
    endloop
  endfacet
  facet normal 1 -0 0
    outer loop
      vertex 91.8 49 43.8
      vertex 91.8 59 11.9999
      vertex 91.8 59 43.8
    endloop
  endfacet
  facet normal 1 0 0
    outer loop
      vertex 91.8 59 11.9999
      vertex 91.8 49 43.8
      vertex 91.8 49 11.9999
    endloop
  endfacet
  facet normal -0 0 1
    outer loop
      vertex 89.4 59 43.8
      vertex 91.8 49 43.8
      vertex 91.8 59 43.8
    endloop
  endfacet
  facet normal 0 0 1
    outer loop
      vertex 91.8 49 43.8
      vertex 89.4 59 43.8
      vertex 89.4 49 43.8
    endloop
  endfacet
  facet normal -1 0 0
    outer loop
      vertex 89.4 49 12
      vertex 89.4 59 40.8025
      vertex 89.4 59 12
    endloop
  endfacet
  facet normal -1 -0 0
    outer loop
      vertex 89.4 59 40.8025
      vertex 89.4 49 12
      vertex 89.4 49 40.8025
    endloop
  endfacet
  facet normal -1 0 0
    outer loop
      vertex 89.4 49 5.79999
      vertex 89.4 59 12
      vertex 89.4 59 5.79999
    endloop
  endfacet
  facet normal -1 -0 0
    outer loop
      vertex 89.4 59 12
      vertex 89.4 49 5.79999
      vertex 89.4 49 12
    endloop
  endfacet
  facet normal 0.996617 -0 0.0821904
    outer loop
      vertex 92.0474 49 9
      vertex 92.0474 59 9
      vertex 91.8 59 11.9999
    endloop
  endfacet
  facet normal 0.996616 0 0.0822023
    outer loop
      vertex 92.4928 58.6667 3.6
      vertex 92.0474 59 9
      vertex 92.0474 49 9
    endloop
  endfacet
  facet normal 0.996617 0 0.0821904
    outer loop
      vertex 92.0474 49 9
      vertex 91.8 59 11.9999
      vertex 91.8 49 11.9999
    endloop
  endfacet
  facet normal 0.996616 0.00011714 0.0821952
    outer loop
      vertex 92.0474 59 9
      vertex 92.4928 58.6667 3.6
      vertex 92.4474 59 4.15
    endloop
  endfacet
  facet normal 0.996616 0 0.0822023
    outer loop
      vertex 92.4928 58.6667 3.6
      vertex 92.0474 49 9
      vertex 92.4928 49 3.6
    endloop
  endfacet
  facet normal 0 -0.855204 0.518292
    outer loop
      vertex 89.4 47.6667 3.6
      vertex 89.4 49 5.8
      vertex 88.0667 47.6667 3.6
    endloop
  endfacet
  facet normal -0.855203 0 0.518294
    outer loop
      vertex 88.0667 60.3333 3.6
      vertex 89.4 49 5.79999
      vertex 89.4 59 5.79999
    endloop
  endfacet
  facet normal -0.707107 0.707107 0
    outer loop
      vertex 89.4 49 5.79999
      vertex 88.0667 47.6667 3.6
      vertex 89.4 49 5.8
    endloop
  endfacet
  facet normal -0.855203 0 0.518294
    outer loop
      vertex 88.0667 47.6667 3.6
      vertex 89.4 49 5.79999
      vertex 88.0667 60.3333 3.6
    endloop
  endfacet
  facet normal -0.707107 -0.707107 0
    outer loop
      vertex 88.0667 60.3333 3.6
      vertex 89.4 59 5.79999
      vertex 89.4 59 5.8
    endloop
  endfacet
  facet normal 0 0.855204 0.518292
    outer loop
      vertex 89.4 59 5.8
      vertex 89.4 60.3333 3.6
      vertex 88.0667 60.3333 3.6
    endloop
  endfacet
  facet normal -1 0 0
    outer loop
      vertex 88 49 42.38
      vertex 88 59 42.4
      vertex 88 59 42.38
    endloop
  endfacet
  facet normal -1 -0 0
    outer loop
      vertex 88 59 42.4
      vertex 88 49 42.38
      vertex 88 49 42.4
    endloop
  endfacet
  facet normal -0.747932 0 -0.663775
    outer loop
      vertex 89.4 49 40.8025
      vertex 88 59 42.38
      vertex 89.4 59 40.8025
    endloop
  endfacet
  facet normal -0.747932 -0 -0.663775
    outer loop
      vertex 88 59 42.38
      vertex 89.4 49 40.8025
      vertex 88 49 42.38
    endloop
  endfacet
  facet normal 0 0 -1
    outer loop
      vertex 87.2 49 42.4
      vertex 88 59 42.4
      vertex 88 49 42.4
    endloop
  endfacet
  facet normal -0 0 -1
    outer loop
      vertex 88 59 42.4
      vertex 87.2 49 42.4
      vertex 87.2 59 42.4
    endloop
  endfacet
  facet normal -0 0 1
    outer loop
      vertex 88.2 59 43.8
      vertex 89.4 49 43.8
      vertex 89.4 59 43.8
    endloop
  endfacet
  facet normal 0 0 1
    outer loop
      vertex 89.4 49 43.8
      vertex 88.2 59 43.8
      vertex 88.2 49 43.8
    endloop
  endfacet
  facet normal -1 0 0
    outer loop
      vertex 87.2 49 42.4
      vertex 87.2 59 42.8
      vertex 87.2 59 42.4
    endloop
  endfacet
  facet normal -1 -0 0
    outer loop
      vertex 87.2 59 42.8
      vertex 87.2 49 42.4
      vertex 87.2 49 42.8
    endloop
  endfacet
  facet normal -0.707107 0 0.707107
    outer loop
      vertex 87.2 49 42.8
      vertex 88.2 59 43.8
      vertex 87.2 59 42.8
    endloop
  endfacet
  facet normal -0.707107 0 0.707107
    outer loop
      vertex 88.2 59 43.8
      vertex 87.2 49 42.8
      vertex 88.2 49 43.8
    endloop
  endfacet
  facet normal -1 0 0
    outer loop
      vertex 48 7 3.6
      vertex 48 10 42
      vertex 48 10 3.6
    endloop
  endfacet
  facet normal -1 -0 0
    outer loop
      vertex 48 10 42
      vertex 48 7 3.6
      vertex 48 7 42
    endloop
  endfacet
  facet normal -0 0 1
    outer loop
      vertex 48 10 42
      vertex 52 7 42
      vertex 52 10 42
    endloop
  endfacet
  facet normal 0 0 1
    outer loop
      vertex 52 7 42
      vertex 48 10 42
      vertex 48 7 42
    endloop
  endfacet
  facet normal 1 -0 0
    outer loop
      vertex 52 7 42
      vertex 52 10 3.6
      vertex 52 10 42
    endloop
  endfacet
  facet normal 1 0 0
    outer loop
      vertex 52 10 3.6
      vertex 52 7 42
      vertex 52 7 3.6
    endloop
  endfacet
  facet normal 0 -1 0
    outer loop
      vertex 48 7 3.6
      vertex 52 7 42
      vertex 48 7 42
    endloop
  endfacet
  facet normal 0 -1 -0
    outer loop
      vertex 52 7 42
      vertex 48 7 3.6
      vertex 52 7 3.6
    endloop
  endfacet
  facet normal 0 1 -0
    outer loop
      vertex 52 10 3.6
      vertex 48 10 42
      vertex 52 10 42
    endloop
  endfacet
  facet normal 0 1 0
    outer loop
      vertex 48 10 42
      vertex 52 10 3.6
      vertex 48 10 3.6
    endloop
  endfacet
  facet normal -1 0 0
    outer loop
      vertex 84 7 3.6
      vertex 84 10 42
      vertex 84 10 3.6
    endloop
  endfacet
  facet normal -1 -0 0
    outer loop
      vertex 84 10 42
      vertex 84 7 3.6
      vertex 84 7 42
    endloop
  endfacet
  facet normal -0 0 1
    outer loop
      vertex 84 10 42
      vertex 88 7 42
      vertex 88 10 42
    endloop
  endfacet
  facet normal 0 0 1
    outer loop
      vertex 88 7 42
      vertex 84 10 42
      vertex 84 7 42
    endloop
  endfacet
  facet normal -1 0 0
    outer loop
      vertex 88 4 3.6
      vertex 88 7 8
      vertex 88 7 3.6
    endloop
  endfacet
  facet normal -1 -0 0
    outer loop
      vertex 88 7 8
      vertex 88 4 3.6
      vertex 88 4 8
    endloop
  endfacet
  facet normal 1 -0 0
    outer loop
      vertex 88 7 42
      vertex 88 10 8
      vertex 88 10 42
    endloop
  endfacet
  facet normal 1 0 0
    outer loop
      vertex 88 10 8
      vertex 88 7 42
      vertex 88 7 8
    endloop
  endfacet
  facet normal 0 1 0
    outer loop
      vertex 89.4 10 6.66666
      vertex 92 10 8
      vertex 92 10 6.66666
    endloop
  endfacet
  facet normal 0 1 -0
    outer loop
      vertex 88 10 8
      vertex 84 10 42
      vertex 88 10 42
    endloop
  endfacet
  facet normal 0 1 0
    outer loop
      vertex 92 10 8
      vertex 89.4 10 6.66666
      vertex 88 10 8
    endloop
  endfacet
  facet normal 0 1 0
    outer loop
      vertex 88.4 10 4.15
      vertex 89.4 10 6.66666
      vertex 89.4 10 4.15
    endloop
  endfacet
  facet normal 0 1 0
    outer loop
      vertex 89.4 10 6.66666
      vertex 88.4 10 4.15
      vertex 88 10 8
    endloop
  endfacet
  facet normal 0 1 0
    outer loop
      vertex 84 10 3.6
      vertex 88 10 8
      vertex 88.4 10 4.15
    endloop
  endfacet
  facet normal 0 1 0
    outer loop
      vertex 84 10 3.6
      vertex 88.4 10 4.15
      vertex 88.0667 10 3.6
    endloop
  endfacet
  facet normal 0 1 0
    outer loop
      vertex 88 10 8
      vertex 84 10 3.6
      vertex 84 10 42
    endloop
  endfacet
  facet normal 0 -1 0
    outer loop
      vertex 84 7 42
      vertex 88 7 8
      vertex 88 7 42
    endloop
  endfacet
  facet normal 0 -1 0
    outer loop
      vertex 84 7 3.6
      vertex 88 7 8
      vertex 84 7 42
    endloop
  endfacet
  facet normal 0 -1 -0
    outer loop
      vertex 88 7 8
      vertex 84 7 3.6
      vertex 88 7 3.6
    endloop
  endfacet
  facet normal -1 0 0
    outer loop
      vertex 60 70 3.6
      vertex 60 71.6 42
      vertex 60 71.6 3.6
    endloop
  endfacet
  facet normal -1 -0 0
    outer loop
      vertex 60 71.6 42
      vertex 60 70 3.6
      vertex 60 70 42
    endloop
  endfacet
  facet normal -0 0 1
    outer loop
      vertex 60 71.6 42
      vertex 76 70 42
      vertex 76 71.6 42
    endloop
  endfacet
  facet normal 0 0 1
    outer loop
      vertex 76 70 42
      vertex 60 71.6 42
      vertex 60 70 42
    endloop
  endfacet
  facet normal 1 -0 0
    outer loop
      vertex 76 70 42
      vertex 76 71.6 3.6
      vertex 76 71.6 42
    endloop
  endfacet
  facet normal 1 0 0
    outer loop
      vertex 76 71.6 3.6
      vertex 76 70 42
      vertex 76 70 3.6
    endloop
  endfacet
  facet normal 0 -1 0
    outer loop
      vertex 60 70 3.6
      vertex 76 70 42
      vertex 60 70 42
    endloop
  endfacet
  facet normal 0 -1 -0
    outer loop
      vertex 76 70 42
      vertex 60 70 3.6
      vertex 76 70 3.6
    endloop
  endfacet
  facet normal 0 1 -0
    outer loop
      vertex 76 71.6 3.6
      vertex 60 71.6 42
      vertex 76 71.6 42
    endloop
  endfacet
  facet normal 0 1 0
    outer loop
      vertex 60 71.6 42
      vertex 76 71.6 3.6
      vertex 60 71.6 3.6
    endloop
  endfacet
  facet normal -1 0 0
    outer loop
      vertex 2.8 30 5.8
      vertex 2.8 22 5.8
      vertex 2.8 30 23.2
    endloop
  endfacet
  facet normal -1 0 0
    outer loop
      vertex 2.8 31.3333 3.6
      vertex 2.8 22 5.8
      vertex 2.8 30 5.8
    endloop
  endfacet
  facet normal -1 0 -0
    outer loop
      vertex 2.8 22 5.8
      vertex 2.8 31.3333 3.6
      vertex 2.8 20.6667 3.6
    endloop
  endfacet
  facet normal -1 -0 0
    outer loop
      vertex 2.8 30 23.2
      vertex 2.8 22 5.8
      vertex 2.8 22 23.2
    endloop
  endfacet
  facet normal -0 0 1
    outer loop
      vertex 2.81999 30 25.8
      vertex 4.4 22 25.8
      vertex 4.4 30 25.8
    endloop
  endfacet
  facet normal 0 0 1
    outer loop
      vertex 4.4 22 25.8
      vertex 2.81999 30 25.8
      vertex 2.81999 22 25.8
    endloop
  endfacet
  facet normal 1 -0 0
    outer loop
      vertex 4.4 22 25.8
      vertex 4.4 30 5.8
      vertex 4.4 30 25.8
    endloop
  endfacet
  facet normal 1 0 0
    outer loop
      vertex 4.4 30 5.8
      vertex 4.4 22 25.8
      vertex 4.4 22 5.8
    endloop
  endfacet
  facet normal 0 1 0
    outer loop
      vertex 2.8 30 23.2
      vertex 2.81999 30 25.8
      vertex 4.4 30 25.8
    endloop
  endfacet
  facet normal 0 1 0
    outer loop
      vertex 2.81999 30 25.8
      vertex 2.8 30 23.2
      vertex 1.79999 30 24.8
    endloop
  endfacet
  facet normal 0 1 -0
    outer loop
      vertex 4.4 30 5.8
      vertex 2.8 30 23.2
      vertex 4.4 30 25.8
    endloop
  endfacet
  facet normal 0 1 0
    outer loop
      vertex 2.8 30 23.2
      vertex 4.4 30 5.8
      vertex 2.8 30 5.8
    endloop
  endfacet
  facet normal 0 1 0
    outer loop
      vertex 2.81999 30 25.82
      vertex 2.81999 30 25.8
      vertex 1.79999 30 24.8
    endloop
  endfacet
  facet normal 0 1 0
    outer loop
      vertex 1.79999 30 24.8
      vertex 2.8 30 23.2
      vertex 1.79999 30 23.2
    endloop
  endfacet
  facet normal 0 -1 0
    outer loop
      vertex 1.79999 22 24.8
      vertex 2.81999 22 25.8
      vertex 2.81999 22 25.82
    endloop
  endfacet
  facet normal 0 -1 0
    outer loop
      vertex 2.8 22 23.2
      vertex 2.81999 22 25.8
      vertex 1.79999 22 24.8
    endloop
  endfacet
  facet normal 0 -1 0
    outer loop
      vertex 2.8 22 23.2
      vertex 1.79999 22 24.8
      vertex 1.79999 22 23.2
    endloop
  endfacet
  facet normal 0 -1 -0
    outer loop
      vertex 2.81999 22 25.8
      vertex 2.8 22 23.2
      vertex 4.4 22 25.8
    endloop
  endfacet
  facet normal 0 -1 0
    outer loop
      vertex 4.4 22 5.8
      vertex 2.8 22 23.2
      vertex 2.8 22 5.8
    endloop
  endfacet
  facet normal 0 -1 0
    outer loop
      vertex 2.8 22 23.2
      vertex 4.4 22 5.8
      vertex 4.4 22 25.8
    endloop
  endfacet
  facet normal 0 -0.855204 0.518292
    outer loop
      vertex 2.8 20.6667 3.6
      vertex 4.4 22 5.8
      vertex 2.8 22 5.8
    endloop
  endfacet
  facet normal 0 -0.855204 0.518292
    outer loop
      vertex 4.4 22 5.8
      vertex 2.8 20.6667 3.6
      vertex 6.13333 20.6667 3.6
    endloop
  endfacet
  facet normal 0.785492 -0 0.618871
    outer loop
      vertex 4.4 22 5.8
      vertex 6.13333 31.3333 3.6
      vertex 4.4 30 5.8
    endloop
  endfacet
  facet normal 0.785492 0 0.618871
    outer loop
      vertex 6.13333 31.3333 3.6
      vertex 4.4 22 5.8
      vertex 6.13333 20.6667 3.6
    endloop
  endfacet
  facet normal -0 0.855204 0.518292
    outer loop
      vertex 2.8 31.3333 3.6
      vertex 4.4 30 5.8
      vertex 6.13333 31.3333 3.6
    endloop
  endfacet
  facet normal 0 0.855204 0.518292
    outer loop
      vertex 4.4 30 5.8
      vertex 2.8 31.3333 3.6
      vertex 2.8 30 5.8
    endloop
  endfacet
  facet normal 1 -0 0
    outer loop
      vertex 2.81999 22 25.82
      vertex 2.81999 30 25.8
      vertex 2.81999 30 25.82
    endloop
  endfacet
  facet normal 1 0 0
    outer loop
      vertex 2.81999 30 25.8
      vertex 2.81999 22 25.82
      vertex 2.81999 22 25.8
    endloop
  endfacet
  facet normal -0.707107 0 0.707107
    outer loop
      vertex 1.79999 22 24.8
      vertex 2.81999 30 25.82
      vertex 1.79999 30 24.8
    endloop
  endfacet
  facet normal -0.707107 0 0.707107
    outer loop
      vertex 2.81999 30 25.82
      vertex 1.79999 22 24.8
      vertex 2.81999 22 25.82
    endloop
  endfacet
  facet normal -1 0 0
    outer loop
      vertex 1.79999 22 23.2
      vertex 1.79999 30 24.8
      vertex 1.79999 30 23.2
    endloop
  endfacet
  facet normal -1 -0 0
    outer loop
      vertex 1.79999 30 24.8
      vertex 1.79999 22 23.2
      vertex 1.79999 22 24.8
    endloop
  endfacet
  facet normal 0 0 -1
    outer loop
      vertex 1.79999 22 23.2
      vertex 2.8 30 23.2
      vertex 2.8 22 23.2
    endloop
  endfacet
  facet normal -0 0 -1
    outer loop
      vertex 2.8 30 23.2
      vertex 1.79999 22 23.2
      vertex 1.79999 30 23.2
    endloop
  endfacet
  facet normal -1 0 0
    outer loop
      vertex 2.8 68 5.8
      vertex 2.8 60 5.8
      vertex 2.8 68 23.2
    endloop
  endfacet
  facet normal -1 0 0
    outer loop
      vertex 2.8 69.3333 3.6
      vertex 2.8 60 5.8
      vertex 2.8 68 5.8
    endloop
  endfacet
  facet normal -1 0 -0
    outer loop
      vertex 2.8 60 5.8
      vertex 2.8 69.3333 3.6
      vertex 2.8 58.6667 3.6
    endloop
  endfacet
  facet normal -1 -0 0
    outer loop
      vertex 2.8 68 23.2
      vertex 2.8 60 5.8
      vertex 2.8 60 23.2
    endloop
  endfacet
  facet normal -0 0 1
    outer loop
      vertex 2.81999 68 25.8
      vertex 4.4 60 25.8
      vertex 4.4 68 25.8
    endloop
  endfacet
  facet normal 0 0 1
    outer loop
      vertex 4.4 60 25.8
      vertex 2.81999 68 25.8
      vertex 2.81999 60 25.8
    endloop
  endfacet
  facet normal 1 -0 0
    outer loop
      vertex 4.4 60 25.8
      vertex 4.4 68 5.8
      vertex 4.4 68 25.8
    endloop
  endfacet
  facet normal 1 0 0
    outer loop
      vertex 4.4 68 5.8
      vertex 4.4 60 25.8
      vertex 4.4 60 5.8
    endloop
  endfacet
  facet normal 0 -1 0
    outer loop
      vertex 1.79999 60 24.8
      vertex 2.81999 60 25.8
      vertex 2.81999 60 25.82
    endloop
  endfacet
  facet normal 0 -1 0
    outer loop
      vertex 2.8 60 23.2
      vertex 2.81999 60 25.8
      vertex 1.79999 60 24.8
    endloop
  endfacet
  facet normal 0 -1 0
    outer loop
      vertex 2.8 60 23.2
      vertex 1.79999 60 24.8
      vertex 1.79999 60 23.2
    endloop
  endfacet
  facet normal 0 -1 -0
    outer loop
      vertex 2.81999 60 25.8
      vertex 2.8 60 23.2
      vertex 4.4 60 25.8
    endloop
  endfacet
  facet normal 0 -1 0
    outer loop
      vertex 4.4 60 5.8
      vertex 2.8 60 23.2
      vertex 2.8 60 5.8
    endloop
  endfacet
  facet normal 0 -1 0
    outer loop
      vertex 2.8 60 23.2
      vertex 4.4 60 5.8
      vertex 4.4 60 25.8
    endloop
  endfacet
  facet normal 0 1 0
    outer loop
      vertex 2.8 68 23.2
      vertex 2.81999 68 25.8
      vertex 4.4 68 25.8
    endloop
  endfacet
  facet normal 0 1 0
    outer loop
      vertex 2.81999 68 25.8
      vertex 2.8 68 23.2
      vertex 1.79999 68 24.8
    endloop
  endfacet
  facet normal 0 1 -0
    outer loop
      vertex 4.4 68 5.8
      vertex 2.8 68 23.2
      vertex 4.4 68 25.8
    endloop
  endfacet
  facet normal 0 1 0
    outer loop
      vertex 2.8 68 23.2
      vertex 4.4 68 5.8
      vertex 2.8 68 5.8
    endloop
  endfacet
  facet normal 0 1 0
    outer loop
      vertex 2.81999 68 25.82
      vertex 2.81999 68 25.8
      vertex 1.79999 68 24.8
    endloop
  endfacet
  facet normal 0 1 0
    outer loop
      vertex 1.79999 68 24.8
      vertex 2.8 68 23.2
      vertex 1.79999 68 23.2
    endloop
  endfacet
  facet normal 0 -0.855204 0.518292
    outer loop
      vertex 2.8 58.6667 3.6
      vertex 4.4 60 5.8
      vertex 2.8 60 5.8
    endloop
  endfacet
  facet normal 0.000102942 -0.855168 0.518351
    outer loop
      vertex 4.4 60 5.8
      vertex 6 58.7273 3.7
      vertex 6.02985 58.7463 3.73134
    endloop
  endfacet
  facet normal -1.24303e-06 -0.855203 0.518293
    outer loop
      vertex 4.4 60 5.8
      vertex 2.8 58.6667 3.6
      vertex 6 58.7273 3.7
    endloop
  endfacet
  facet normal 0 -0.855221 0.518264
    outer loop
      vertex 6 58.7273 3.7
      vertex 2.8 58.6667 3.6
      vertex 6 58.6667 3.6
    endloop
  endfacet
  facet normal 0.785477 -0.000438571 0.618891
    outer loop
      vertex 4.4 60 5.8
      vertex 6.02985 59.8481 3.73134
      vertex 6.05455 59.86 3.7
    endloop
  endfacet
  facet normal 0.785492 0 0.618871
    outer loop
      vertex 6.02985 59.8481 3.73134
      vertex 4.4 60 5.8
      vertex 6.02985 58.7463 3.73134
    endloop
  endfacet
  facet normal 0.785491 0 0.618873
    outer loop
      vertex 6.05455 59.86 3.7
      vertex 4.4 68 5.8
      vertex 4.4 60 5.8
    endloop
  endfacet
  facet normal 0.785522 1.64052e-05 0.618834
    outer loop
      vertex 6.13333 59.86 3.6
      vertex 4.4 68 5.8
      vertex 6.05455 59.86 3.7
    endloop
  endfacet
  facet normal 0.785492 0 0.618871
    outer loop
      vertex 4.4 68 5.8
      vertex 6.13333 59.86 3.6
      vertex 6.13333 69.3333 3.6
    endloop
  endfacet
  facet normal -0 0.855204 0.518292
    outer loop
      vertex 2.8 69.3333 3.6
      vertex 4.4 68 5.8
      vertex 6.13333 69.3333 3.6
    endloop
  endfacet
  facet normal 0 0.855204 0.518292
    outer loop
      vertex 4.4 68 5.8
      vertex 2.8 69.3333 3.6
      vertex 2.8 68 5.8
    endloop
  endfacet
  facet normal 1 -0 0
    outer loop
      vertex 2.81999 60 25.82
      vertex 2.81999 68 25.8
      vertex 2.81999 68 25.82
    endloop
  endfacet
  facet normal 1 0 0
    outer loop
      vertex 2.81999 68 25.8
      vertex 2.81999 60 25.82
      vertex 2.81999 60 25.8
    endloop
  endfacet
  facet normal -0.707107 0 0.707107
    outer loop
      vertex 1.79999 60 24.8
      vertex 2.81999 68 25.82
      vertex 1.79999 68 24.8
    endloop
  endfacet
  facet normal -0.707107 0 0.707107
    outer loop
      vertex 2.81999 68 25.82
      vertex 1.79999 60 24.8
      vertex 2.81999 60 25.82
    endloop
  endfacet
  facet normal -1 0 0
    outer loop
      vertex 1.79999 60 23.2
      vertex 1.79999 68 24.8
      vertex 1.79999 68 23.2
    endloop
  endfacet
  facet normal -1 -0 0
    outer loop
      vertex 1.79999 68 24.8
      vertex 1.79999 60 23.2
      vertex 1.79999 60 24.8
    endloop
  endfacet
  facet normal 0 0 -1
    outer loop
      vertex 1.79999 60 23.2
      vertex 2.8 68 23.2
      vertex 2.8 60 23.2
    endloop
  endfacet
  facet normal -0 0 -1
    outer loop
      vertex 2.8 68 23.2
      vertex 1.79999 60 23.2
      vertex 1.79999 68 23.2
    endloop
  endfacet
  facet normal 1 0 0
    outer loop
      vertex 93.2 30 23.2
      vertex 93.2 22 23.2
      vertex 93.2 30 5.8
    endloop
  endfacet
  facet normal 1 0 0
    outer loop
      vertex 93.2 22 5.8
      vertex 93.2 30 5.8
      vertex 93.2 22 23.2
    endloop
  endfacet
  facet normal 1 -0 0
    outer loop
      vertex 93.2 22 5.8
      vertex 93.2 31.3333 3.6
      vertex 93.2 30 5.8
    endloop
  endfacet
  facet normal 1 0 0
    outer loop
      vertex 93.2 31.3333 3.6
      vertex 93.2 22 5.8
      vertex 93.2 20.6667 3.6
    endloop
  endfacet
  facet normal -0 0 1
    outer loop
      vertex 91.6 30 25.8
      vertex 93.18 22 25.8
      vertex 93.18 30 25.8
    endloop
  endfacet
  facet normal 0 0 1
    outer loop
      vertex 93.18 22 25.8
      vertex 91.6 30 25.8
      vertex 91.6 22 25.8
    endloop
  endfacet
  facet normal -1 0 0
    outer loop
      vertex 91.6 22 6.66666
      vertex 91.6 30 5.8
      vertex 91.6 22.78 5.8
    endloop
  endfacet
  facet normal -1 0 0
    outer loop
      vertex 91.6 30 5.8
      vertex 91.6 22 6.66666
      vertex 91.6 30 25.8
    endloop
  endfacet
  facet normal -1 -0 0
    outer loop
      vertex 91.6 30 25.8
      vertex 91.6 22 6.66666
      vertex 91.6 22 25.8
    endloop
  endfacet
  facet normal 0 1 0
    outer loop
      vertex 94.2 30 24.8
      vertex 93.18 30 25.8
      vertex 93.18 30 25.82
    endloop
  endfacet
  facet normal 0 1 -0
    outer loop
      vertex 93.2 30 23.2
      vertex 93.18 30 25.8
      vertex 94.2 30 24.8
    endloop
  endfacet
  facet normal 0 1 0
    outer loop
      vertex 93.2 30 23.2
      vertex 94.2 30 24.8
      vertex 94.2 30 23.2
    endloop
  endfacet
  facet normal 0 1 0
    outer loop
      vertex 93.18 30 25.8
      vertex 93.2 30 23.2
      vertex 91.6 30 25.8
    endloop
  endfacet
  facet normal 0 1 0
    outer loop
      vertex 91.6 30 5.8
      vertex 93.2 30 23.2
      vertex 93.2 30 5.8
    endloop
  endfacet
  facet normal 0 1 0
    outer loop
      vertex 93.2 30 23.2
      vertex 91.6 30 5.8
      vertex 91.6 30 25.8
    endloop
  endfacet
  facet normal 0 -1 0
    outer loop
      vertex 93.2 22 23.2
      vertex 93.18 22 25.8
      vertex 91.6 22 25.8
    endloop
  endfacet
  facet normal 0 -1 0
    outer loop
      vertex 93.18 22 25.8
      vertex 93.2 22 23.2
      vertex 94.2 22 24.8
    endloop
  endfacet
  facet normal 0 -1 0
    outer loop
      vertex 91.6 22 6.66666
      vertex 93.2 22 23.2
      vertex 91.6 22 25.8
    endloop
  endfacet
  facet normal 0 -1 0
    outer loop
      vertex 92.6 22 6.66666
      vertex 93.2 22 23.2
      vertex 91.6 22 6.66666
    endloop
  endfacet
  facet normal 0 -1 0
    outer loop
      vertex 93.2 22 5.8
      vertex 92.6 22 6.66666
      vertex 92.6 22 5.8
    endloop
  endfacet
  facet normal 0 -1 0
    outer loop
      vertex 92.6 22 6.66666
      vertex 93.2 22 5.8
      vertex 93.2 22 23.2
    endloop
  endfacet
  facet normal 0 -1 0
    outer loop
      vertex 93.18 22 25.82
      vertex 93.18 22 25.8
      vertex 94.2 22 24.8
    endloop
  endfacet
  facet normal 0 -1 -0
    outer loop
      vertex 94.2 22 24.8
      vertex 93.2 22 23.2
      vertex 94.2 22 23.2
    endloop
  endfacet
  facet normal 0 -0.855221 0.518264
    outer loop
      vertex 92.4474 21 4.15
      vertex 92.4928 20.6667 3.6
      vertex 92.6 21 4.15
    endloop
  endfacet
  facet normal 0 -0.855198 0.518302
    outer loop
      vertex 92.6 21 4.15
      vertex 93.2 22 5.8
      vertex 92.6 22 5.8
    endloop
  endfacet
  facet normal 0 -0.855221 0.518264
    outer loop
      vertex 93.2 20.6667 3.6
      vertex 92.6 21 4.15
      vertex 92.4928 20.6667 3.6
    endloop
  endfacet
  facet normal 3.56335e-05 -0.855204 0.518292
    outer loop
      vertex 92.6 21 4.15
      vertex 93.2 20.6667 3.6
      vertex 93.2 22 5.8
    endloop
  endfacet
  facet normal -0.785497 0 0.618865
    outer loop
      vertex 89.8667 24.5 3.6
      vertex 91.6 30 5.8
      vertex 89.8667 31.3333 3.6
    endloop
  endfacet
  facet normal -0.785534 2.97551e-05 0.618819
    outer loop
      vertex 90.1818 24.3 4
      vertex 91.6 30 5.8
      vertex 89.8667 24.5 3.6
    endloop
  endfacet
  facet normal -0.785484 -2.20024e-06 0.618881
    outer loop
      vertex 90.9697 23.5 5
      vertex 91.6 30 5.8
      vertex 90.1818 24.3 4
    endloop
  endfacet
  facet normal -0.785493 0 0.61887
    outer loop
      vertex 91.6 30 5.8
      vertex 90.9697 23.5 5
      vertex 91.6 22.78 5.8
    endloop
  endfacet
  facet normal 0 0.855204 0.518292
    outer loop
      vertex 93.2 31.3333 3.6
      vertex 91.6 30 5.8
      vertex 93.2 30 5.8
    endloop
  endfacet
  facet normal 0 0.855204 0.518292
    outer loop
      vertex 91.6 30 5.8
      vertex 93.2 31.3333 3.6
      vertex 89.8667 31.3333 3.6
    endloop
  endfacet
  facet normal -1 0 0
    outer loop
      vertex 93.18 22 25.8
      vertex 93.18 30 25.82
      vertex 93.18 30 25.8
    endloop
  endfacet
  facet normal -1 -0 0
    outer loop
      vertex 93.18 30 25.82
      vertex 93.18 22 25.8
      vertex 93.18 22 25.82
    endloop
  endfacet
  facet normal 0.707107 -0 0.707107
    outer loop
      vertex 93.18 22 25.82
      vertex 94.2 30 24.8
      vertex 93.18 30 25.82
    endloop
  endfacet
  facet normal 0.707107 0 0.707107
    outer loop
      vertex 94.2 30 24.8
      vertex 93.18 22 25.82
      vertex 94.2 22 24.8
    endloop
  endfacet
  facet normal 1 -0 0
    outer loop
      vertex 94.2 22 24.8
      vertex 94.2 30 23.2
      vertex 94.2 30 24.8
    endloop
  endfacet
  facet normal 1 0 0
    outer loop
      vertex 94.2 30 23.2
      vertex 94.2 22 24.8
      vertex 94.2 22 23.2
    endloop
  endfacet
  facet normal 0 0 -1
    outer loop
      vertex 93.2 22 23.2
      vertex 94.2 30 23.2
      vertex 94.2 22 23.2
    endloop
  endfacet
  facet normal -0 0 -1
    outer loop
      vertex 94.2 30 23.2
      vertex 93.2 22 23.2
      vertex 93.2 30 23.2
    endloop
  endfacet
  facet normal 1 0 0
    outer loop
      vertex 93.2 68 23.2
      vertex 93.2 60 23.2
      vertex 93.2 68 5.8
    endloop
  endfacet
  facet normal 1 0 0
    outer loop
      vertex 93.2 60 5.8
      vertex 93.2 68 5.8
      vertex 93.2 60 23.2
    endloop
  endfacet
  facet normal 1 -0 0
    outer loop
      vertex 93.2 60 5.8
      vertex 93.2 69.3333 3.6
      vertex 93.2 68 5.8
    endloop
  endfacet
  facet normal 1 0 0
    outer loop
      vertex 93.2 69.3333 3.6
      vertex 93.2 60 5.8
      vertex 93.2 58.6667 3.6
    endloop
  endfacet
  facet normal -0 0 1
    outer loop
      vertex 91.6 68 25.8
      vertex 93.18 60 25.8
      vertex 93.18 68 25.8
    endloop
  endfacet
  facet normal 0 0 1
    outer loop
      vertex 93.18 60 25.8
      vertex 91.6 68 25.8
      vertex 91.6 60 25.8
    endloop
  endfacet
  facet normal -1 0 0
    outer loop
      vertex 91.6 60 6.66666
      vertex 91.6 68 5.8
      vertex 91.6 60.78 5.8
    endloop
  endfacet
  facet normal -1 0 0
    outer loop
      vertex 91.6 68 5.8
      vertex 91.6 60 6.66666
      vertex 91.6 68 25.8
    endloop
  endfacet
  facet normal -1 -0 0
    outer loop
      vertex 91.6 68 25.8
      vertex 91.6 60 6.66666
      vertex 91.6 60 25.8
    endloop
  endfacet
  facet normal 0 -1 0
    outer loop
      vertex 93.2 60 23.2
      vertex 93.18 60 25.8
      vertex 91.6 60 25.8
    endloop
  endfacet
  facet normal 0 -1 0
    outer loop
      vertex 93.18 60 25.8
      vertex 93.2 60 23.2
      vertex 94.2 60 24.8
    endloop
  endfacet
  facet normal 0 -1 0
    outer loop
      vertex 91.6 60 6.66666
      vertex 93.2 60 23.2
      vertex 91.6 60 25.8
    endloop
  endfacet
  facet normal 0 -1 0
    outer loop
      vertex 92.6 60 6.66666
      vertex 93.2 60 23.2
      vertex 91.6 60 6.66666
    endloop
  endfacet
  facet normal 0 -1 0
    outer loop
      vertex 93.2 60 5.8
      vertex 92.6 60 6.66666
      vertex 92.6 60 5.8
    endloop
  endfacet
  facet normal 0 -1 0
    outer loop
      vertex 92.6 60 6.66666
      vertex 93.2 60 5.8
      vertex 93.2 60 23.2
    endloop
  endfacet
  facet normal 0 -1 0
    outer loop
      vertex 93.18 60 25.82
      vertex 93.18 60 25.8
      vertex 94.2 60 24.8
    endloop
  endfacet
  facet normal 0 -1 -0
    outer loop
      vertex 94.2 60 24.8
      vertex 93.2 60 23.2
      vertex 94.2 60 23.2
    endloop
  endfacet
  facet normal 0 1 0
    outer loop
      vertex 94.2 68 24.8
      vertex 93.18 68 25.8
      vertex 93.18 68 25.82
    endloop
  endfacet
  facet normal 0 1 -0
    outer loop
      vertex 93.2 68 23.2
      vertex 93.18 68 25.8
      vertex 94.2 68 24.8
    endloop
  endfacet
  facet normal 0 1 0
    outer loop
      vertex 93.2 68 23.2
      vertex 94.2 68 24.8
      vertex 94.2 68 23.2
    endloop
  endfacet
  facet normal 0 1 0
    outer loop
      vertex 93.18 68 25.8
      vertex 93.2 68 23.2
      vertex 91.6 68 25.8
    endloop
  endfacet
  facet normal 0 1 0
    outer loop
      vertex 91.6 68 5.8
      vertex 93.2 68 23.2
      vertex 93.2 68 5.8
    endloop
  endfacet
  facet normal 0 1 0
    outer loop
      vertex 93.2 68 23.2
      vertex 91.6 68 5.8
      vertex 91.6 68 25.8
    endloop
  endfacet
  facet normal 0 -0.855221 0.518264
    outer loop
      vertex 92.4474 59 4.15
      vertex 92.4928 58.6667 3.6
      vertex 92.6 59 4.15
    endloop
  endfacet
  facet normal 0 -0.855198 0.518302
    outer loop
      vertex 92.6 59 4.15
      vertex 93.2 60 5.8
      vertex 92.6 60 5.8
    endloop
  endfacet
  facet normal 0 -0.855221 0.518264
    outer loop
      vertex 93.2 58.6667 3.6
      vertex 92.6 59 4.15
      vertex 92.4928 58.6667 3.6
    endloop
  endfacet
  facet normal 3.56335e-05 -0.855204 0.518292
    outer loop
      vertex 92.6 59 4.15
      vertex 93.2 58.6667 3.6
      vertex 93.2 60 5.8
    endloop
  endfacet
  facet normal -0.785566 0 0.618778
    outer loop
      vertex 89.8667 64 3.6
      vertex 89.8667 62.5 3.6
      vertex 90 64 3.76923
    endloop
  endfacet
  facet normal -0.785492 0 0.618872
    outer loop
      vertex 90 64 3.76923
      vertex 91.6 68 5.8
      vertex 90 69.2308 3.76923
    endloop
  endfacet
  facet normal -0.785542 -5.41957e-06 0.618808
    outer loop
      vertex 90.1818 62.3 4
      vertex 90 64 3.76923
      vertex 89.8667 62.5 3.6
    endloop
  endfacet
  facet normal -0.785479 1.22758e-05 0.618889
    outer loop
      vertex 90.9697 61.5 5
      vertex 90 64 3.76923
      vertex 90.1818 62.3 4
    endloop
  endfacet
  facet normal -0.785491 -4.45295e-07 0.618873
    outer loop
      vertex 90 64 3.76923
      vertex 90.9697 61.5 5
      vertex 91.6 68 5.8
    endloop
  endfacet
  facet normal -0.785493 0 0.61887
    outer loop
      vertex 91.6 68 5.8
      vertex 90.9697 61.5 5
      vertex 91.6 60.78 5.8
    endloop
  endfacet
  facet normal 0 0.855204 0.518292
    outer loop
      vertex 93.2 69.3333 3.6
      vertex 91.6 68 5.8
      vertex 93.2 68 5.8
    endloop
  endfacet
  facet normal 1.69744e-05 0.855198 0.518301
    outer loop
      vertex 91.6 68 5.8
      vertex 93.2 69.3333 3.6
      vertex 90 69.2308 3.76923
    endloop
  endfacet
  facet normal 0 0.85534 0.518066
    outer loop
      vertex 90 69.2308 3.76923
      vertex 93.2 69.3333 3.6
      vertex 90 69.3333 3.6
    endloop
  endfacet
  facet normal -1 0 0
    outer loop
      vertex 93.18 60 25.8
      vertex 93.18 68 25.82
      vertex 93.18 68 25.8
    endloop
  endfacet
  facet normal -1 -0 0
    outer loop
      vertex 93.18 68 25.82
      vertex 93.18 60 25.8
      vertex 93.18 60 25.82
    endloop
  endfacet
  facet normal 0.707107 -0 0.707107
    outer loop
      vertex 93.18 60 25.82
      vertex 94.2 68 24.8
      vertex 93.18 68 25.82
    endloop
  endfacet
  facet normal 0.707107 0 0.707107
    outer loop
      vertex 94.2 68 24.8
      vertex 93.18 60 25.82
      vertex 94.2 60 24.8
    endloop
  endfacet
  facet normal 1 -0 0
    outer loop
      vertex 94.2 60 24.8
      vertex 94.2 68 23.2
      vertex 94.2 68 24.8
    endloop
  endfacet
  facet normal 1 0 0
    outer loop
      vertex 94.2 68 23.2
      vertex 94.2 60 24.8
      vertex 94.2 60 23.2
    endloop
  endfacet
  facet normal 0 0 -1
    outer loop
      vertex 93.2 60 23.2
      vertex 94.2 68 23.2
      vertex 94.2 60 23.2
    endloop
  endfacet
  facet normal -0 0 -1
    outer loop
      vertex 94.2 68 23.2
      vertex 93.2 60 23.2
      vertex 93.2 68 23.2
    endloop
  endfacet
  facet normal -1 0 0
    outer loop
      vertex 4 4 3.6
      vertex 4 10 8
      vertex 4 10 3.6
    endloop
  endfacet
  facet normal -1 -0 0
    outer loop
      vertex 4 10 8
      vertex 4 4 3.6
      vertex 4 4 8
    endloop
  endfacet
  facet normal -0 0 1
    outer loop
      vertex 4 10 8
      vertex 8 5.6 8
      vertex 8 10 8
    endloop
  endfacet
  facet normal 0 0 1
    outer loop
      vertex 4 4 8
      vertex 8 5.6 8
      vertex 4 10 8
    endloop
  endfacet
  facet normal 0 0 1
    outer loop
      vertex 8 5.6 8
      vertex 4 4 8
      vertex 8 4 8
    endloop
  endfacet
  facet normal 0 1 -0
    outer loop
      vertex 8 10 3.6
      vertex 4 10 8
      vertex 8 10 8
    endloop
  endfacet
  facet normal 0 1 0
    outer loop
      vertex 4 10 8
      vertex 8 10 3.6
      vertex 4 10 3.6
    endloop
  endfacet
  facet normal 0 -1 0
    outer loop
      vertex 4 4 8
      vertex 8 4 5.8
      vertex 8 4 8
    endloop
  endfacet
  facet normal 0 -1 0
    outer loop
      vertex 4 4 8
      vertex 6 4 3.7
      vertex 8 4 5.8
    endloop
  endfacet
  facet normal 0 -1 0
    outer loop
      vertex 4 4 3.6
      vertex 6 4 3.7
      vertex 4 4 8
    endloop
  endfacet
  facet normal 0 -1 -0
    outer loop
      vertex 6 4 3.7
      vertex 4 4 3.6
      vertex 6 4 3.6
    endloop
  endfacet
  facet normal -1 0 0
    outer loop
      vertex 4 72 3.6
      vertex 4 78 8
      vertex 4 78 3.6
    endloop
  endfacet
  facet normal -1 -0 0
    outer loop
      vertex 4 78 8
      vertex 4 72 3.6
      vertex 4 72 8
    endloop
  endfacet
  facet normal -0 0 1
    outer loop
      vertex 4 78 8
      vertex 8 72 8
      vertex 8 78 8
    endloop
  endfacet
  facet normal 0 0 1
    outer loop
      vertex 8 72 8
      vertex 4 78 8
      vertex 4 72 8
    endloop
  endfacet
  facet normal 1 -0 0
    outer loop
      vertex 8 72 8
      vertex 8 78 3.6
      vertex 8 78 8
    endloop
  endfacet
  facet normal 1 0 0
    outer loop
      vertex 8 78 3.6
      vertex 8 72 8
      vertex 8 72 3.6
    endloop
  endfacet
  facet normal 0 -1 0
    outer loop
      vertex 4 72 3.6
      vertex 8 72 8
      vertex 4 72 8
    endloop
  endfacet
  facet normal 0 -1 -0
    outer loop
      vertex 8 72 8
      vertex 4 72 3.6
      vertex 8 72 3.6
    endloop
  endfacet
  facet normal 0 1 -0
    outer loop
      vertex 8 78 3.6
      vertex 4 78 8
      vertex 8 78 8
    endloop
  endfacet
  facet normal 0 1 0
    outer loop
      vertex 4 78 8
      vertex 8 78 3.6
      vertex 4 78 3.6
    endloop
  endfacet
  facet normal 0 0 1
    outer loop
      vertex 88 7 8
      vertex 92 10 8
      vertex 88 10 8
    endloop
  endfacet
  facet normal 0 0 1
    outer loop
      vertex 92 10 8
      vertex 88 7 8
      vertex 92 4 8
    endloop
  endfacet
  facet normal 0 0 1
    outer loop
      vertex 92 4 8
      vertex 88 7 8
      vertex 88 4 8
    endloop
  endfacet
  facet normal 1 0 0
    outer loop
      vertex 92 10 8
      vertex 92 8.5 5
      vertex 92 10 6.66666
    endloop
  endfacet
  facet normal 1 -0 0
    outer loop
      vertex 92 4 8
      vertex 92 8.5 5
      vertex 92 10 8
    endloop
  endfacet
  facet normal 1 0 0
    outer loop
      vertex 92 8.5 5
      vertex 92 4 8
      vertex 92 7.70001 4
    endloop
  endfacet
  facet normal 1 0 0
    outer loop
      vertex 92 4 3.6
      vertex 92 7.70001 4
      vertex 92 4 8
    endloop
  endfacet
  facet normal 1 0 0
    outer loop
      vertex 92 7.70001 4
      vertex 92 4 3.6
      vertex 92 7.50001 3.6
    endloop
  endfacet
  facet normal 0 -1 0
    outer loop
      vertex 88 4 3.6
      vertex 92 4 8
      vertex 88 4 8
    endloop
  endfacet
  facet normal 0 -1 -0
    outer loop
      vertex 92 4 8
      vertex 88 4 3.6
      vertex 92 4 3.6
    endloop
  endfacet
  facet normal -1 0 0
    outer loop
      vertex 88 72 3.6
      vertex 88 78 8
      vertex 88 78 3.6
    endloop
  endfacet
  facet normal -1 -0 0
    outer loop
      vertex 88 78 8
      vertex 88 72 3.6
      vertex 88 72 8
    endloop
  endfacet
  facet normal -0 0 1
    outer loop
      vertex 88 78 8
      vertex 92 72 8
      vertex 92 78 8
    endloop
  endfacet
  facet normal 0 0 1
    outer loop
      vertex 92 72 8
      vertex 88 78 8
      vertex 88 72 8
    endloop
  endfacet
  facet normal 1 -0 0
    outer loop
      vertex 92 72 8
      vertex 92 78 3.6
      vertex 92 78 8
    endloop
  endfacet
  facet normal 1 0 0
    outer loop
      vertex 92 78 3.6
      vertex 92 72 8
      vertex 92 72 3.6
    endloop
  endfacet
  facet normal 0 -1 0
    outer loop
      vertex 88 72 3.6
      vertex 92 72 8
      vertex 88 72 8
    endloop
  endfacet
  facet normal 0 -1 -0
    outer loop
      vertex 92 72 8
      vertex 88 72 3.6
      vertex 92 72 3.6
    endloop
  endfacet
  facet normal 0 1 -0
    outer loop
      vertex 92 78 3.6
      vertex 88 78 8
      vertex 92 78 8
    endloop
  endfacet
  facet normal 0 1 0
    outer loop
      vertex 88 78 8
      vertex 92 78 3.6
      vertex 88 78 3.6
    endloop
  endfacet
  facet normal -1 0 0
    outer loop
      vertex 10.35 2.39998 4.4
      vertex 10.35 2.4 4.38
      vertex 10.35 2.39998 4.38
    endloop
  endfacet
  facet normal -1 0 0
    outer loop
      vertex 10.35 2.4 4.38
      vertex 10.35 2.39998 4.4
      vertex 10.35 2.4 14
    endloop
  endfacet
  facet normal -1 0 0
    outer loop
      vertex 10.35 0 4.4
      vertex 10.35 2.4 14
      vertex 10.35 2.39998 4.4
    endloop
  endfacet
  facet normal -1 -0 0
    outer loop
      vertex 10.35 2.4 14
      vertex 10.35 0 4.4
      vertex 10.35 0 14
    endloop
  endfacet
  facet normal -0 0 1
    outer loop
      vertex 10.35 2.4 14
      vertex 37.65 0 14
      vertex 37.65 2.4 14
    endloop
  endfacet
  facet normal 0 0 1
    outer loop
      vertex 37.65 0 14
      vertex 10.35 2.4 14
      vertex 10.35 0 14
    endloop
  endfacet
  facet normal 1 0 0
    outer loop
      vertex 37.65 2.4 14
      vertex 37.65 2.39998 4.4
      vertex 37.65 2.4 4.38
    endloop
  endfacet
  facet normal 1 -0 0
    outer loop
      vertex 37.65 0 14
      vertex 37.65 2.39998 4.4
      vertex 37.65 2.4 14
    endloop
  endfacet
  facet normal 1 0 0
    outer loop
      vertex 37.65 2.39998 4.4
      vertex 37.65 0 14
      vertex 37.65 0 4.4
    endloop
  endfacet
  facet normal 1 0 0
    outer loop
      vertex 37.65 2.4 4.38
      vertex 37.65 2.39998 4.4
      vertex 37.65 2.39998 4.38
    endloop
  endfacet
  facet normal 0 1 -0
    outer loop
      vertex 37.65 2.4 4.38
      vertex 10.35 2.4 14
      vertex 37.65 2.4 14
    endloop
  endfacet
  facet normal 0 1 0
    outer loop
      vertex 10.35 2.4 14
      vertex 37.65 2.4 4.38
      vertex 10.35 2.4 4.38
    endloop
  endfacet
  facet normal 0 0 -1
    outer loop
      vertex 10.35 2.39998 4.38
      vertex 37.65 2.4 4.38
      vertex 37.65 2.39998 4.38
    endloop
  endfacet
  facet normal -0 0 -1
    outer loop
      vertex 37.65 2.4 4.38
      vertex 10.35 2.39998 4.38
      vertex 10.35 2.4 4.38
    endloop
  endfacet
endsolid OpenSCAD_Model
